Order_ID,Customer_ID,Product_ID,Order_Date,Quantity,Unit_Price,Discount_Applied,Revenue,Profit,Payment_Method,Delivery_Type,Shipping_Cost,Delivery_Days,Order_Status,Return_Status,Customer_Rating
O00001,C0436,P0018,2026-05-06,5,1528,611.2,7028.8,1631.8,Cash on Delivery,Express,157,2,Delivered,No Return,3
O00002,C0404,P0059,2026-01-21,1,7395,443.7,6951.3,1876.3,UPI,Express,122,3,Delivered,No Return,2
O00003,C0364,P0067,2025-05-30,1,2552,127.6,2424.4,830.4,Credit Card,Standard,83,3,Returned,Returned,1
O00004,C0057,P0112,2026-04-30,7,4468,1563.8,29712.2,10443.2,Credit Card,Standard,61,4,Delivered,No Return,1
O00005,C0304,P0027,2025-11-11,3,831,49.86,2443.14,947.14,Debit Card,Standard,89,6,Delivered,No Return,2
O00006,C0022,P0063,2025-10-08,7,1723,844.27,11216.73,4100.73,Net Banking,Express,102,3,Delivered,No Return,5
O00007,C0166,P0120,2025-10-13,3,3123,468.45,8900.55,2029.55,Cash on Delivery,Standard,43,6,Delivered,No Return,2
O00008,C0191,P0064,2025-09-17,2,6488,1427.36,11548.64,3281.64,Cash on Delivery,Express,157,2,Delivered,No Return,2
O00009,C0492,P0018,2025-07-04,9,1528,1100.16,12651.84,3141.84,Debit Card,Standard,78,6,Delivered,No Return,5
O00010,C0066,P0076,2025-11-28,5,194,38.8,931.2,201.2,Net Banking,Standard,85,5,Delivered,No Return,5
O00011,C0461,P0161,2026-04-01,4,5000,1200.0,18800.0,7211.0,UPI,Standard,89,3,Delivered,No Return,3
O00012,C0214,P0070,2026-01-11,3,3336,1801.44,8206.56,1735.56,Credit Card,Express,141,3,Delivered,No Return,5
O00013,C0389,P0088,2026-03-18,4,599,335.44,2060.56,168.56,Debit Card,Standard,64,4,Delivered,No Return,4
O00014,C0065,P0044,2026-04-29,1,6666,599.94,6066.0599999999995,1686.06,Net Banking,Same Day,290,1,Delivered,No Return,4
O00015,C0233,P0057,2025-08-25,5,1654,1075.1,7194.9,626.9,UPI,Standard,63,5,Cancelled,No Return,3
O00016,C0362,P0139,2025-10-14,5,7335,2200.5,34474.5,9803.5,UPI,Express,161,3,Delivered,No Return,2
O00017,C0017,P0124,2026-01-07,7,7890,4418.4,50811.6,19489.6,Debit Card,Express,109,2,Delivered,No Return,4
O00018,C0087,P0215,2025-05-31,5,3517,527.55,17057.45,3250.45,UPI,Standard,42,3,Delivered,No Return,4
O00019,C0055,P0168,2025-06-19,7,3397,5944.75,17834.25,1350.25,Cash on Delivery,Express,146,3,Delivered,No Return,2
O00020,C0091,P0185,2026-03-10,7,4506,1892.52,29649.48,5091.48,UPI,Standard,65,3,Delivered,No Return,3
O00021,C0277,P0157,2026-02-02,6,3666,1539.72,20456.28,6844.28,Credit Card,Standard,76,6,Delivered,No Return,1
O00022,C0136,P0135,2025-12-17,7,1751,980.56,11276.44,4317.44,Debit Card,Standard,78,4,Delivered,No Return,4
O00023,C0434,P0003,2026-05-16,3,1423,213.45,4055.55,714.55,UPI,Standard,83,7,Delivered,No Return,3
O00024,C0026,P0004,2025-07-24,9,2253,2027.7,18249.3,1792.3,Credit Card,Standard,68,6,Delivered,No Return,1
O00025,C0019,P0076,2025-11-10,9,194,69.84,1676.16,463.16,Cash on Delivery,Standard,52,4,Delivered,No Return,5
O00026,C0421,P0095,2025-08-31,1,2505,325.65,2179.35,257.35,Credit Card,Standard,40,4,Delivered,No Return,2
O00027,C0348,P0023,2025-12-05,3,7317,2634.12,19316.88,6183.88,Net Banking,Standard,44,6,Delivered,No Return,1
O00028,C0403,P0051,2026-05-06,4,4297,1031.28,16156.72,6212.72,Debit Card,Standard,88,6,Delivered,No Return,5
O00029,C0037,P0102,2025-11-07,8,5734,6422.08,39449.92,10296.92,Credit Card,Express,177,1,Delivered,No Return,1
O00030,C0226,P0124,2025-07-30,3,7890,1893.6,21776.4,8344.4,Net Banking,Standard,55,7,Delivered,No Return,5
O00031,C0259,P0175,2026-04-27,5,1304,912.8,5607.2,949.2,UPI,Express,173,1,Delivered,No Return,5
O00032,C0066,P0115,2025-09-17,5,1708,1793.4,6746.6,-289.4,Net Banking,Standard,51,6,Returned,Returned,2
O00033,C0268,P0032,2026-01-15,9,4088,3311.28,33480.72,9742.72,Cash on Delivery,Standard,77,6,Delivered,No Return,3
O00034,C0176,P0188,2025-12-17,4,899,1186.68,2409.3199999999997,313.32,Credit Card,Standard,68,5,Returned,Returned,1
O00035,C0147,P0080,2025-12-30,1,7630,1144.5,6485.5,2145.5,Net Banking,Standard,63,4,Delivered,No Return,5
O00036,C0389,P0039,2026-04-17,6,4933,3255.78,26342.22,9204.22,Debit Card,Standard,62,4,Delivered,No Return,5
O00037,C0095,P0153,2026-02-04,5,1099,329.7,5165.3,1382.3,Cash on Delivery,Standard,78,7,Delivered,No Return,1
O00038,C0426,P0098,2025-10-14,2,6571,1839.88,11302.119999999999,2734.12,Credit Card,Same Day,288,0,Delivered,No Return,3
O00039,C0259,P0115,2026-04-05,8,1708,2869.44,10794.56,-488.44,UPI,Express,107,3,Cancelled,No Return,3
O00040,C0096,P0025,2026-04-24,5,5276,2638.0,23742.0,8078.0,Debit Card,Standard,79,3,Delivered,No Return,4
O00041,C0010,P0033,2026-01-13,4,3673,1175.36,13516.64,1847.64,Cash on Delivery,Express,113,1,Delivered,No Return,2
O00042,C0063,P0123,2025-08-29,1,455,68.25,386.75,-222.25,Net Banking,Same Day,298,1,Cancelled,No Return,1
O00043,C0048,P0128,2025-08-27,10,2737,1368.5,26001.5,7859.5,UPI,Standard,82,4,Delivered,No Return,5
O00044,C0210,P0001,2025-10-21,1,5468,437.44,5030.56,470.56,Debit Card,Standard,81,5,Delivered,No Return,4
O00045,C0384,P0028,2025-06-25,3,6457,1355.97,18015.03,3493.03,UPI,Standard,68,5,Delivered,No Return,1
O00046,C0437,P0193,2025-06-04,9,6231,19066.86,37012.14,-5082.86,Net Banking,Standard,47,6,Delivered,No Return,2
O00047,C0057,P0037,2025-11-27,1,4335,867.0,3468.0,914.0,Credit Card,Standard,73,6,Delivered,No Return,2
O00048,C0400,P0211,2026-03-16,4,3969,1428.84,14447.16,3798.16,UPI,Standard,73,5,Delivered,No Return,2
O00049,C0163,P0143,2025-12-15,5,3320,996.0,15604.0,3312.0,Net Banking,Standard,47,3,Delivered,No Return,1
O00050,C0346,P0156,2025-06-24,9,6933,2495.88,59901.12,18951.12,Cash on Delivery,Standard,81,7,Delivered,No Return,2
O00051,C0302,P0187,2025-10-15,9,7198,1295.64,63486.36,24687.36,Net Banking,Express,117,2,Delivered,No Return,4
O00052,C0293,P0135,2026-01-07,8,1751,1120.64,12887.36,4873.36,Debit Card,Express,150,2,Delivered,No Return,5
O00053,C0187,P0105,2025-09-20,6,4619,554.28,27159.72,8274.72,Cash on Delivery,Standard,63,3,Delivered,No Return,3
O00054,C0369,P0200,2025-06-20,3,7049,2749.11,18397.89,6122.89,Cash on Delivery,Express,128,2,Delivered,No Return,1
O00055,C0100,P0214,2025-12-19,1,3317,796.08,2520.92,-216.08,Net Banking,Standard,41,6,Delivered,No Return,3
O00056,C0387,P0050,2025-12-30,10,4133,14052.2,27277.8,-2056.2,Cash on Delivery,Express,134,1,Cancelled,No Return,4
O00057,C0023,P0040,2025-06-20,6,5107,1838.52,28803.48,8028.48,Net Banking,Standard,57,6,Delivered,No Return,4
O00058,C0075,P0113,2026-02-17,4,2557,102.28,10125.72,2019.72,Net Banking,Express,166,3,Delivered,No Return,1
O00059,C0325,P0165,2026-05-06,1,2842,881.02,1960.98,-97.02,Debit Card,Standard,49,4,Delivered,No Return,5
O00060,C0115,P0018,2026-05-05,4,1528,488.96,5623.04,1261.04,Debit Card,Express,170,2,Delivered,No Return,5
O00061,C0173,P0050,2025-12-24,6,4133,8431.32,16366.68,-1205.32,Cash on Delivery,Standard,52,7,Delivered,No Return,2
O00062,C0404,P0121,2026-01-04,1,591,70.92,520.08,-4.92,UPI,Standard,78,5,Cancelled,No Return,1
O00063,C0324,P0181,2026-02-12,2,4500,900.0,8100.0,1309.0,Net Banking,Express,155,2,Delivered,No Return,4
O00064,C0188,P0086,2025-07-13,7,426,178.92,2803.08,718.08,Credit Card,Express,146,2,Delivered,No Return,4
O00065,C0460,P0019,2025-12-19,3,7081,2974.02,18268.98,3971.98,Debit Card,Express,101,3,Delivered,No Return,4
O00066,C0479,P0137,2025-09-21,1,3932,432.52,3499.48,1181.48,Net Banking,Standard,90,7,Delivered,No Return,2
O00067,C0304,P0008,2026-04-10,3,5727,1374.48,15806.52,4624.52,Debit Card,Standard,85,7,Delivered,No Return,5
O00068,C0495,P0035,2025-09-05,10,1231,861.7,11448.3,1601.3,Net Banking,Standard,57,4,Delivered,No Return,3
O00069,C0193,P0044,2026-03-29,6,6666,3599.64,36396.36,11741.36,Debit Card,Express,115,1,Delivered,No Return,3
O00070,C0270,P0215,2026-02-11,9,3517,949.59,30703.41,5645.41,Cash on Delivery,Same Day,281,1,Delivered,No Return,2
O00071,C0067,P0140,2025-07-17,3,2972,445.8,8470.2,2337.2,Cash on Delivery,Standard,79,4,Delivered,No Return,5
O00072,C0006,P0190,2026-01-25,2,5515,441.2,10588.8,2805.8,UPI,Standard,69,3,Cancelled,No Return,3
O00073,C0304,P0055,2026-02-10,7,2592,1088.64,17055.36,6009.36,Debit Card,Standard,63,6,Delivered,No Return,2
O00074,C0331,P0046,2025-12-31,7,1689,1418.76,10404.24,2572.24,UPI,Standard,62,6,Delivered,No Return,4
O00075,C0022,P0068,2025-08-12,6,4482,5916.24,20975.760000000002,-82.24,Net Banking,Standard,40,6,Delivered,No Return,2
O00076,C0308,P0121,2025-11-18,5,591,354.6,2600.4,200.4,Debit Card,Express,165,1,Delivered,No Return,1
O00077,C0328,P0121,2026-05-21,2,591,141.84,1040.16,-28.84,Debit Card,Express,175,3,Delivered,No Return,5
O00078,C0126,P0146,2026-04-15,4,6308,0.0,25232.0,8751.0,Debit Card,Standard,69,4,Delivered,No Return,5
O00079,C0328,P0020,2026-02-28,5,3746,2434.9,16295.1,1303.1,Debit Card,Standard,87,3,Delivered,No Return,2
O00080,C0062,P0095,2026-04-26,9,2505,2930.85,19614.15,2522.15,Credit Card,Express,154,3,Delivered,No Return,5
O00081,C0356,P0096,2025-11-22,9,170,137.7,1392.3,306.3,Debit Card,Standard,51,4,Delivered,No Return,3
O00082,C0200,P0153,2026-03-14,4,1099,263.76,4132.24,1113.24,Cash on Delivery,Standard,55,6,Delivered,No Return,2
O00083,C0174,P0072,2026-02-15,4,7190,2588.4,26171.6,6411.6,Debit Card,Standard,40,7,Delivered,No Return,2
O00084,C0397,P0205,2025-10-27,9,3938,2835.36,32606.64,10817.64,Net Banking,Standard,45,7,Delivered,No Return,3
O00085,C0209,P0163,2025-12-05,6,743,44.58,4413.42,1135.42,UPI,Standard,86,5,Delivered,No Return,5
O00086,C0053,P0120,2026-01-14,1,3123,156.15,2966.85,583.85,Net Banking,Express,107,1,Delivered,No Return,3
O00087,C0500,P0107,2026-04-08,5,3023,755.75,14359.25,4170.25,Cash on Delivery,Express,149,2,Delivered,No Return,1
O00088,C0175,P0068,2025-08-13,10,4482,9860.4,34959.6,-153.4,Cash on Delivery,Standard,83,3,Delivered,No Return,2
O00089,C0175,P0031,2025-10-19,2,5801,1044.18,10557.82,2588.82,Cash on Delivery,Express,101,1,Returned,Returned,3
O00090,C0367,P0037,2025-12-17,4,4335,3468.0,13872.0,3890.0,Net Banking,Standard,58,6,Delivered,No Return,4
O00091,C0225,P0043,2025-09-07,7,4925,1723.75,32751.25,5943.25,Net Banking,Express,103,3,Delivered,No Return,2
O00092,C0423,P0067,2026-01-16,5,2552,638.0,12122.0,4305.0,Credit Card,Same Day,262,1,Delivered,No Return,4
O00093,C0041,P0179,2026-03-23,8,7966,4460.96,59267.04,23085.04,Debit Card,Standard,54,6,Delivered,No Return,3
O00094,C0310,P0217,2025-09-16,8,4041,2586.24,29741.760000000002,10454.76,Net Banking,Standard,71,3,Delivered,No Return,2
O00095,C0143,P0037,2025-09-28,8,4335,6936.0,27744.0,7832.0,Debit Card,Standard,64,3,Delivered,No Return,4
O00096,C0030,P0213,2025-10-12,7,6781,12816.09,34650.91,5509.91,Net Banking,Standard,63,3,Delivered,No Return,1
O00097,C0283,P0126,2026-04-16,10,6229,14326.7,47963.3,2334.3,Credit Card,Standard,89,7,Delivered,No Return,3
O00098,C0272,P0162,2025-09-05,5,5708,3139.4,25400.6,6755.6,Net Banking,Standard,70,6,Delivered,No Return,4
O00099,C0094,P0095,2026-04-18,6,2505,1953.9,13076.1,1731.1,UPI,Standard,53,6,Delivered,No Return,3
O00100,C0221,P0020,2026-01-07,10,3746,4869.8,32590.2,2714.2,Debit Card,Standard,66,6,Delivered,No Return,3
O00101,C0496,P0010,2025-06-20,8,5781,4624.8,41623.2,8753.2,Debit Card,Same Day,246,1,Delivered,No Return,2
O00102,C0240,P0208,2025-09-27,3,6054,1271.34,16890.66,6463.66,Cash on Delivery,Standard,50,4,Delivered,No Return,4
O00103,C0133,P0104,2025-08-11,7,3932,2752.4,24771.6,8993.6,Credit Card,Same Day,189,1,Delivered,No Return,5
O00104,C0351,P0050,2025-12-05,7,4133,9836.54,19094.46,-1435.54,Net Banking,Standard,90,7,Delivered,No Return,1
O00105,C0137,P0122,2025-10-26,5,1327,995.25,5639.75,545.75,Credit Card,Standard,49,6,Delivered,No Return,4
O00106,C0237,P0025,2026-02-14,9,5276,4748.4,42735.6,14563.6,Cash on Delivery,Express,119,3,Delivered,No Return,4
O00107,C0110,P0210,2025-08-17,2,3846,769.2,6922.8,1599.8,Cash on Delivery,Express,145,2,Delivered,No Return,3
O00108,C0096,P0221,2025-07-03,8,3062,1469.76,23026.24,6760.24,Debit Card,Standard,42,7,Delivered,No Return,3
O00109,C0051,P0081,2026-01-09,5,6621,2979.45,30125.55,10025.55,Cash on Delivery,Standard,50,5,Delivered,No Return,1
O00110,C0408,P0066,2026-04-07,3,2503,675.81,6833.1900000000005,590.19,Net Banking,Standard,48,5,Cancelled,No Return,3
O00111,C0067,P0057,2025-08-03,1,1654,215.02,1438.98,4.98,Cash on Delivery,Express,133,3,Delivered,No Return,4
O00112,C0166,P0211,2025-07-24,9,3969,3214.89,32506.11,8641.11,Cash on Delivery,Standard,69,7,Delivered,No Return,1
O00113,C0313,P0219,2025-08-25,2,914,201.08,1626.92,534.92,Debit Card,Standard,76,6,Delivered,No Return,2
O00114,C0407,P0113,2025-11-28,6,2557,153.42,15188.58,3201.58,Credit Card,Standard,77,6,Delivered,No Return,2
O00115,C0428,P0067,2025-12-16,1,2552,127.6,2424.4,865.4,Net Banking,Standard,48,5,Delivered,No Return,4
O00116,C0389,P0018,2025-06-01,8,1528,977.92,11246.08,2787.08,Debit Card,Standard,75,3,Delivered,No Return,2
O00117,C0053,P0027,2026-05-05,6,831,99.72,4886.28,1983.28,Net Banking,Standard,89,6,Delivered,No Return,5
O00118,C0304,P0128,2026-03-14,10,2737,1368.5,26001.5,7880.5,Debit Card,Standard,61,4,Delivered,No Return,2
O00119,C0422,P0179,2025-10-28,3,7966,1672.86,22225.14,8616.14,Net Banking,Standard,61,5,Delivered,No Return,4
O00120,C0264,P0170,2026-04-25,10,2190,2409.0,19491.0,3307.0,Cash on Delivery,Express,164,2,Delivered,No Return,2
O00121,C0408,P0064,2026-04-09,3,6488,2141.04,17322.96,5117.96,Net Banking,Standard,40,4,Delivered,No Return,2
O00122,C0121,P0047,2026-04-14,3,6767,2436.12,17864.88,3194.88,Debit Card,Standard,84,6,Delivered,No Return,4
O00123,C0460,P0028,2026-05-17,9,6457,4067.91,54045.09,10534.09,Debit Card,Express,149,3,Delivered,No Return,5
O00124,C0221,P0082,2025-06-10,9,1777,1439.37,14553.630000000001,5038.63,Debit Card,Standard,83,5,Cancelled,No Return,2
O00125,C0483,P0193,2025-12-22,7,6231,14829.78,28787.22,-3958.78,Cash on Delivery,Standard,42,4,Delivered,No Return,2
O00126,C0500,P0175,2025-10-26,7,1304,1277.92,7850.08,1503.08,Cash on Delivery,Standard,68,3,Delivered,No Return,2
O00127,C0298,P0108,2025-09-27,5,738,627.3,3062.7,770.7,Credit Card,Express,172,2,Delivered,No Return,5
O00128,C0053,P0159,2026-05-08,2,1877,488.02,3265.98,60.98,Net Banking,Express,179,1,Delivered,No Return,1
O00129,C0057,P0185,2025-08-23,2,4506,540.72,8471.28,1223.28,Credit Card,Same Day,250,0,Delivered,No Return,4
O00130,C0150,P0030,2026-02-03,6,2656,2071.68,13864.32,4313.32,Debit Card,Standard,83,5,Delivered,No Return,4
O00131,C0346,P0100,2025-08-20,2,7859,1728.98,13989.02,3931.02,Cash on Delivery,Express,114,2,Delivered,No Return,1
O00132,C0164,P0034,2025-05-23,1,5437,652.44,4784.5599999999995,1035.56,Net Banking,Standard,49,7,Delivered,No Return,2
O00133,C0176,P0041,2025-05-31,2,6032,3016.0,9048.0,940.0,Credit Card,Standard,82,7,Delivered,No Return,5
O00134,C0272,P0108,2025-08-28,5,738,627.3,3062.7,662.7,Net Banking,Same Day,280,0,Delivered,No Return,1
O00135,C0146,P0118,2025-11-09,5,280,280.0,1120.0,-39.0,Net Banking,Same Day,259,0,Delivered,No Return,3
O00136,C0387,P0112,2025-12-06,2,4468,446.8,8489.2,2947.2,Cash on Delivery,Standard,54,7,Delivered,No Return,2
O00137,C0494,P0194,2025-07-31,2,1650,363.0,2937.0,358.0,Credit Card,Same Day,295,0,Cancelled,No Return,2
O00138,C0056,P0047,2025-09-22,3,6767,2436.12,17864.88,3223.88,Cash on Delivery,Standard,55,6,Delivered,No Return,2
O00139,C0234,P0202,2025-09-02,10,5174,3104.4,48635.6,17091.6,Credit Card,Same Day,214,1,Delivered,No Return,2
O00140,C0080,P0108,2025-11-27,7,738,878.22,4287.78,1150.78,UPI,Express,169,1,Delivered,No Return,5
O00141,C0482,P0147,2026-02-19,2,2350,1598.0,3102.0,-178.0,Credit Card,Same Day,192,1,Delivered,No Return,1
O00142,C0087,P0089,2025-10-28,1,6139,1289.19,4849.8099999999995,345.81,UPI,Standard,65,3,Delivered,No Return,4
O00143,C0218,P0167,2026-01-17,6,869,364.98,4849.02,312.02,Debit Card,Same Day,241,0,Delivered,No Return,2
O00144,C0291,P0218,2026-04-13,7,626,657.3,3724.7,714.7,Debit Card,Standard,84,5,Delivered,No Return,1
O00145,C0409,P0173,2025-07-10,4,3487,2092.2,11855.8,1892.8,Debit Card,Standard,47,3,Delivered,No Return,3
O00146,C0405,P0124,2025-07-23,7,7890,4418.4,50811.6,19442.6,Net Banking,Express,156,3,Delivered,No Return,3
O00147,C0448,P0131,2025-09-21,1,2477,198.16,2278.84,343.84,Debit Card,Standard,53,7,Delivered,No Return,4
O00148,C0495,P0197,2025-10-09,4,5094,611.28,19764.72,3456.72,Net Banking,Standard,60,3,Delivered,No Return,2
O00149,C0434,P0122,2025-09-13,7,1327,1393.35,7895.65,780.65,UPI,Standard,52,5,Delivered,No Return,2
O00150,C0359,P0163,2026-03-16,1,743,7.43,735.57,72.57,Debit Card,Express,131,2,Delivered,No Return,1
O00151,C0149,P0123,2025-07-10,1,455,68.25,386.75,13.75,UPI,Standard,62,7,Delivered,No Return,4
O00152,C0069,P0104,2025-10-22,2,3932,786.4,7077.6,2399.6,Net Banking,Same Day,224,0,Delivered,No Return,2
O00153,C0054,P0018,2025-09-04,4,1528,488.96,5623.04,1364.04,UPI,Standard,67,6,Delivered,No Return,1
O00154,C0149,P0178,2025-11-16,1,3881,349.29,3531.71,951.71,UPI,Standard,75,7,Delivered,No Return,3
O00155,C0163,P0173,2025-05-26,6,3487,3138.3,17783.7,2808.7,Net Banking,Express,101,2,Delivered,No Return,3
O00156,C0214,P0009,2026-05-03,1,965,19.3,945.7,156.7,Credit Card,Standard,82,5,Delivered,No Return,3
O00157,C0143,P0143,2026-02-01,7,3320,1394.4,21845.6,4448.6,Debit Card,Same Day,254,0,Delivered,No Return,2
O00158,C0421,P0005,2025-11-07,9,676,0.0,6084.0,1497.0,Credit Card,Standard,42,4,Delivered,No Return,1
O00159,C0003,P0083,2025-07-14,10,2213,2655.6,19474.4,6941.4,UPI,Same Day,233,0,Delivered,No Return,1
O00160,C0314,P0006,2026-02-23,5,2734,956.9,12713.1,3038.1,Credit Card,Standard,55,4,Delivered,No Return,1
O00161,C0204,P0049,2026-02-16,3,2596,1090.32,6697.68,311.68,UPI,Standard,59,4,Delivered,No Return,4
O00162,C0285,P0023,2026-04-01,9,7317,7902.36,57950.64,18596.64,Cash on Delivery,Standard,87,7,Delivered,No Return,4
O00163,C0055,P0090,2026-01-30,2,1252,100.16,2403.84,651.84,Cash on Delivery,Standard,84,6,Delivered,No Return,4
O00164,C0284,P0095,2025-09-14,1,2505,325.65,2179.35,241.35,Credit Card,Standard,56,5,Delivered,No Return,5
O00165,C0104,P0113,2025-05-23,1,2557,25.57,2531.43,498.43,Cash on Delivery,Standard,48,4,Delivered,No Return,2
O00166,C0217,P0168,2025-12-02,5,3397,4246.25,12738.75,981.75,Debit Card,Standard,87,4,Delivered,No Return,5
O00167,C0385,P0012,2026-03-12,2,328,85.28,570.72,-221.28,Credit Card,Same Day,298,1,Delivered,No Return,5
O00168,C0482,P0174,2025-12-22,6,6201,1860.3,35345.7,8484.7,Credit Card,Standard,83,7,Delivered,No Return,1
O00169,C0312,P0195,2026-01-18,2,6087,3773.94,8400.06,-616.94,UPI,Express,177,2,Delivered,No Return,2
O00170,C0400,P0094,2026-04-14,3,2619,1728.54,6128.46,1366.46,UPI,Standard,67,5,Delivered,No Return,3
O00171,C0097,P0215,2025-12-23,6,3517,633.06,20468.94,3887.94,Credit Card,Standard,63,6,Delivered,No Return,3
O00172,C0383,P0098,2025-11-08,6,6571,5519.64,33906.36,8987.36,UPI,Standard,79,4,Cancelled,No Return,3
O00173,C0315,P0066,2025-10-01,5,2503,1126.35,11388.65,996.65,UPI,Standard,67,7,Delivered,No Return,5
O00174,C0005,P0014,2025-09-30,8,7602,3040.8,57775.2,19745.2,Net Banking,Standard,62,6,Delivered,No Return,2
O00175,C0460,P0117,2026-02-11,4,1146,595.92,3988.08,1219.08,Debit Card,Standard,61,7,Delivered,No Return,2
O00176,C0143,P0116,2025-11-16,7,3102,5211.36,16502.64,3122.64,Debit Card,Standard,80,5,Delivered,No Return,4
O00177,C0085,P0064,2025-10-26,6,6488,4282.08,34645.92,10270.92,Credit Card,Standard,45,6,Returned,Returned,4
O00178,C0166,P0054,2026-01-25,5,4394,5712.2,16257.8,-2088.2,Cash on Delivery,Standard,71,5,Delivered,No Return,4
O00179,C0053,P0022,2025-11-29,2,828,149.04,1506.96,105.96,Net Banking,Standard,47,6,Delivered,No Return,5
O00180,C0199,P0019,2025-11-01,3,7081,2974.02,18268.98,4001.98,Net Banking,Standard,71,3,Delivered,No Return,3
O00181,C0319,P0171,2025-10-23,5,3470,1214.5,16135.5,4641.5,Debit Card,Same Day,184,0,Cancelled,No Return,1
O00182,C0324,P0208,2025-10-29,10,6054,4237.8,56302.2,21652.2,Net Banking,Standard,60,5,Delivered,No Return,4
O00183,C0214,P0027,2025-12-06,6,831,99.72,4886.28,2004.28,Credit Card,Standard,68,5,Delivered,No Return,1
O00184,C0250,P0023,2026-01-06,5,7317,4390.2,32194.8,10326.8,Cash on Delivery,Standard,53,7,Delivered,No Return,1
O00185,C0271,P0106,2025-10-06,5,3913,1565.2,17999.8,1858.8,Debit Card,Standard,61,6,Delivered,No Return,3
O00186,C0085,P0075,2026-01-27,3,1199,647.46,2949.54,16.54,Credit Card,Standard,71,6,Delivered,No Return,1
O00187,C0329,P0114,2026-03-31,8,2450,1176.0,18424.0,6736.0,Credit Card,Standard,80,5,Delivered,No Return,4
O00188,C0267,P0056,2025-08-04,3,7819,4925.97,18531.03,5238.03,Credit Card,Express,144,3,Delivered,No Return,5
O00189,C0276,P0072,2025-11-27,8,7190,5176.8,52343.2,12813.2,Cash on Delivery,Standard,90,6,Delivered,No Return,3
O00190,C0155,P0214,2025-07-15,7,3317,5572.56,17646.44,-1292.56,Debit Card,Standard,67,4,Delivered,No Return,3
O00191,C0299,P0184,2025-09-18,2,953,343.08,1562.92,-27.08,Credit Card,Standard,82,6,Delivered,No Return,2
O00192,C0376,P0193,2025-10-06,2,6231,4237.08,8224.92,-1176.08,Cash on Delivery,Standard,57,6,Delivered,No Return,4
O00193,C0055,P0026,2026-05-12,9,1204,866.88,9969.12,2315.12,Cash on Delivery,Same Day,256,0,Delivered,No Return,5
O00194,C0087,P0180,2025-11-24,3,8100,3159.0,21141.0,7107.0,UPI,Standard,66,4,Delivered,No Return,4
O00195,C0164,P0192,2025-10-05,9,1872,1516.32,15331.68,2865.68,Net Banking,Express,118,3,Delivered,No Return,1
O00196,C0368,P0195,2026-04-18,2,6087,3773.94,8400.06,-634.94,Credit Card,Same Day,195,1,Returned,Returned,4
O00197,C0163,P0103,2026-01-10,7,7245,9128.7,41586.3,11565.3,Net Banking,Express,152,2,Delivered,No Return,4
O00198,C0428,P0061,2026-03-06,7,6547,3666.32,42162.68,10962.68,Net Banking,Express,169,2,Delivered,No Return,4
O00199,C0172,P0186,2025-12-25,2,2500,600.0,4400.0,479.0,Credit Card,Standard,61,4,Delivered,No Return,1
O00200,C0353,P0077,2025-09-09,3,5552,2498.4,14157.6,3229.6,Credit Card,Standard,86,5,Delivered,No Return,2
O00201,C0162,P0150,2025-06-17,7,203,184.73,1236.27,202.27,UPI,Standard,68,6,Delivered,No Return,1
O00202,C0458,P0208,2025-11-20,7,6054,2966.46,39411.54,15155.54,Cash on Delivery,Standard,43,4,Delivered,No Return,4
O00203,C0218,P0105,2026-05-22,6,4619,554.28,27159.72,8201.72,Debit Card,Express,136,3,Delivered,No Return,5
O00204,C0026,P0092,2026-02-08,3,4115,123.45,12221.55,4897.55,Credit Card,Standard,88,4,Delivered,No Return,1
O00205,C0468,P0103,2025-09-21,4,7245,5216.4,23763.6,6624.6,Debit Card,Standard,71,5,Delivered,No Return,5
O00206,C0285,P0102,2025-09-26,1,5734,802.76,4931.24,1243.24,Cash on Delivery,Standard,66,6,Delivered,No Return,5
O00207,C0218,P0212,2025-09-18,6,3787,908.88,21813.12,8237.12,Debit Card,Standard,46,4,Delivered,No Return,2
O00208,C0340,P0006,2025-07-11,9,2734,1722.42,22883.58,5395.58,Net Banking,Express,172,2,Delivered,No Return,1
O00209,C0327,P0018,2025-09-11,2,1528,244.48,2811.52,630.52,UPI,Standard,85,6,Delivered,No Return,5
O00210,C0149,P0011,2025-09-18,8,2292,550.08,17785.92,3066.92,UPI,Standard,71,3,Delivered,No Return,3
O00211,C0132,P0138,2026-04-07,4,1269,253.8,4822.2,896.2,Net Banking,Standard,46,3,Delivered,No Return,4
O00212,C0473,P0063,2026-04-18,2,1723,241.22,3204.78,1082.78,Debit Card,Express,118,1,Delivered,No Return,4
O00213,C0196,P0106,2025-08-10,6,3913,1878.24,21599.76,2174.76,Cash on Delivery,Express,129,3,Delivered,No Return,5
O00214,C0475,P0007,2025-12-11,9,6448,18570.24,39461.759999999995,845.76,Credit Card,Standard,69,4,Delivered,No Return,4
O00215,C0410,P0019,2025-11-11,3,7081,2974.02,18268.98,4020.98,Credit Card,Standard,52,5,Delivered,No Return,2
O00216,C0364,P0059,2025-11-19,7,7395,3105.9,48659.1,13908.1,Credit Card,Standard,80,5,Delivered,No Return,4
O00217,C0364,P0009,2026-04-21,7,965,135.1,6619.9,1587.9,Credit Card,Standard,83,5,Delivered,No Return,2
O00218,C0500,P0022,2025-08-18,1,828,74.52,753.48,-13.52,Cash on Delivery,Standard,90,4,Delivered,No Return,3
O00219,C0288,P0040,2026-02-25,7,5107,2144.94,33604.06,9210.06,Credit Card,Same Day,223,0,Returned,Returned,2
O00220,C0081,P0165,2026-02-22,5,2842,4405.1,9804.9,-293.1,Debit Card,Standard,53,3,Delivered,No Return,4
O00221,C0385,P0013,2026-04-10,5,6597,1979.1,31005.9,7551.9,Credit Card,Standard,54,3,Delivered,No Return,5
O00222,C0146,P0177,2025-06-01,3,3681,1104.3,9938.7,2572.7,Net Banking,Standard,52,3,Delivered,No Return,2
O00223,C0149,P0157,2025-09-20,8,3666,2052.96,27275.04,9167.04,UPI,Standard,60,7,Delivered,No Return,3
O00224,C0017,P0005,2025-11-09,10,676,0.0,6760.0,1541.0,Debit Card,Express,169,3,Delivered,No Return,2
O00225,C0106,P0021,2026-01-27,2,4876,780.16,8971.84,1343.84,Cash on Delivery,Standard,68,7,Delivered,No Return,3
O00226,C0131,P0170,2026-04-12,3,2190,722.7,5847.3,984.3,Cash on Delivery,Standard,57,3,Delivered,No Return,3
O00227,C0414,P0090,2026-04-23,9,1252,450.72,10817.28,3260.28,UPI,Standard,51,4,Delivered,No Return,1
O00228,C0486,P0203,2025-11-20,5,4865,2189.25,22135.75,4775.75,Cash on Delivery,Standard,55,5,Delivered,No Return,3
O00229,C0109,P0206,2025-10-04,10,3236,3883.2,28476.8,8901.8,Cash on Delivery,Express,125,3,Delivered,No Return,3
O00230,C0286,P0195,2026-05-09,3,6087,5660.91,12600.09,-956.91,Credit Card,Same Day,297,1,Cancelled,No Return,3
O00231,C0174,P0175,2025-09-27,10,1304,1825.6,11214.4,2167.4,Debit Card,Standard,77,4,Delivered,No Return,1
O00232,C0397,P0173,2025-08-12,5,3487,2615.25,14819.75,2351.75,Net Banking,Standard,73,3,Delivered,No Return,2
O00233,C0044,P0219,2025-06-27,9,914,904.86,7321.14,2569.14,Cash on Delivery,Express,180,1,Delivered,No Return,2
O00234,C0255,P0138,2025-10-27,8,1269,507.6,9644.4,1836.4,Net Banking,Standard,48,3,Delivered,No Return,4
O00235,C0094,P0205,2025-10-17,3,3938,945.12,10868.88,3544.88,UPI,Standard,76,5,Delivered,No Return,4
O00236,C0089,P0214,2026-01-24,2,3317,1592.16,5041.84,-396.16,Debit Card,Standard,46,6,Delivered,No Return,2
O00237,C0097,P0187,2026-02-19,10,7198,1439.6,70540.4,27499.4,Credit Card,Standard,61,5,Delivered,No Return,5
O00238,C0487,P0118,2025-11-01,1,280,56.0,224.0,-38.0,Credit Card,Standard,82,5,Delivered,No Return,2
O00239,C0109,P0180,2025-10-06,6,8100,6318.0,42282.0,14276.0,Cash on Delivery,Standard,70,7,Delivered,No Return,4
O00240,C0120,P0164,2025-10-17,3,4179,877.59,11659.41,3478.41,UPI,Standard,69,4,Delivered,No Return,5
O00241,C0389,P0189,2025-08-15,3,804,771.84,1640.1599999999999,-46.84,Debit Card,Same Day,220,1,Delivered,No Return,2
O00242,C0325,P0104,2025-06-14,2,3932,786.4,7077.6,2557.6,Debit Card,Standard,66,4,Delivered,No Return,4
O00243,C0021,P0094,2025-11-09,1,2619,576.18,2042.8200000000002,360.82,Net Banking,Express,117,3,Delivered,No Return,5
O00244,C0291,P0023,2025-08-16,3,7317,2634.12,19316.88,5950.88,Debit Card,Same Day,277,0,Delivered,No Return,4
O00245,C0391,P0157,2025-10-18,8,3666,2052.96,27275.04,9163.04,Cash on Delivery,Standard,64,7,Delivered,No Return,1
O00246,C0057,P0148,2026-03-06,7,3494,0.0,24458.0,9977.0,Credit Card,Express,166,1,Delivered,No Return,1
O00247,C0217,P0002,2025-11-29,7,7498,5248.6,47237.4,17377.4,Debit Card,Standard,47,3,Returned,Returned,5
O00248,C0158,P0203,2026-04-25,2,4865,875.7,8854.3,1878.3,UPI,Standard,54,6,Delivered,No Return,3
O00249,C0055,P0099,2025-10-10,5,2876,287.6,14092.4,3347.4,Cash on Delivery,Standard,55,4,Delivered,No Return,5
O00250,C0287,P0081,2025-07-03,1,6621,595.89,6025.11,1891.11,UPI,Express,124,3,Delivered,No Return,2
O00251,C0143,P0081,2025-09-17,2,6621,1191.78,12050.22,3941.22,Debit Card,Standard,89,3,Delivered,No Return,5
O00252,C0500,P0013,2025-12-02,6,6597,2374.92,37207.08,9065.08,Cash on Delivery,Standard,62,4,Delivered,No Return,1
O00253,C0280,P0017,2025-05-27,4,4619,739.04,17736.96,7235.96,Cash on Delivery,Standard,69,5,Delivered,No Return,5
O00254,C0166,P0220,2026-03-25,7,7303,5112.1,46008.9,12015.9,Cash on Delivery,Standard,64,6,Delivered,No Return,3
O00255,C0023,P0209,2025-09-02,1,7780,155.6,7624.4,2867.4,Net Banking,Standard,90,6,Delivered,No Return,4
O00256,C0166,P0136,2026-03-21,6,6244,4121.04,33342.96,8416.96,Cash on Delivery,Standard,68,3,Cancelled,No Return,1
O00257,C0369,P0054,2025-11-16,4,4394,4569.76,13006.24,-1670.76,Cash on Delivery,Standard,57,7,Cancelled,No Return,3
O00258,C0200,P0194,2025-11-13,6,1650,1089.0,8811.0,1875.0,Cash on Delivery,Standard,84,4,Delivered,No Return,3
O00259,C0353,P0075,2025-08-31,9,1199,1942.38,8848.619999999999,110.62,Credit Card,Express,152,2,Delivered,No Return,1
O00260,C0056,P0021,2025-09-15,1,4876,390.08,4485.92,659.92,Cash on Delivery,Standard,46,5,Delivered,No Return,5
O00261,C0437,P0155,2025-09-27,10,5188,5706.8,46173.2,16633.2,Net Banking,Standard,90,5,Delivered,No Return,4
O00262,C0434,P0024,2026-02-22,9,7991,20856.51,51062.490000000005,8659.49,UPI,Standard,58,6,Delivered,No Return,2
O00263,C0374,P0182,2025-05-22,4,3298,2374.56,10817.44,1539.44,Debit Card,Standard,70,5,Delivered,No Return,1
O00264,C0239,P0130,2025-11-28,2,487,126.62,847.38,25.38,UPI,Standard,60,6,Delivered,No Return,1
O00265,C0473,P0148,2026-01-02,8,3494,0.0,27952.0,11544.0,Debit Card,Standard,48,6,Delivered,No Return,2
O00266,C0360,P0064,2026-04-25,8,6488,5709.44,46194.56,13706.56,Net Banking,Standard,48,6,Delivered,No Return,5
O00267,C0340,P0084,2026-03-31,5,6457,4197.05,28087.95,5318.95,Net Banking,Standard,74,3,Delivered,No Return,1
O00268,C0314,P0199,2025-12-29,4,3906,312.48,15311.52,4016.52,Credit Card,Same Day,199,0,Delivered,No Return,2
O00269,C0464,P0194,2026-01-26,6,1650,1089.0,8811.0,1877.0,Net Banking,Standard,82,3,Delivered,No Return,3
O00270,C0465,P0127,2026-01-18,6,6609,6741.18,32912.82,5950.82,UPI,Express,154,2,Returned,Returned,1
O00271,C0306,P0042,2026-03-15,2,3239,2267.3,4210.7,411.7,Credit Card,Standard,59,7,Delivered,No Return,4
O00272,C0406,P0201,2025-09-02,2,2475,148.5,4801.5,1662.5,Debit Card,Standard,81,4,Delivered,No Return,5
O00273,C0300,P0056,2025-11-27,8,7819,13135.92,49416.08,14277.08,UPI,Standard,75,3,Delivered,No Return,4
O00274,C0360,P0005,2025-07-15,10,676,0.0,6760.0,1591.0,Net Banking,Express,119,1,Delivered,No Return,5
O00275,C0040,P0116,2025-12-20,1,3102,744.48,2357.52,386.52,Cash on Delivery,Standard,71,7,Delivered,No Return,2
O00276,C0346,P0222,2026-01-25,6,3656,5264.64,16671.36,3442.36,Cash on Delivery,Standard,65,7,Delivered,No Return,4
O00277,C0380,P0106,2025-10-09,10,3913,3130.4,35999.6,3763.6,Cash on Delivery,Standard,76,4,Delivered,No Return,2
O00278,C0284,P0203,2025-11-16,10,4865,4378.5,44271.5,9578.5,Credit Card,Standard,83,7,Cancelled,No Return,1
O00279,C0371,P0017,2025-07-04,4,4619,739.04,17736.96,7223.96,Net Banking,Standard,81,4,Delivered,No Return,5
O00280,C0062,P0155,2025-10-05,2,5188,1141.36,9234.64,3157.64,Credit Card,Same Day,187,1,Delivered,No Return,5
O00281,C0127,P0087,2025-11-23,6,8418,3030.48,47477.52,18663.52,Cash on Delivery,Standard,62,4,Delivered,No Return,2
O00282,C0431,P0004,2025-11-03,3,2253,675.9,6083.1,556.1,UPI,Standard,64,3,Delivered,No Return,2
O00283,C0020,P0157,2026-03-11,7,3666,1796.34,23865.66,7991.66,Cash on Delivery,Standard,82,4,Delivered,No Return,4
O00284,C0055,P0043,2025-12-12,10,4925,2462.5,46787.5,8436.5,Cash on Delivery,Same Day,201,0,Delivered,No Return,1
O00285,C0461,P0029,2025-08-25,1,6069,606.9,5462.1,1965.1,UPI,Express,118,3,Delivered,No Return,2
O00286,C0438,P0059,2026-02-17,10,7395,4437.0,69513.0,19862.0,Cash on Delivery,Express,121,1,Delivered,No Return,1
O00287,C0434,P0126,2025-12-16,8,6229,11461.36,38370.64,1887.64,UPI,Standard,51,5,Delivered,No Return,5
O00288,C0470,P0065,2025-11-16,1,4692,1219.92,3472.08,100.08,Debit Card,Express,129,2,Delivered,No Return,4
O00289,C0368,P0042,2026-04-22,5,3239,5668.25,10526.75,1091.75,Credit Card,Standard,85,6,Delivered,No Return,4
O00290,C0128,P0010,2026-04-05,9,5781,5202.9,46826.1,10041.1,Net Banking,Standard,83,5,Delivered,No Return,2
O00291,C0478,P0157,2025-12-19,9,3666,2309.58,30684.42,10331.42,UPI,Standard,49,7,Delivered,No Return,4
O00292,C0191,P0192,2025-10-15,9,1872,1516.32,15331.68,2807.68,Cash on Delivery,Express,176,1,Delivered,No Return,4
O00293,C0389,P0027,2026-04-22,4,831,66.48,3257.52,1254.52,Debit Card,Express,127,3,Delivered,No Return,3
O00294,C0390,P0174,2025-11-10,2,6201,620.1,11781.9,2718.9,Net Banking,Express,137,2,Delivered,No Return,4
O00295,C0410,P0105,2026-01-22,9,4619,831.42,40739.58,12451.58,Credit Card,Standard,55,4,Delivered,No Return,4
O00296,C0052,P0159,2025-10-12,4,1877,976.04,6531.96,408.96,Credit Card,Standard,71,3,Delivered,No Return,4
O00297,C0187,P0080,2026-05-19,8,7630,9156.0,51884.0,17602.0,Cash on Delivery,Standard,66,5,Delivered,No Return,2
O00298,C0323,P0187,2025-07-31,6,7198,863.76,42324.24,16454.24,Debit Card,Standard,82,5,Delivered,No Return,4
O00299,C0177,P0130,2025-08-15,5,487,316.55,2118.45,150.45,UPI,Standard,63,4,Delivered,No Return,3
O00300,C0424,P0005,2026-01-04,1,676,0.0,676.0,94.0,Debit Card,Standard,77,3,Delivered,No Return,2
O00301,C0302,P0106,2026-04-14,6,3913,1878.24,21599.76,2254.76,Net Banking,Standard,49,6,Delivered,No Return,1
O00302,C0198,P0210,2025-11-19,7,3846,2692.2,24229.8,6046.8,UPI,Standard,60,3,Delivered,No Return,2
O00303,C0190,P0157,2025-10-13,7,3666,1796.34,23865.66,7823.66,Cash on Delivery,Same Day,250,1,Delivered,No Return,2
O00304,C0331,P0040,2026-01-06,2,5107,612.84,9601.16,2547.16,UPI,Express,148,2,Delivered,No Return,4
O00305,C0066,P0079,2025-05-28,8,5618,1797.76,43146.24,8608.24,Net Banking,Standard,74,3,Delivered,No Return,5
O00306,C0013,P0080,2025-08-18,8,7630,9156.0,51884.0,17620.0,Cash on Delivery,Standard,48,4,Delivered,No Return,5
O00307,C0092,P0055,2026-02-28,1,2592,155.52,2436.48,742.48,UPI,Express,125,3,Delivered,No Return,5
O00308,C0313,P0153,2025-09-16,8,1099,527.52,8264.48,2103.48,Debit Card,Same Day,233,0,Cancelled,No Return,1
O00309,C0444,P0004,2026-03-26,5,2253,1126.5,10138.5,967.5,UPI,Standard,66,3,Delivered,No Return,5
O00310,C0031,P0120,2026-01-24,3,3123,468.45,8900.55,2014.55,Credit Card,Standard,58,5,Delivered,No Return,3
O00311,C0313,P0156,2026-02-03,8,6933,2218.56,53245.44,16838.44,Debit Card,Standard,79,4,Delivered,No Return,2
O00312,C0429,P0030,2025-11-28,10,2656,3452.8,23107.2,7263.2,Debit Card,Standard,64,6,Delivered,No Return,1
O00313,C0473,P0020,2025-10-20,3,3746,1460.94,9777.06,763.06,Debit Card,Standard,71,5,Delivered,No Return,4
O00314,C0238,P0151,2025-07-29,8,3540,8212.8,20107.2,2389.2,UPI,Standard,62,7,Delivered,No Return,5
O00315,C0308,P0101,2025-09-09,3,464,153.12,1238.88,200.88,Debit Card,Express,153,1,Delivered,No Return,3
O00316,C0217,P0036,2025-06-12,9,7488,9434.88,57957.12,18322.12,Debit Card,Same Day,260,1,Delivered,No Return,4
O00317,C0079,P0033,2025-06-29,3,3673,881.52,10137.48,1429.48,UPI,Standard,41,4,Delivered,No Return,2
O00318,C0334,P0013,2025-05-31,10,6597,3958.2,62011.8,14929.8,Credit Card,Same Day,282,1,Cancelled,No Return,3
O00319,C0100,P0202,2025-08-25,6,5174,1862.64,29181.36,10315.36,Net Banking,Standard,68,3,Returned,Returned,2
O00320,C0495,P0036,2026-02-23,3,7488,3144.96,19319.04,5954.04,Net Banking,Same Day,240,0,Cancelled,No Return,1
O00321,C0113,P0211,2025-06-20,1,3969,357.21,3611.79,897.79,Cash on Delivery,Standard,70,6,Delivered,No Return,4
O00322,C0165,P0192,2025-07-17,3,1872,505.44,5110.56,863.56,Credit Card,Express,131,1,Delivered,No Return,1
O00323,C0225,P0054,2025-06-27,4,4394,4569.76,13006.24,-1680.76,Net Banking,Standard,67,6,Delivered,No Return,1
O00324,C0319,P0094,2026-02-09,8,2619,4609.44,16342.560000000001,3774.56,Debit Card,Standard,48,5,Delivered,No Return,1
O00325,C0221,P0098,2025-06-14,5,6571,4599.7,28255.3,7423.3,Debit Card,Express,132,3,Delivered,No Return,1
O00326,C0314,P0146,2025-09-20,6,6308,0.0,37848.0,13161.0,Credit Card,Standard,69,6,Delivered,No Return,1
O00327,C0117,P0007,2025-07-19,3,6448,6190.08,13153.92,85.92,Cash on Delivery,Same Day,219,1,Delivered,No Return,2
O00328,C0333,P0026,2026-03-03,1,1204,96.32,1107.68,216.68,UPI,Standard,69,7,Delivered,No Return,2
O00329,C0376,P0172,2026-02-20,10,3407,3407.0,30663.0,3986.0,Cash on Delivery,Standard,67,3,Delivered,No Return,5
O00330,C0350,P0222,2025-06-02,8,3656,7019.52,22228.48,4626.48,UPI,Standard,50,6,Delivered,No Return,1
O00331,C0317,P0055,2025-08-11,1,2592,155.52,2436.48,792.48,Credit Card,Standard,75,7,Delivered,No Return,2
O00332,C0328,P0216,2026-03-19,1,3133,0.0,3133.0,923.0,Debit Card,Express,138,2,Delivered,No Return,5
O00333,C0314,P0039,2025-12-01,6,4933,3255.78,26342.22,9191.22,Credit Card,Standard,75,5,Delivered,No Return,2
O00334,C0239,P0204,2026-03-28,7,4692,2627.52,30216.48,9211.48,UPI,Standard,54,5,Delivered,No Return,2
O00335,C0304,P0047,2026-03-25,2,6767,1624.08,11909.92,2052.92,Debit Card,Express,133,3,Delivered,No Return,3
O00336,C0211,P0049,2026-01-06,8,2596,2907.52,17860.48,918.48,UPI,Standard,70,3,Delivered,No Return,1
O00337,C0189,P0153,2025-06-15,10,1099,659.4,10330.6,2754.6,Cash on Delivery,Express,166,1,Delivered,No Return,5
O00338,C0352,P0036,2026-04-10,3,7488,3144.96,19319.04,6145.04,Debit Card,Standard,49,7,Delivered,No Return,5
O00339,C0238,P0123,2025-10-27,8,455,546.0,3094.0,524.0,UPI,Standard,82,3,Delivered,No Return,1
O00340,C0356,P0040,2026-04-27,2,5107,612.84,9601.16,2631.16,Debit Card,Standard,64,6,Returned,Returned,1
O00341,C0085,P0073,2025-08-03,7,5271,11807.04,25089.96,1779.96,Credit Card,Standard,42,6,Delivered,No Return,3
O00342,C0456,P0055,2025-06-03,9,2592,1399.68,21928.32,7729.32,UPI,Standard,78,6,Returned,Returned,3
O00343,C0089,P0216,2025-11-27,8,3133,0.0,25064.0,8408.0,Debit Card,Standard,80,4,Cancelled,No Return,4
O00344,C0151,P0128,2025-09-04,10,2737,1368.5,26001.5,7864.5,Debit Card,Standard,77,5,Delivered,No Return,2
O00345,C0465,P0146,2025-07-26,7,6308,0.0,44156.0,15364.0,UPI,Standard,71,3,Delivered,No Return,5
O00346,C0076,P0065,2025-10-11,7,4692,8539.44,24304.559999999998,1526.56,Cash on Delivery,Standard,77,4,Returned,Returned,2
O00347,C0010,P0171,2025-07-16,8,3470,1943.2,25816.8,7580.8,Cash on Delivery,Express,140,2,Delivered,No Return,3
O00348,C0083,P0108,2025-10-02,2,738,250.92,1225.08,287.08,Net Banking,Standard,90,3,Delivered,No Return,3
O00349,C0201,P0002,2025-08-26,5,7498,3749.0,33741.0,12385.0,UPI,Standard,61,4,Delivered,No Return,3
O00350,C0456,P0054,2025-11-03,4,4394,4569.76,13006.24,-1733.76,UPI,Express,120,2,Delivered,No Return,2
O00351,C0434,P0005,2025-10-22,5,676,0.0,3380.0,765.0,UPI,Standard,90,6,Delivered,No Return,1
O00352,C0375,P0036,2025-09-13,1,7488,1048.32,6439.68,1946.68,Credit Card,Express,118,3,Delivered,No Return,1
O00353,C0131,P0065,2025-11-11,2,4692,2439.84,6944.16,291.16,Cash on Delivery,Express,167,3,Delivered,No Return,3
O00354,C0351,P0027,2025-06-13,8,831,132.96,6515.04,2688.04,Net Banking,Standard,75,7,Delivered,No Return,5
O00355,C0331,P0172,2025-10-31,6,3407,2044.2,18397.8,2385.8,UPI,Standard,46,3,Delivered,No Return,2
O00356,C0463,P0171,2026-01-22,3,3470,728.7,9681.3,2814.3,Credit Card,Standard,81,6,Delivered,No Return,5
O00357,C0122,P0040,2026-01-12,4,5107,1225.68,19202.32,5264.32,UPI,Express,126,3,Delivered,No Return,1
O00358,C0093,P0129,2026-04-23,7,750,420.0,4830.0,1724.0,Debit Card,Standard,68,3,Delivered,No Return,4
O00359,C0324,P0209,2025-06-29,1,7780,155.6,7624.4,2902.4,Net Banking,Standard,55,5,Delivered,No Return,1
O00360,C0217,P0178,2025-07-12,6,3881,2095.74,21190.260000000002,6115.26,Debit Card,Standard,45,7,Delivered,No Return,5
O00361,C0119,P0074,2025-06-12,1,3946,315.68,3630.32,872.32,Debit Card,Standard,60,7,Delivered,No Return,2
O00362,C0182,P0078,2025-07-31,1,5877,587.7,5289.3,1192.3,Credit Card,Standard,79,3,Delivered,No Return,4
O00363,C0038,P0147,2025-05-26,1,2350,799.0,1551.0,-76.0,Debit Card,Standard,83,7,Cancelled,No Return,4
O00364,C0353,P0134,2025-11-06,10,690,828.0,6072.0,1739.0,Credit Card,Standard,83,5,Delivered,No Return,3
O00365,C0109,P0194,2025-10-13,2,1650,363.0,2937.0,531.0,Cash on Delivery,Express,122,1,Delivered,No Return,2
O00366,C0127,P0170,2026-05-06,10,2190,2409.0,19491.0,3171.0,Cash on Delivery,Same Day,300,0,Delivered,No Return,3
O00367,C0288,P0034,2025-05-25,9,5437,5871.96,43061.04,9678.04,Credit Card,Standard,83,3,Delivered,No Return,5
O00368,C0340,P0169,2026-03-05,5,2170,1302.0,9548.0,3302.0,Net Banking,Standard,46,7,Delivered,No Return,5
O00369,C0360,P0150,2025-06-14,8,203,211.12,1412.88,92.88,Net Banking,Same Day,216,1,Delivered,No Return,5
O00370,C0350,P0204,2026-03-30,8,4692,3002.88,34533.12,10371.12,UPI,Same Day,218,0,Delivered,No Return,3
O00371,C0356,P0022,2026-04-15,1,828,74.52,753.48,0.48,Debit Card,Standard,76,4,Returned,Returned,3
O00372,C0431,P0160,2026-01-08,2,2859,857.7,4860.3,138.3,UPI,Standard,76,4,Returned,Returned,5
O00373,C0095,P0105,2025-09-05,10,4619,923.8,45266.2,13852.2,Cash on Delivery,Standard,44,4,Delivered,No Return,3
O00374,C0207,P0080,2026-03-23,4,7630,4578.0,25942.0,8773.0,Cash on Delivery,Standard,61,5,Delivered,No Return,2
O00375,C0434,P0210,2025-07-28,4,3846,1538.4,13845.6,3418.6,UPI,Standard,71,6,Returned,Returned,1
O00376,C0295,P0190,2026-03-17,7,5515,1544.2,37060.8,9809.8,UPI,Same Day,252,1,Delivered,No Return,5
O00377,C0048,P0055,2025-11-30,10,2592,1555.2,24364.8,8586.8,UPI,Standard,88,6,Returned,Returned,1
O00378,C0182,P0126,2026-01-11,8,6229,11461.36,38370.64,1693.64,Credit Card,Same Day,245,0,Delivered,No Return,2
O00379,C0223,P0180,2026-01-19,8,8100,8424.0,56376.0,19049.0,Cash on Delivery,Standard,79,4,Delivered,No Return,4
O00380,C0168,P0065,2025-08-27,5,4692,6099.6,17360.4,1088.4,Cash on Delivery,Standard,57,3,Delivered,No Return,5
O00381,C0201,P0008,2025-12-29,10,5727,4581.6,52688.4,15525.4,UPI,Express,173,1,Delivered,No Return,4
O00382,C0270,P0201,2025-11-17,2,2475,148.5,4801.5,1675.5,Cash on Delivery,Standard,68,4,Delivered,No Return,5
O00383,C0236,P0015,2025-12-08,7,4156,4945.64,24146.36,3942.36,Credit Card,Express,128,2,Delivered,No Return,1
O00384,C0149,P0093,2025-07-27,2,664,66.4,1261.6,252.6,UPI,Same Day,253,0,Delivered,No Return,3
O00385,C0073,P0195,2025-12-12,10,6087,18869.7,42000.3,-2282.7,UPI,Standard,83,6,Delivered,No Return,1
O00386,C0305,P0206,2026-01-19,8,3236,3106.56,22781.44,7165.44,Net Banking,Standard,56,7,Delivered,No Return,1
O00387,C0128,P0149,2025-10-22,7,4295,2405.2,27659.8,4156.8,Net Banking,Same Day,228,1,Delivered,No Return,1
O00388,C0229,P0112,2025-11-15,7,4468,1563.8,29712.2,10344.2,Credit Card,Express,160,3,Delivered,No Return,4
O00389,C0387,P0221,2026-04-14,1,3062,183.72,2878.28,700.28,Cash on Delivery,Express,150,2,Delivered,No Return,1
O00390,C0479,P0201,2026-01-16,4,2475,297.0,9603.0,3413.0,Net Banking,Standard,74,6,Delivered,No Return,1
O00391,C0166,P0163,2025-10-25,8,743,59.44,5884.56,1367.56,Cash on Delivery,Same Day,261,0,Delivered,No Return,3
O00392,C0077,P0193,2025-11-02,1,6231,2118.54,4112.46,-648.54,UPI,Standard,89,6,Delivered,No Return,2
O00393,C0453,P0043,2025-06-02,9,4925,2216.25,42108.75,7709.75,Credit Card,Standard,64,3,Delivered,No Return,4
O00394,C0019,P0013,2025-12-16,3,6597,1187.46,18603.54,4494.54,Cash on Delivery,Standard,69,3,Cancelled,No Return,5
O00395,C0269,P0159,2026-02-23,5,1877,1220.05,8164.95,557.95,UPI,Standard,42,5,Delivered,No Return,4
O00396,C0465,P0088,2025-09-01,2,599,167.72,1030.28,-59.72,UPI,Express,176,2,Delivered,No Return,1
O00397,C0183,P0191,2026-01-28,7,6416,4491.2,40420.8,10217.8,Net Banking,Same Day,278,0,Delivered,No Return,3
O00398,C0397,P0138,2025-12-01,3,1269,190.35,3616.65,651.65,Net Banking,Standard,55,3,Delivered,No Return,2
O00399,C0451,P0115,2025-09-03,5,1708,1793.4,6746.6,-298.4,Debit Card,Standard,60,7,Delivered,No Return,1
O00400,C0056,P0015,2026-04-06,7,4156,4945.64,24146.36,3901.36,Cash on Delivery,Express,169,3,Delivered,No Return,5
O00401,C0017,P0216,2025-08-24,2,3133,0.0,6266.0,1952.0,Debit Card,Express,170,3,Delivered,No Return,5
O00402,C0153,P0195,2026-01-02,10,6087,18869.7,42000.3,-2274.7,UPI,Standard,75,6,Returned,Returned,2
O00403,C0459,P0120,2026-04-07,7,3123,1093.05,20767.95,4784.95,Net Banking,Standard,51,3,Returned,Returned,2
O00404,C0461,P0050,2025-06-12,6,4133,8431.32,16366.68,-1223.32,UPI,Standard,70,7,Delivered,No Return,2
O00405,C0279,P0099,2025-05-28,5,2876,287.6,14092.4,3237.4,Debit Card,Express,165,3,Delivered,No Return,3
O00406,C0083,P0044,2025-10-08,3,6666,1799.82,18198.18,5848.18,Net Banking,Standard,80,6,Delivered,No Return,5
O00407,C0370,P0193,2025-12-27,4,6231,8474.16,16449.84,-2297.16,Debit Card,Standard,59,6,Delivered,No Return,2
O00408,C0094,P0176,2026-04-09,9,7262,4575.06,60782.94,18751.94,UPI,Standard,64,5,Delivered,No Return,2
O00409,C0490,P0209,2025-07-06,6,7780,933.6,45746.4,17662.4,Debit Card,Standard,82,5,Delivered,No Return,2
O00410,C0346,P0018,2026-01-26,6,1528,733.44,8434.56,2100.56,Cash on Delivery,Standard,46,3,Delivered,No Return,1
O00411,C0210,P0154,2025-12-30,10,6972,2788.8,66931.2,24279.2,Debit Card,Standard,62,6,Delivered,No Return,1
O00412,C0093,P0168,2025-07-22,1,3397,849.25,2547.75,137.75,Debit Card,Standard,76,3,Delivered,No Return,1
O00413,C0339,P0092,2025-06-16,9,4115,370.35,36664.65,14753.65,UPI,Same Day,203,0,Delivered,No Return,5
O00414,C0291,P0004,2025-08-16,5,2253,1126.5,10138.5,948.5,Debit Card,Standard,85,4,Delivered,No Return,1
O00415,C0432,P0161,2025-06-22,3,5000,900.0,14100.0,5431.0,Net Banking,Standard,44,4,Delivered,No Return,1
O00416,C0278,P0100,2025-09-11,1,7859,864.49,6994.51,1944.51,Net Banking,Standard,78,7,Delivered,No Return,1
O00417,C0038,P0110,2026-02-02,8,6219,3482.64,46269.36,14545.36,Debit Card,Standard,84,6,Delivered,No Return,3
O00418,C0166,P0069,2025-09-26,6,732,570.96,3821.04,706.04,Cash on Delivery,Same Day,193,0,Returned,Returned,3
O00419,C0404,P0018,2025-11-09,1,1528,122.24,1405.76,85.76,UPI,Same Day,272,0,Delivered,No Return,5
O00420,C0317,P0067,2026-04-09,5,2552,638.0,12122.0,4498.0,Credit Card,Standard,69,3,Cancelled,No Return,5
O00421,C0468,P0068,2025-09-06,3,4482,2958.12,10487.880000000001,-151.12,Debit Card,Express,130,2,Delivered,No Return,5
O00422,C0221,P0067,2026-02-14,9,2552,1148.4,21819.6,8063.6,Debit Card,Express,157,1,Delivered,No Return,2
O00423,C0485,P0125,2025-07-26,8,4762,4952.48,33143.520000000004,11222.52,Cash on Delivery,Express,129,2,Delivered,No Return,5
O00424,C0011,P0088,2026-01-03,3,599,251.58,1545.42,107.42,Net Banking,Standard,67,5,Delivered,No Return,3
O00425,C0274,P0036,2026-02-06,10,7488,10483.2,64396.8,20591.8,UPI,Standard,55,3,Returned,Returned,5
O00426,C0119,P0218,2026-01-19,3,626,281.7,1596.3,255.3,Debit Card,Standard,87,5,Delivered,No Return,5
O00427,C0121,P0042,2026-01-07,1,3239,1133.65,2105.35,67.35,Debit Card,Express,168,2,Delivered,No Return,1
O00428,C0040,P0212,2026-04-29,4,3787,605.92,14542.08,5410.08,Cash on Delivery,Express,112,3,Delivered,No Return,4
O00429,C0100,P0148,2026-02-14,9,3494,0.0,31446.0,12966.0,Net Banking,Standard,75,6,Delivered,No Return,2
O00430,C0077,P0176,2025-08-12,5,7262,2541.7,33768.3,10320.3,UPI,Express,133,3,Delivered,No Return,1
O00431,C0249,P0120,2025-09-02,4,3123,624.6,11867.4,2691.4,UPI,Standard,72,7,Delivered,No Return,5
O00432,C0434,P0012,2025-07-28,3,328,127.92,856.08,47.08,UPI,Standard,68,7,Delivered,No Return,1
O00433,C0196,P0112,2025-08-31,1,4468,223.4,4244.6,1442.6,Cash on Delivery,Standard,58,4,Delivered,No Return,4
O00434,C0457,P0065,2025-10-26,1,4692,1219.92,3472.08,140.08,Credit Card,Standard,89,3,Returned,Returned,4
O00435,C0325,P0082,2025-12-07,4,1777,639.72,6468.28,2156.28,Debit Card,Express,120,3,Returned,Returned,5
O00436,C0284,P0057,2026-03-04,10,1654,2150.2,14389.8,1115.8,Credit Card,Same Day,264,1,Delivered,No Return,4
O00437,C0324,P0152,2026-03-21,8,4983,3587.76,36276.24,8518.24,Net Banking,Standard,54,7,Delivered,No Return,5
O00438,C0402,P0170,2025-05-27,8,2190,1927.2,15592.8,2663.8,Debit Card,Express,113,2,Delivered,No Return,2
O00439,C0186,P0031,2025-11-04,8,5801,4176.72,42231.28,10503.28,UPI,Same Day,256,0,Delivered,No Return,5
O00440,C0233,P0118,2025-11-13,1,280,56.0,224.0,-11.0,UPI,Standard,55,5,Delivered,No Return,1
O00441,C0335,P0121,2025-12-05,3,591,212.76,1560.24,-60.76,Cash on Delivery,Same Day,280,1,Delivered,No Return,2
O00442,C0313,P0128,2025-06-06,3,2737,410.55,7800.45,2324.45,Debit Card,Standard,58,4,Delivered,No Return,4
O00443,C0195,P0002,2025-11-22,5,7498,3749.0,33741.0,12396.0,Credit Card,Standard,50,7,Delivered,No Return,5
O00444,C0330,P0028,2025-11-28,4,6457,1807.96,24020.04,4606.04,UPI,Express,142,1,Delivered,No Return,5
O00445,C0094,P0022,2026-02-19,1,828,74.52,753.48,-100.52,UPI,Express,177,2,Delivered,No Return,2
O00446,C0096,P0041,2026-05-05,7,6032,10556.0,31668.0,3530.0,Debit Card,Standard,47,7,Delivered,No Return,2
O00447,C0125,P0048,2025-08-24,1,7838,627.04,7210.96,2629.96,Cash on Delivery,Standard,88,6,Delivered,No Return,4
O00448,C0431,P0202,2025-08-15,2,5174,620.88,9727.12,3401.12,UPI,Standard,60,5,Delivered,No Return,2
O00449,C0357,P0178,2026-05-13,8,3881,2794.32,28253.68,8161.68,Debit Card,Standard,52,3,Delivered,No Return,5
O00450,C0326,P0057,2026-04-28,3,1654,645.06,4316.9400000000005,274.94,Debit Card,Express,139,2,Delivered,No Return,2
O00451,C0041,P0097,2025-06-22,6,5139,3700.08,27133.92,7566.92,Debit Card,Same Day,265,0,Delivered,No Return,4
O00452,C0011,P0101,2026-02-24,4,464,204.16,1651.84,223.84,Net Banking,Same Day,248,0,Delivered,No Return,3
O00453,C0017,P0077,2026-04-15,1,5552,832.8,4719.2,1018.2,Debit Card,Standard,87,5,Delivered,No Return,1
O00454,C0098,P0127,2025-11-12,10,6609,11235.3,54854.7,10119.7,UPI,Standard,55,5,Delivered,No Return,2
O00455,C0217,P0010,2026-02-07,4,5781,2312.4,20811.6,4447.6,Debit Card,Standard,52,7,Delivered,No Return,4
O00456,C0429,P0166,2025-07-14,8,1956,4381.44,11266.560000000001,1321.56,Debit Card,Standard,89,7,Delivered,No Return,1
O00457,C0387,P0089,2025-10-25,6,6139,7735.14,29098.86,2397.86,Cash on Delivery,Standard,67,7,Delivered,No Return,3
O00458,C0389,P0096,2026-05-01,6,170,91.8,928.2,197.2,Debit Card,Standard,41,6,Delivered,No Return,4
O00459,C0500,P0161,2026-01-31,6,5000,1800.0,28200.0,10864.0,Cash on Delivery,Standard,86,3,Delivered,No Return,3
O00460,C0075,P0051,2025-12-22,10,4297,2578.2,40391.8,15708.8,Net Banking,Standard,43,4,Delivered,No Return,4
O00461,C0359,P0050,2026-05-11,9,4133,12646.98,24550.02,-1808.98,Debit Card,Standard,79,4,Delivered,No Return,5
O00462,C0330,P0101,2026-05-16,3,464,153.12,1238.88,287.88,UPI,Standard,66,7,Delivered,No Return,2
O00463,C0164,P0219,2026-01-27,1,914,100.54,813.46,229.46,Net Banking,Standard,76,3,Returned,Returned,1
O00464,C0319,P0114,2025-07-04,3,2450,441.0,6909.0,2466.0,Debit Card,Standard,90,6,Delivered,No Return,1
O00465,C0129,P0178,2025-12-05,7,3881,2445.03,24721.97,6930.97,Debit Card,Same Day,256,1,Returned,Returned,3
O00466,C0277,P0027,2025-06-24,1,831,16.62,814.38,264.38,Credit Card,Standard,81,5,Delivered,No Return,5
O00467,C0400,P0184,2026-05-05,3,953,514.62,2344.38,-4.62,UPI,Standard,87,7,Delivered,No Return,1
O00468,C0280,P0127,2025-06-27,10,6609,11235.3,54854.7,10134.7,Cash on Delivery,Standard,40,4,Delivered,No Return,1
O00469,C0226,P0148,2026-04-23,7,3494,0.0,24458.0,10093.0,Net Banking,Standard,50,7,Delivered,No Return,2
O00470,C0131,P0029,2026-03-12,10,6069,6069.0,54621.0,20755.0,Cash on Delivery,Standard,76,5,Delivered,No Return,1
O00471,C0275,P0193,2025-11-02,9,6231,19066.86,37012.14,-5082.86,Credit Card,Standard,47,7,Delivered,No Return,5
O00472,C0437,P0082,2026-04-19,1,1777,159.93,1617.07,523.07,Net Banking,Standard,46,5,Delivered,No Return,4
O00473,C0255,P0060,2026-03-24,3,1681,252.15,4790.85,825.85,Net Banking,Express,158,2,Delivered,No Return,5
O00474,C0275,P0191,2025-10-21,2,6416,1283.2,11548.8,2917.8,Credit Card,Standard,81,6,Delivered,No Return,4
O00475,C0397,P0008,2026-01-21,6,5727,2748.96,31613.04,9344.04,Net Banking,Standard,75,7,Delivered,No Return,5
O00476,C0051,P0074,2026-03-20,9,3946,2841.12,32672.88,8302.88,Cash on Delivery,Standard,88,5,Delivered,No Return,2
O00477,C0299,P0067,2025-12-30,4,2552,510.4,9697.6,3485.6,Credit Card,Express,168,1,Delivered,No Return,1
O00478,C0263,P0029,2026-03-03,8,6069,4855.2,43696.8,16596.8,Net Banking,Standard,68,5,Delivered,No Return,2
O00479,C0100,P0066,2025-12-16,2,2503,450.54,4555.46,234.46,Net Banking,Same Day,191,1,Delivered,No Return,2
O00480,C0437,P0112,2026-02-22,4,4468,893.6,16978.4,5849.4,Net Banking,Express,153,2,Delivered,No Return,5
O00481,C0055,P0149,2025-12-24,4,4295,1374.4,15805.6,2439.6,Cash on Delivery,Standard,66,3,Delivered,No Return,2
O00482,C0103,P0046,2026-04-11,5,1689,1013.4,7431.6,1838.6,Cash on Delivery,Standard,43,7,Delivered,No Return,4
O00483,C0065,P0101,2025-07-29,10,464,510.4,4129.6,995.6,Net Banking,Same Day,184,0,Delivered,No Return,5
O00484,C0460,P0059,2026-04-09,8,7395,3549.6,55610.4,15832.4,Debit Card,Express,154,2,Delivered,No Return,2
O00485,C0256,P0170,2025-12-24,10,2190,2409.0,19491.0,3400.0,Net Banking,Standard,71,5,Delivered,No Return,1
O00486,C0238,P0132,2026-04-08,5,6789,2376.15,31568.85,9043.85,UPI,Standard,80,3,Delivered,No Return,1
O00487,C0043,P0189,2026-04-26,6,804,1543.68,3280.3199999999997,284.32,UPI,Standard,62,7,Delivered,No Return,1
O00488,C0025,P0185,2025-07-13,1,4506,270.36,4235.64,661.64,Net Banking,Standard,75,5,Delivered,No Return,4
O00489,C0097,P0104,2026-03-07,5,3932,1966.0,17694.0,6471.0,Credit Card,Standard,88,6,Delivered,No Return,2
O00490,C0495,P0205,2025-07-15,10,3938,3150.4,36229.6,12003.6,Net Banking,Standard,66,4,Delivered,No Return,5
O00491,C0342,P0207,2026-04-07,7,944,528.64,6079.36,1275.36,Cash on Delivery,Same Day,205,0,Delivered,No Return,2
O00492,C0433,P0127,2025-10-17,8,6609,8988.24,43883.76,8077.76,Cash on Delivery,Standard,62,3,Delivered,No Return,3
O00493,C0053,P0088,2025-09-24,5,599,419.3,2575.7,249.7,Net Banking,Standard,41,6,Delivered,No Return,1
O00494,C0179,P0095,2026-02-04,1,2505,325.65,2179.35,143.35,Debit Card,Express,154,1,Delivered,No Return,5
O00495,C0461,P0108,2026-03-20,7,738,878.22,4287.78,1219.78,UPI,Express,100,3,Delivered,No Return,2
O00496,C0434,P0149,2025-12-15,2,4295,687.2,7902.8,1200.8,UPI,Standard,52,4,Delivered,No Return,3
O00497,C0353,P0057,2026-01-18,3,1654,645.06,4316.9400000000005,327.94,Credit Card,Standard,86,7,Delivered,No Return,5
O00498,C0463,P0104,2026-04-03,1,3932,393.2,3538.8,1199.8,Credit Card,Express,112,2,Delivered,No Return,4
O00499,C0013,P0089,2025-05-29,10,6139,12891.9,48498.1,4030.1,Cash on Delivery,Standard,78,5,Delivered,No Return,2
O00500,C0334,P0092,2026-05-01,10,4115,411.5,40738.5,16560.5,Credit Card,Standard,58,7,Delivered,No Return,2
O00501,C0375,P0115,2025-06-28,2,1708,717.36,2698.64,-182.36,Credit Card,Standard,87,5,Delivered,No Return,5
O00502,C0032,P0097,2026-02-21,9,5139,5550.12,40700.88,11670.88,Debit Card,Standard,77,3,Delivered,No Return,1
O00503,C0272,P0175,2025-07-12,7,1304,1277.92,7850.08,1404.08,Net Banking,Express,167,1,Delivered,No Return,5
O00504,C0410,P0085,2025-08-31,5,1052,263.0,4997.0,1783.0,Credit Card,Standard,64,5,Delivered,No Return,5
O00505,C0089,P0036,2026-05-12,2,7488,2096.64,12879.36,4047.36,Debit Card,Standard,82,4,Delivered,No Return,4
O00506,C0468,P0135,2025-07-29,7,1751,980.56,11276.44,4339.44,Debit Card,Standard,56,7,Delivered,No Return,3
O00507,C0144,P0023,2025-05-30,8,7317,7024.32,51511.68,16500.68,Cash on Delivery,Express,107,2,Delivered,No Return,5
O00508,C0028,P0193,2026-03-23,2,6231,4237.08,8224.92,-1178.08,Cash on Delivery,Standard,59,4,Delivered,No Return,1
O00509,C0041,P0069,2025-09-18,4,732,380.64,2547.36,536.36,Debit Card,Standard,63,5,Returned,Returned,1
O00510,C0435,P0080,2026-01-22,3,7630,3433.5,19456.5,6542.5,Debit Card,Standard,83,5,Delivered,No Return,3
O00511,C0068,P0079,2025-10-30,1,5618,224.72,5393.28,1042.28,Credit Card,Standard,43,6,Delivered,No Return,4
O00512,C0140,P0082,2026-03-09,1,1777,159.93,1617.07,493.07,Net Banking,Standard,76,5,Delivered,No Return,2
O00513,C0434,P0041,2025-08-07,10,6032,15080.0,45240.0,5020.0,UPI,Standard,90,4,Delivered,No Return,2
O00514,C0393,P0026,2026-02-13,10,1204,963.2,11076.8,2772.8,Net Banking,Standard,84,5,Delivered,No Return,3
O00515,C0149,P0032,2025-07-06,1,4088,367.92,3720.08,1004.08,UPI,Standard,87,3,Delivered,No Return,2
O00516,C0429,P0139,2025-09-29,7,7335,3080.7,48264.3,13816.3,Debit Card,Express,134,1,Delivered,No Return,2
O00517,C0410,P0032,2026-04-13,4,4088,1471.68,14880.32,4285.32,Credit Card,Standard,79,3,Delivered,No Return,2
O00518,C0026,P0175,2025-12-24,1,1304,182.56,1121.44,147.44,Credit Card,Standard,77,4,Returned,Returned,5
O00519,C0114,P0221,2025-05-30,2,3062,367.44,5756.56,1558.56,Credit Card,Express,142,1,Delivered,No Return,5
O00520,C0460,P0155,2025-06-05,8,5188,4565.44,36938.56,13316.56,Debit Card,Standard,62,3,Delivered,No Return,3
O00521,C0232,P0191,2026-05-07,10,6416,6416.0,57744.0,14919.0,Debit Card,Standard,75,7,Delivered,No Return,5
O00522,C0048,P0134,2026-05-01,5,690,414.0,3036.0,836.0,UPI,Standard,75,3,Delivered,No Return,3
O00523,C0267,P0109,2025-07-22,10,819,1146.6,7043.4,363.4,Credit Card,Standard,90,5,Delivered,No Return,4
O00524,C0014,P0081,2025-10-15,8,6621,4767.12,48200.88,15928.88,Net Banking,Same Day,192,0,Delivered,No Return,3
O00525,C0434,P0156,2026-02-16,4,6933,1109.28,26622.72,8416.72,UPI,Standard,42,7,Delivered,No Return,5
O00526,C0257,P0014,2026-05-15,6,7602,2280.6,43331.4,14801.4,Cash on Delivery,Standard,54,6,Delivered,No Return,1
O00527,C0272,P0149,2026-02-01,7,4295,2405.2,27659.8,4296.8,Net Banking,Standard,88,5,Delivered,No Return,1
O00528,C0301,P0062,2025-10-26,2,3173,63.46,6282.54,1041.54,Credit Card,Standard,61,6,Delivered,No Return,2
O00529,C0312,P0169,2026-04-19,7,2170,1822.8,13367.2,4602.2,UPI,Standard,85,4,Cancelled,No Return,2
O00530,C0090,P0168,2025-10-06,3,3397,2547.75,7643.25,531.25,Debit Card,Express,110,3,Delivered,No Return,1
O00531,C0020,P0093,2026-03-30,4,664,132.8,2523.2,879.2,Cash on Delivery,Express,132,2,Delivered,No Return,2
O00532,C0484,P0136,2025-07-07,8,6244,5494.72,44457.28,11266.28,Credit Card,Standard,47,4,Delivered,No Return,2
O00533,C0325,P0008,2025-10-13,7,5727,3207.12,36881.88,10826.88,Debit Card,Express,162,1,Delivered,No Return,4
O00534,C0314,P0020,2026-01-05,2,3746,973.96,6518.04,492.04,Credit Card,Standard,64,3,Delivered,No Return,5
O00535,C0329,P0111,2026-02-02,9,4343,1172.61,37914.39,12801.39,Credit Card,Standard,84,5,Returned,Returned,1
O00536,C0325,P0026,2025-10-21,4,1204,385.28,4430.72,1087.72,Debit Card,Standard,55,5,Delivered,No Return,4
O00537,C0288,P0157,2025-08-09,2,3666,513.24,6818.76,2136.76,Credit Card,Express,170,3,Delivered,No Return,3
O00538,C0342,P0137,2025-12-13,2,3932,865.04,6998.96,2475.96,Cash on Delivery,Standard,67,4,Delivered,No Return,1
O00539,C0339,P0100,2025-07-19,5,7859,4322.45,34972.55,10036.55,UPI,Standard,76,6,Delivered,No Return,3
O00540,C0497,P0121,2026-03-10,2,591,141.84,1040.16,78.16,Debit Card,Standard,68,4,Delivered,No Return,5
O00541,C0066,P0170,2025-06-17,1,2190,240.9,1949.1,295.1,Net Banking,Standard,52,7,Delivered,No Return,4
O00542,C0346,P0041,2026-02-12,9,6032,13572.0,40716.0,4518.0,Cash on Delivery,Standard,81,7,Delivered,No Return,4
O00543,C0123,P0098,2025-12-20,5,6571,4599.7,28255.3,7483.3,UPI,Standard,72,4,Delivered,No Return,5
O00544,C0044,P0070,2025-11-19,2,3336,1200.96,5471.04,1165.04,Cash on Delivery,Standard,86,6,Delivered,No Return,1
O00545,C0374,P0086,2025-08-16,2,426,51.12,800.88,175.88,Debit Card,Standard,71,4,Delivered,No Return,2
O00546,C0231,P0200,2026-04-11,9,7049,8247.33,55193.67,18708.67,Net Banking,Standard,44,4,Delivered,No Return,3
O00547,C0424,P0093,2025-07-12,10,664,332.0,6308.0,2462.0,Debit Card,Standard,66,6,Returned,Returned,2
O00548,C0451,P0212,2026-04-17,10,3787,1514.8,36355.2,13742.2,Debit Card,Standard,63,3,Delivered,No Return,3
O00549,C0331,P0218,2026-03-14,9,626,845.1,4788.9,892.9,UPI,Express,134,1,Delivered,No Return,1
O00550,C0268,P0199,2025-11-23,5,3906,390.6,19139.4,5222.4,Cash on Delivery,Standard,47,3,Delivered,No Return,4
O00551,C0201,P0204,2025-11-26,8,4692,3002.88,34533.12,10510.12,UPI,Standard,79,3,Delivered,No Return,1
O00552,C0181,P0109,2026-01-05,5,819,573.3,3521.7,157.7,Cash on Delivery,Standard,69,7,Delivered,No Return,2
O00553,C0250,P0171,2025-08-12,3,3470,728.7,9681.3,2842.3,Cash on Delivery,Standard,53,6,Delivered,No Return,4
O00554,C0364,P0089,2026-03-15,10,6139,12891.9,48498.1,4045.1,Credit Card,Standard,63,4,Delivered,No Return,5
O00555,C0195,P0169,2026-01-11,6,2170,1562.4,11457.6,3937.6,Credit Card,Standard,80,6,Delivered,No Return,1
O00556,C0475,P0033,2025-10-01,1,3673,293.84,3379.16,419.16,Credit Card,Standard,71,6,Delivered,No Return,5
O00557,C0473,P0195,2025-06-05,2,6087,3773.94,8400.06,-495.94,Debit Card,Standard,56,3,Delivered,No Return,1
O00558,C0266,P0063,2025-09-24,9,1723,1085.49,14421.51,5363.51,Debit Card,Standard,40,3,Cancelled,No Return,5
O00559,C0229,P0033,2025-05-24,7,3673,2056.88,23654.12,3388.12,Credit Card,Standard,43,5,Delivered,No Return,1
O00560,C0328,P0003,2025-08-29,3,1423,213.45,4055.55,539.55,Debit Card,Same Day,258,0,Delivered,No Return,5
O00561,C0126,P0068,2025-12-17,1,4482,986.04,3495.96,-80.04,Debit Card,Standard,73,6,Returned,Returned,5
O00562,C0434,P0167,2026-04-09,1,869,60.83,808.17,-35.83,UPI,Express,128,1,Delivered,No Return,5
O00563,C0052,P0035,2025-08-12,7,1231,603.19,8013.8099999999995,1075.81,Credit Card,Standard,85,5,Returned,Returned,2
O00564,C0229,P0130,2025-12-21,4,487,253.24,1694.76,43.76,Credit Card,Express,127,1,Delivered,No Return,2
O00565,C0308,P0053,2026-04-26,3,1082,357.06,2888.94,884.94,Debit Card,Standard,87,5,Delivered,No Return,2
O00566,C0191,P0182,2026-04-07,3,3298,1780.92,8113.08,1130.08,Cash on Delivery,Standard,77,3,Delivered,No Return,1
O00567,C0357,P0018,2026-03-30,9,1528,1100.16,12651.84,3136.84,Debit Card,Standard,83,3,Delivered,No Return,4
O00568,C0117,P0170,2025-06-26,4,2190,963.6,7796.4,1274.4,Cash on Delivery,Express,114,3,Delivered,No Return,2
O00569,C0149,P0104,2025-12-17,10,3932,3932.0,35388.0,12981.0,UPI,Express,137,2,Delivered,No Return,1
O00570,C0424,P0092,2026-02-27,1,4115,41.15,4073.85,1553.85,Debit Card,Express,108,2,Delivered,No Return,3
O00571,C0094,P0020,2025-05-28,6,3746,2921.88,19554.12,1592.12,UPI,Standard,76,4,Delivered,No Return,5
O00572,C0174,P0206,2025-07-20,7,3236,2718.24,19933.760000000002,6264.76,Debit Card,Standard,54,5,Delivered,No Return,3
O00573,C0199,P0041,2026-03-30,5,6032,7540.0,22620.0,2504.0,Net Banking,Standard,51,3,Delivered,No Return,4
O00574,C0497,P0085,2025-07-27,6,1052,315.6,5996.4,2159.4,Debit Card,Standard,57,6,Delivered,No Return,5
O00575,C0429,P0042,2025-12-05,9,3239,10202.85,18948.15,2050.15,Debit Card,Standard,68,3,Delivered,No Return,5
O00576,C0235,P0050,2025-12-03,2,4133,2810.44,5455.5599999999995,-444.44,Debit Card,Standard,60,3,Delivered,No Return,4
O00577,C0117,P0038,2025-06-08,4,5758,2994.16,20037.84,1334.84,Cash on Delivery,Standard,71,4,Delivered,No Return,4
O00578,C0340,P0095,2025-11-28,6,2505,1953.9,13076.1,1725.1,Net Banking,Standard,59,4,Returned,Returned,1
O00579,C0346,P0029,2026-04-27,4,6069,2427.6,21848.4,8228.4,Cash on Delivery,Express,104,2,Delivered,No Return,2
O00580,C0180,P0082,2025-10-02,3,1777,479.79,4851.21,1556.21,Credit Card,Express,151,1,Delivered,No Return,2
O00581,C0022,P0008,2025-05-29,8,5727,3665.28,42150.72,12509.72,Net Banking,Standard,49,7,Delivered,No Return,2
O00582,C0094,P0149,2025-09-04,6,4295,2061.6,23708.4,3684.4,UPI,Standard,74,5,Returned,Returned,2
O00583,C0044,P0077,2025-12-17,5,5552,4164.0,23596.0,5484.0,Cash on Delivery,Standard,42,3,Delivered,No Return,3
O00584,C0473,P0193,2026-02-05,8,6231,16948.32,32899.68,-4525.32,Debit Card,Standard,49,4,Delivered,No Return,2
O00585,C0164,P0170,2025-11-06,2,2190,481.8,3898.2,561.2,Net Banking,Express,133,1,Delivered,No Return,2
O00586,C0128,P0199,2026-04-26,10,3906,781.2,38278.8,10432.8,Net Banking,Express,106,3,Delivered,No Return,5
O00587,C0166,P0167,2025-11-04,2,869,121.66,1616.34,83.34,Cash on Delivery,Express,101,1,Delivered,No Return,2
O00588,C0134,P0086,2025-10-24,6,426,153.36,2402.64,687.64,Credit Card,Standard,53,3,Delivered,No Return,2
O00589,C0040,P0070,2026-03-31,9,3336,5404.32,24619.68,5540.68,Cash on Delivery,Standard,89,7,Delivered,No Return,5
O00590,C0291,P0196,2026-01-02,4,2968,593.6,11278.4,2698.4,Debit Card,Same Day,252,0,Returned,Returned,5
O00591,C0055,P0183,2026-05-20,8,1443,346.32,11197.68,3234.68,Cash on Delivery,Express,163,2,Delivered,No Return,1
O00592,C0174,P0123,2025-07-18,8,455,546.0,3094.0,546.0,Debit Card,Standard,60,5,Delivered,No Return,2
O00593,C0203,P0024,2026-02-10,2,7991,4634.78,11347.220000000001,1778.22,Credit Card,Express,159,1,Delivered,No Return,4
O00594,C0004,P0196,2025-11-21,1,2968,148.4,2819.6,665.6,UPI,Standard,72,7,Delivered,No Return,3
O00595,C0062,P0070,2025-09-12,5,3336,3002.4,13677.6,3084.6,Credit Card,Standard,43,3,Delivered,No Return,1
O00596,C0344,P0151,2026-02-21,8,3540,8212.8,20107.2,2373.2,Credit Card,Standard,78,4,Delivered,No Return,5
O00597,C0307,P0162,2025-11-29,9,5708,5650.92,45721.08,12245.08,UPI,Standard,41,5,Delivered,No Return,2
O00598,C0217,P0207,2025-08-21,9,944,679.68,7816.32,1754.32,Debit Card,Express,149,3,Delivered,No Return,2
O00599,C0473,P0183,2025-09-12,10,1443,432.9,13997.1,4161.1,Debit Card,Standard,86,6,Delivered,No Return,2
O00600,C0324,P0079,2025-11-21,9,5618,2022.48,48539.52,9633.52,Net Banking,Express,134,1,Delivered,No Return,1
O00601,C0179,P0175,2026-03-07,1,1304,182.56,1121.44,153.44,Debit Card,Standard,71,4,Delivered,No Return,3
O00602,C0109,P0114,2025-05-22,3,2450,441.0,6909.0,2513.0,Cash on Delivery,Standard,43,6,Delivered,No Return,3
O00603,C0064,P0059,2025-10-11,8,7395,3549.6,55610.4,15898.4,Debit Card,Standard,88,6,Delivered,No Return,3
O00604,C0160,P0208,2026-01-02,5,6054,2118.9,28151.1,10786.1,Debit Card,Standard,70,5,Delivered,No Return,2
O00605,C0272,P0036,2026-02-25,4,7488,4193.28,25758.72,8109.72,Net Banking,Express,149,2,Delivered,No Return,3
O00606,C0294,P0192,2025-09-17,4,1872,673.92,6814.08,1275.08,Debit Card,Standard,51,6,Delivered,No Return,5
O00607,C0461,P0135,2025-07-04,9,1751,1260.72,14498.28,5607.28,UPI,Standard,44,6,Delivered,No Return,4
O00608,C0215,P0063,2026-05-08,10,1723,1206.1,16023.9,5933.9,Credit Card,Standard,70,6,Delivered,No Return,4
O00609,C0143,P0195,2026-03-18,2,6087,3773.94,8400.06,-581.94,Debit Card,Express,142,1,Returned,Returned,4
O00610,C0055,P0219,2026-03-23,7,914,703.78,5694.22,2097.22,Cash on Delivery,Standard,41,6,Delivered,No Return,1
O00611,C0269,P0107,2026-01-21,1,3023,151.15,2871.85,791.85,UPI,Standard,72,7,Delivered,No Return,3
O00612,C0270,P0149,2025-07-22,7,4295,2405.2,27659.8,4340.8,Cash on Delivery,Standard,44,7,Delivered,No Return,3
O00613,C0245,P0166,2026-03-12,8,1956,4381.44,11266.560000000001,1321.56,Debit Card,Standard,89,6,Delivered,No Return,5
O00614,C0266,P0167,2025-09-19,9,869,547.47,7273.53,658.53,Debit Card,Express,171,2,Delivered,No Return,3
O00615,C0342,P0068,2025-08-07,4,4482,3944.16,13983.84,-99.16,Cash on Delivery,Standard,71,7,Delivered,No Return,2
O00616,C0392,P0120,2025-08-17,10,3123,1561.5,29668.5,6823.5,Debit Card,Standard,85,5,Delivered,No Return,3
O00617,C0115,P0176,2026-01-17,8,7262,4066.72,54029.28,16493.28,Debit Card,Same Day,232,1,Delivered,No Return,3
O00618,C0133,P0206,2026-02-20,5,3236,1941.6,14238.4,4462.4,Credit Card,Standard,51,4,Cancelled,No Return,5
O00619,C0061,P0131,2025-11-11,3,2477,594.48,6836.52,1134.52,Credit Card,Standard,56,3,Delivered,No Return,5
O00620,C0075,P0084,2026-01-13,10,6457,8394.1,56175.9,10697.9,Net Banking,Standard,88,6,Delivered,No Return,5
O00621,C0364,P0004,2025-06-16,9,2253,2027.7,18249.3,1772.3,Credit Card,Standard,88,6,Delivered,No Return,1
O00622,C0018,P0022,2026-04-09,6,828,447.12,4520.88,374.88,Net Banking,Standard,84,5,Delivered,No Return,2
O00623,C0052,P0065,2025-11-03,6,4692,7319.52,20832.48,1319.48,Credit Card,Standard,55,3,Cancelled,No Return,2
O00624,C0370,P0205,2026-03-29,6,3938,1890.24,21737.76,7164.76,Debit Card,Standard,77,4,Delivered,No Return,3
O00625,C0214,P0039,2025-08-04,10,4933,5426.3,43903.7,15362.7,Credit Card,Standard,81,7,Delivered,No Return,2
O00626,C0389,P0154,2026-02-07,3,6972,836.64,20079.36,7217.36,Debit Card,Standard,85,4,Delivered,No Return,4
O00627,C0385,P0150,2025-07-30,3,203,79.17,529.83,74.83,Credit Card,Standard,41,3,Delivered,No Return,5
O00628,C0313,P0154,2026-01-18,8,6972,2231.04,53544.96,19384.96,Debit Card,Standard,88,3,Delivered,No Return,3
O00629,C0275,P0133,2025-08-15,5,846,0.0,4230.0,1489.0,Credit Card,Standard,86,3,Delivered,No Return,4
O00630,C0108,P0078,2025-10-03,7,5877,4113.9,37025.1,8847.1,Debit Card,Standard,52,4,Delivered,No Return,2
O00631,C0284,P0157,2025-10-04,2,3666,513.24,6818.76,2244.76,Credit Card,Standard,62,4,Delivered,No Return,2
O00632,C0471,P0075,2025-11-14,2,1199,431.64,1966.3600000000001,12.36,Credit Card,Standard,46,4,Delivered,No Return,1
O00633,C0325,P0008,2025-11-18,6,5727,2748.96,31613.04,9341.04,Debit Card,Standard,78,5,Delivered,No Return,4
O00634,C0221,P0179,2025-08-23,8,7966,4460.96,59267.04,23078.04,Debit Card,Standard,61,7,Returned,Returned,2
O00635,C0294,P0081,2026-03-05,3,6621,1787.67,18075.33,5834.33,Debit Card,Same Day,211,1,Cancelled,No Return,3
O00636,C0174,P0010,2025-11-07,3,5781,1734.3,15608.7,3328.7,Debit Card,Standard,46,7,Delivered,No Return,5
O00637,C0391,P0143,2025-06-10,4,3320,796.8,12483.2,2643.2,Cash on Delivery,Standard,44,5,Delivered,No Return,2
O00638,C0353,P0110,2026-01-21,5,6219,2176.65,28918.35,8993.35,Credit Card,Express,150,1,Delivered,No Return,2
O00639,C0484,P0088,2025-09-11,2,599,167.72,1030.28,47.28,Credit Card,Standard,69,6,Delivered,No Return,3
O00640,C0308,P0142,2025-07-26,4,4321,2074.08,15209.92,4442.92,Debit Card,Express,159,2,Delivered,No Return,4
O00641,C0272,P0217,2025-07-16,6,4041,1939.68,22306.32,7851.32,Net Banking,Standard,43,7,Delivered,No Return,4
O00642,C0429,P0168,2026-02-21,5,3397,4246.25,12738.75,1025.75,Debit Card,Standard,43,4,Delivered,No Return,2
O00643,C0065,P0176,2025-10-30,8,7262,4066.72,54029.28,16672.28,Net Banking,Standard,53,7,Delivered,No Return,1
O00644,C0198,P0176,2025-11-17,4,7262,2033.36,27014.64,8186.64,UPI,Express,176,2,Delivered,No Return,5
O00645,C0443,P0027,2026-04-15,5,831,83.1,4071.9,1577.9,Credit Card,Express,149,3,Delivered,No Return,2
O00646,C0019,P0198,2026-01-21,8,1662,398.88,12897.12,4497.12,Cash on Delivery,Standard,88,5,Delivered,No Return,5
O00647,C0106,P0152,2026-03-13,9,4983,4036.23,40810.77,9587.77,Cash on Delivery,Standard,56,4,Delivered,No Return,4
O00648,C0135,P0110,2025-08-21,9,6219,3917.97,52053.03,16404.03,Debit Card,Standard,54,7,Delivered,No Return,4
O00649,C0231,P0136,2025-10-14,1,6244,686.84,5557.16,1374.16,Net Banking,Standard,40,5,Cancelled,No Return,1
O00650,C0300,P0107,2025-06-07,8,3023,1209.2,22974.8,6858.8,UPI,Standard,52,4,Delivered,No Return,5
O00651,C0200,P0163,2025-08-13,5,743,37.15,3677.85,964.85,Cash on Delivery,Standard,53,6,Delivered,No Return,5
O00652,C0178,P0012,2026-02-23,3,328,127.92,856.08,59.08,Net Banking,Standard,56,4,Delivered,No Return,5
O00653,C0336,P0148,2026-01-24,9,3494,0.0,31446.0,12988.0,Cash on Delivery,Standard,53,4,Delivered,No Return,5
O00654,C0410,P0198,2026-05-22,1,1662,49.86,1612.14,286.14,Credit Card,Same Day,287,0,Delivered,No Return,2
O00655,C0111,P0064,2026-02-15,2,6488,1427.36,11548.64,3277.64,Debit Card,Express,161,1,Delivered,No Return,5
O00656,C0438,P0024,2025-12-12,1,7991,2317.39,5673.610000000001,878.61,Cash on Delivery,Standard,90,5,Returned,Returned,2
O00657,C0305,P0180,2025-09-18,6,8100,6318.0,42282.0,14300.0,Net Banking,Standard,46,5,Delivered,No Return,1
O00658,C0260,P0064,2025-09-29,5,6488,3568.4,28871.6,8469.6,Credit Card,Express,127,3,Returned,Returned,4
O00659,C0460,P0006,2026-03-08,6,2734,1148.28,15255.72,3470.72,Debit Card,Same Day,241,0,Delivered,No Return,4
O00660,C0500,P0106,2025-12-16,5,3913,1565.2,17999.8,1849.8,Cash on Delivery,Standard,70,5,Delivered,No Return,2
O00661,C0415,P0105,2025-10-20,9,4619,831.42,40739.58,12458.58,Net Banking,Standard,48,3,Delivered,No Return,3
O00662,C0340,P0023,2025-06-14,10,7317,8780.4,64389.6,20646.6,Net Banking,Express,113,2,Delivered,No Return,2
O00663,C0116,P0188,2025-12-05,4,899,1186.68,2409.3199999999997,204.32,Debit Card,Express,177,1,Delivered,No Return,4
O00664,C0111,P0172,2025-09-24,1,3407,340.7,3066.3,365.3,Debit Card,Standard,40,6,Returned,Returned,1
O00665,C0370,P0024,2025-07-02,8,7991,18539.12,45388.880000000005,7594.88,Debit Card,Express,154,1,Delivered,No Return,3
O00666,C0408,P0095,2025-08-30,4,2505,1302.6,8717.4,1145.4,Net Banking,Standard,44,5,Delivered,No Return,5
O00667,C0429,P0142,2025-07-16,6,4321,3111.12,22814.88,6839.88,Debit Card,Standard,63,7,Returned,Returned,2
O00668,C0274,P0112,2025-12-24,2,4468,446.8,8489.2,2913.2,UPI,Standard,88,4,Returned,Returned,1
O00669,C0039,P0009,2025-11-16,8,965,154.4,7565.6,1737.6,UPI,Express,172,2,Delivered,No Return,2
O00670,C0272,P0203,2025-09-29,7,4865,3064.95,30990.05,6604.05,Net Banking,Express,159,2,Delivered,No Return,4
O00671,C0324,P0198,2025-05-25,3,1662,149.58,4836.42,1642.42,Net Banking,Standard,77,7,Delivered,No Return,3
O00672,C0240,P0114,2025-07-03,4,2450,588.0,9212.0,3318.0,Cash on Delivery,Standard,90,7,Delivered,No Return,4
O00673,C0480,P0109,2026-05-06,4,819,458.64,2817.36,104.36,Credit Card,Standard,77,5,Returned,Returned,2
O00674,C0429,P0007,2025-07-11,8,6448,16506.88,35077.119999999995,739.12,Debit Card,Standard,74,6,Returned,Returned,4
O00675,C0026,P0193,2025-05-28,9,6231,19066.86,37012.14,-5101.86,Credit Card,Standard,66,4,Delivered,No Return,1
O00676,C0074,P0182,2025-09-22,3,3298,1780.92,8113.08,1044.08,UPI,Express,163,2,Delivered,No Return,4
O00677,C0117,P0129,2025-08-26,2,750,120.0,1380.0,320.0,Cash on Delivery,Same Day,192,0,Delivered,No Return,4
O00678,C0397,P0039,2025-12-16,5,4933,2713.15,21951.85,7655.85,Net Banking,Standard,66,7,Delivered,No Return,4
O00679,C0342,P0107,2026-02-15,7,3023,1058.05,20102.95,5941.95,Cash on Delivery,Express,105,2,Delivered,No Return,3
O00680,C0037,P0190,2025-07-09,7,5515,1544.2,37060.8,9791.8,Credit Card,Same Day,270,0,Delivered,No Return,4
O00681,C0252,P0125,2026-04-13,6,4762,3714.36,24857.64,8367.64,Cash on Delivery,Express,146,2,Delivered,No Return,1
O00682,C0092,P0194,2025-06-08,6,1650,1089.0,8811.0,1871.0,UPI,Standard,88,3,Delivered,No Return,2
O00683,C0317,P0103,2026-02-12,9,7245,11736.9,53468.1,14792.1,Credit Card,Same Day,273,0,Delivered,No Return,4
O00684,C0026,P0054,2025-12-18,6,4394,6854.64,19509.36,-2621.64,Credit Card,Same Day,201,1,Delivered,No Return,4
O00685,C0209,P0131,2025-12-16,8,2477,1585.28,18230.72,3091.72,UPI,Standard,83,3,Delivered,No Return,4
O00686,C0218,P0075,2025-12-10,4,1199,863.28,3932.7200000000003,48.72,Debit Card,Standard,68,5,Delivered,No Return,4
O00687,C0463,P0055,2026-05-10,2,2592,311.04,4872.96,1455.96,Credit Card,Same Day,279,0,Delivered,No Return,2
O00688,C0109,P0007,2025-12-28,1,6448,2063.36,4384.639999999999,23.64,Cash on Delivery,Standard,78,5,Delivered,No Return,1
O00689,C0462,P0153,2025-07-18,1,1099,65.94,1033.06,154.06,Credit Card,Express,138,3,Delivered,No Return,2
O00690,C0254,P0198,2026-01-05,6,1662,299.16,9672.84,3150.84,Credit Card,Same Day,288,0,Delivered,No Return,5
O00691,C0164,P0167,2025-07-21,5,869,304.15,4040.85,301.85,Net Banking,Express,159,3,Delivered,No Return,5
O00692,C0391,P0042,2025-12-25,5,3239,5668.25,10526.75,1088.75,Cash on Delivery,Standard,88,7,Delivered,No Return,3
O00693,C0346,P0085,2025-11-01,2,1052,105.2,1998.8,663.8,Cash on Delivery,Standard,75,4,Delivered,No Return,4
O00694,C0275,P0107,2026-04-05,5,3023,755.75,14359.25,4254.25,Credit Card,Standard,65,4,Returned,Returned,5
O00695,C0438,P0187,2025-11-02,9,7198,1295.64,63486.36,24743.36,Cash on Delivery,Standard,61,4,Delivered,No Return,1
O00696,C0410,P0122,2025-05-29,2,1327,398.1,2255.9,43.9,Credit Card,Same Day,194,0,Delivered,No Return,4
O00697,C0438,P0214,2025-11-19,7,3317,5572.56,17646.44,-1305.56,Cash on Delivery,Standard,80,7,Delivered,No Return,4
O00698,C0160,P0177,2025-10-28,7,3681,2576.7,23190.3,6066.3,Debit Card,Standard,58,6,Delivered,No Return,5
O00699,C0421,P0047,2026-03-03,5,6767,4060.2,29774.8,5311.8,Credit Card,Express,153,3,Delivered,No Return,2
O00700,C0244,P0061,2025-11-20,9,6547,4713.84,54209.16,14264.16,Net Banking,Standard,48,7,Delivered,No Return,5
O00701,C0429,P0198,2025-06-22,5,1662,249.3,8060.7,2791.7,Debit Card,Standard,74,3,Delivered,No Return,5
O00702,C0470,P0128,2025-06-06,10,2737,1368.5,26001.5,7890.5,Debit Card,Standard,51,4,Delivered,No Return,2
O00703,C0004,P0061,2025-10-07,10,6547,5237.6,60232.4,15831.4,UPI,Standard,71,4,Delivered,No Return,2
O00704,C0253,P0131,2025-08-26,7,2477,1387.12,15951.880000000001,2644.88,Credit Card,Express,133,1,Delivered,No Return,1
O00705,C0132,P0141,2025-09-17,1,7462,149.24,7312.76,2198.76,Net Banking,Same Day,186,1,Delivered,No Return,5
O00706,C0314,P0164,2026-02-09,6,4179,1755.18,23318.82,7032.82,Credit Card,Standard,62,5,Delivered,No Return,3
O00707,C0200,P0042,2026-02-13,5,3239,5668.25,10526.75,1094.75,Cash on Delivery,Standard,82,3,Delivered,No Return,2
O00708,C0052,P0204,2025-08-08,7,4692,2627.52,30216.48,9059.48,Credit Card,Same Day,206,1,Delivered,No Return,4
O00709,C0049,P0042,2025-11-12,7,3239,7935.55,14737.45,1500.45,Credit Card,Express,147,3,Delivered,No Return,3
O00710,C0162,P0094,2025-06-12,2,2619,1152.36,4085.6400000000003,658.64,UPI,Same Day,297,1,Delivered,No Return,4
O00711,C0013,P0111,2026-01-09,3,4343,390.87,12638.13,4236.13,Cash on Delivery,Standard,59,7,Delivered,No Return,1
O00712,C0389,P0019,2026-01-07,7,7081,6939.38,42627.62,9461.62,Debit Card,Standard,42,6,Delivered,No Return,3
O00713,C0429,P0185,2025-07-18,1,4506,270.36,4235.64,658.64,Debit Card,Standard,78,4,Delivered,No Return,5
O00714,C0279,P0064,2026-03-23,6,6488,4282.08,34645.92,10185.92,Debit Card,Express,130,2,Delivered,No Return,4
O00715,C0398,P0216,2026-04-22,5,3133,0.0,15665.0,5264.0,Net Banking,Standard,41,3,Returned,Returned,1
O00716,C0312,P0091,2026-04-06,3,2647,0.0,7941.0,1414.0,UPI,Express,131,3,Delivered,No Return,2
O00717,C0170,P0214,2025-08-28,2,3317,1592.16,5041.84,-627.16,Credit Card,Same Day,277,1,Delivered,No Return,3
O00718,C0077,P0179,2025-11-12,2,7966,1115.24,14816.76,5579.76,UPI,Same Day,205,1,Delivered,No Return,3
O00719,C0060,P0190,2025-12-26,6,5515,1323.6,31766.4,8557.4,Credit Card,Standard,67,5,Delivered,No Return,1
O00720,C0142,P0073,2025-06-21,8,5271,13493.76,28674.239999999998,2028.24,UPI,Standard,54,3,Delivered,No Return,2
O00721,C0479,P0207,2026-05-10,6,944,453.12,5210.88,1192.88,Net Banking,Standard,76,4,Delivered,No Return,3
O00722,C0249,P0011,2025-08-05,9,2292,618.84,20009.16,3455.16,UPI,Standard,75,3,Delivered,No Return,4
O00723,C0188,P0075,2025-11-03,10,1199,2158.2,9831.8,239.8,Credit Card,Standard,52,6,Delivered,No Return,1
O00724,C0108,P0151,2026-02-03,5,3540,5133.0,12567.0,1303.0,Debit Card,Same Day,229,0,Delivered,No Return,3
O00725,C0362,P0147,2026-02-14,6,2350,4794.0,9306.0,-22.0,UPI,Standard,64,7,Cancelled,No Return,2
O00726,C0468,P0108,2026-03-03,4,738,501.84,2450.16,582.16,Debit Card,Express,172,3,Delivered,No Return,3
O00727,C0483,P0154,2025-06-06,8,6972,2231.04,53544.96,19400.96,Cash on Delivery,Standard,72,3,Delivered,No Return,4
O00728,C0325,P0068,2025-12-05,1,4482,986.04,3495.96,-49.04,Debit Card,Standard,42,6,Delivered,No Return,2
O00729,C0302,P0098,2026-05-08,7,6571,6439.58,39557.42,10491.42,Net Banking,Standard,86,6,Delivered,No Return,1
O00730,C0324,P0016,2026-05-09,8,459,918.0,2754.0,655.0,Net Banking,Standard,51,4,Delivered,No Return,4
O00731,C0479,P0090,2026-03-23,6,1252,300.48,7211.52,2153.52,Net Banking,Standard,54,7,Delivered,No Return,2
O00732,C0114,P0047,2025-10-26,9,6767,7308.36,53594.64,9754.64,Credit Card,Standard,82,4,Delivered,No Return,1
O00733,C0494,P0129,2026-01-06,2,750,120.0,1380.0,460.0,Credit Card,Standard,52,6,Cancelled,No Return,2
O00734,C0191,P0061,2026-05-11,2,6547,1047.52,12046.48,3070.48,Cash on Delivery,Express,110,2,Delivered,No Return,3
O00735,C0392,P0173,2026-04-09,10,3487,5230.5,29639.5,4773.5,Debit Card,Standard,76,5,Returned,Returned,1
O00736,C0363,P0150,2026-05-08,1,203,26.39,176.61,-7.39,Net Banking,Standard,46,5,Delivered,No Return,2
O00737,C0367,P0148,2026-05-17,8,3494,0.0,27952.0,11318.0,Net Banking,Same Day,274,0,Delivered,No Return,3
O00738,C0346,P0112,2025-12-28,8,4468,1787.2,33956.8,11936.8,Cash on Delivery,Standard,68,4,Delivered,No Return,4
O00739,C0433,P0200,2025-12-04,10,7049,9163.7,61326.3,20791.3,Cash on Delivery,Standard,45,6,Delivered,No Return,1
O00740,C0376,P0123,2025-07-22,2,455,136.5,773.5,88.5,Cash on Delivery,Standard,63,6,Delivered,No Return,2
O00741,C0346,P0096,2025-09-27,4,170,61.2,618.8,32.8,Cash on Delivery,Express,126,3,Delivered,No Return,4
O00742,C0447,P0194,2025-07-08,6,1650,1089.0,8811.0,1903.0,Net Banking,Standard,56,4,Delivered,No Return,3
O00743,C0144,P0080,2025-11-10,4,7630,4578.0,25942.0,8788.0,Cash on Delivery,Standard,46,5,Delivered,No Return,3
O00744,C0037,P0074,2025-08-30,10,3946,3156.8,36303.2,9248.2,Credit Card,Standard,75,7,Delivered,No Return,3
O00745,C0492,P0064,2025-11-08,4,6488,2854.72,23097.28,6802.28,Debit Card,Standard,75,7,Delivered,No Return,3
O00746,C0234,P0114,2025-10-21,1,2450,147.0,2303.0,811.0,Credit Card,Standard,41,5,Cancelled,No Return,5
O00747,C0406,P0144,2025-07-21,8,2605,1458.8,19381.2,4157.2,Debit Card,Standard,80,7,Delivered,No Return,3
O00748,C0256,P0090,2025-06-24,5,1252,250.4,6009.6,1768.6,Net Banking,Standard,71,4,Delivered,No Return,3
O00749,C0081,P0175,2025-09-27,1,1304,182.56,1121.44,181.44,Debit Card,Standard,43,4,Delivered,No Return,2
O00750,C0116,P0120,2026-05-07,5,3123,780.75,14834.25,3393.25,Debit Card,Standard,61,4,Delivered,No Return,3
O00751,C0087,P0177,2025-11-24,8,3681,2944.8,26503.2,6934.2,UPI,Standard,65,7,Delivered,No Return,1
O00752,C0017,P0050,2025-09-09,8,4133,11241.76,21822.239999999998,-1695.76,Debit Card,Express,158,2,Delivered,No Return,5
O00753,C0083,P0150,2025-09-20,6,203,158.34,1059.66,151.66,Net Banking,Standard,80,4,Delivered,No Return,5
O00754,C0172,P0061,2026-05-07,6,6547,3142.56,36139.44,9462.44,Credit Card,Standard,79,4,Delivered,No Return,3
O00755,C0426,P0036,2025-09-29,1,7488,1048.32,6439.68,1983.68,Credit Card,Standard,81,5,Delivered,No Return,1
O00756,C0392,P0190,2026-02-08,9,5515,1985.4,47649.6,12873.6,Debit Card,Standard,63,3,Delivered,No Return,2
O00757,C0427,P0022,2025-07-06,6,828,447.12,4520.88,403.88,Credit Card,Standard,55,7,Delivered,No Return,1
O00758,C0228,P0183,2026-04-23,5,1443,216.45,6998.55,2035.55,Net Banking,Standard,88,3,Delivered,No Return,3
O00759,C0328,P0220,2026-04-02,2,7303,1460.6,13145.4,3408.4,Debit Card,Standard,43,5,Delivered,No Return,2
O00760,C0353,P0063,2025-12-30,7,1723,844.27,11216.73,4116.73,Credit Card,Standard,86,7,Delivered,No Return,1
O00761,C0171,P0139,2026-05-07,9,7335,3960.9,62054.1,17868.1,Debit Card,Standard,68,5,Delivered,No Return,4
O00762,C0122,P0001,2025-11-22,6,5468,2624.64,30183.36,3153.36,UPI,Express,156,3,Delivered,No Return,2
O00763,C0327,P0097,2025-07-15,3,5139,1850.04,13566.96,3854.96,UPI,Standard,61,4,Delivered,No Return,5
O00764,C0376,P0075,2026-04-06,9,1199,1942.38,8848.619999999999,219.62,Cash on Delivery,Standard,43,4,Delivered,No Return,4
O00765,C0271,P0173,2025-10-03,8,3487,4184.4,23711.6,3833.6,Debit Card,Standard,46,4,Returned,Returned,5
O00766,C0021,P0157,2026-02-23,3,3666,769.86,10228.14,3415.14,Net Banking,Standard,45,5,Delivered,No Return,1
O00767,C0274,P0152,2026-02-28,10,4983,4484.7,45345.3,10605.3,UPI,Express,110,1,Delivered,No Return,4
O00768,C0500,P0025,2026-04-27,2,5276,1055.2,9496.8,3210.8,Cash on Delivery,Standard,52,3,Delivered,No Return,3
O00769,C0327,P0060,2026-01-29,1,1681,84.05,1596.95,157.95,UPI,Express,170,3,Delivered,No Return,2
O00770,C0464,P0142,2026-01-16,1,4321,518.52,3802.48,1109.48,Net Banking,Standard,41,4,Delivered,No Return,3
O00771,C0093,P0075,2025-11-09,1,1199,215.82,983.1800000000001,-52.82,Debit Card,Standard,82,7,Cancelled,No Return,1
O00772,C0101,P0042,2025-11-01,1,3239,1133.65,2105.35,181.35,Cash on Delivery,Standard,54,7,Delivered,No Return,1
O00773,C0454,P0166,2026-03-13,9,1956,4929.12,12674.880000000001,1517.88,Credit Card,Standard,69,4,Delivered,No Return,4
O00774,C0336,P0141,2025-11-08,9,7462,1343.16,65814.84,21373.84,Cash on Delivery,Standard,89,5,Delivered,No Return,4
O00775,C0048,P0015,2026-04-15,4,4156,2826.08,13797.92,2178.92,UPI,Express,147,2,Delivered,No Return,2
O00776,C0124,P0174,2026-04-08,6,6201,1860.3,35345.7,8279.7,Net Banking,Same Day,288,0,Delivered,No Return,2
O00777,C0394,P0040,2025-09-14,5,5107,1532.1,24002.9,6526.9,Cash on Delivery,Same Day,211,1,Delivered,No Return,2
O00778,C0153,P0216,2025-08-24,3,3133,0.0,9399.0,3106.0,UPI,Standard,77,7,Delivered,No Return,3
O00779,C0310,P0031,2025-05-27,9,5801,4698.81,47510.19,12048.19,Net Banking,Standard,56,7,Delivered,No Return,5
O00780,C0085,P0063,2025-12-03,4,1723,482.44,6409.56,2262.56,Credit Card,Express,139,2,Delivered,No Return,3
O00781,C0256,P0006,2026-01-27,4,2734,765.52,10170.48,2296.48,Net Banking,Express,178,1,Delivered,No Return,5
O00782,C0330,P0163,2026-03-31,10,743,74.3,7355.7,1985.7,UPI,Standard,50,7,Delivered,No Return,4
O00783,C0087,P0085,2025-07-05,6,1052,315.6,5996.4,2156.4,UPI,Standard,60,7,Delivered,No Return,2
O00784,C0421,P0027,2025-08-10,3,831,49.86,2443.14,974.14,Credit Card,Standard,62,7,Cancelled,No Return,2
O00785,C0279,P0021,2026-03-22,4,4876,1560.32,17943.68,2746.68,Debit Card,Standard,77,7,Delivered,No Return,2
O00786,C0173,P0127,2025-07-29,8,6609,8988.24,43883.76,8073.76,Cash on Delivery,Standard,66,3,Delivered,No Return,2
O00787,C0466,P0126,2026-01-11,4,6229,5730.68,19185.32,903.32,UPI,Standard,66,4,Delivered,No Return,1
O00788,C0151,P0143,2026-05-18,10,3320,1992.0,31208.0,6672.0,Debit Card,Standard,46,6,Delivered,No Return,5
O00789,C0066,P0172,2026-01-06,2,3407,681.4,6132.6,762.6,Net Banking,Standard,48,5,Delivered,No Return,4
O00790,C0485,P0010,2026-02-23,8,5781,4624.8,41623.2,8840.2,Cash on Delivery,Express,159,2,Delivered,No Return,1
O00791,C0236,P0169,2026-03-22,6,2170,1562.4,11457.6,3956.6,Credit Card,Standard,61,7,Delivered,No Return,3
O00792,C0245,P0078,2025-10-01,7,5877,4113.9,37025.1,8838.1,Debit Card,Standard,61,4,Delivered,No Return,2
O00793,C0348,P0112,2025-12-04,3,4468,670.2,12733.8,4450.8,Net Banking,Standard,51,3,Delivered,No Return,2
O00794,C0210,P0032,2026-04-05,5,4088,1839.6,18600.4,5393.4,Debit Card,Standard,62,4,Delivered,No Return,5
O00795,C0172,P0159,2026-04-28,7,1877,1708.07,11430.93,658.93,Credit Card,Same Day,181,1,Delivered,No Return,1
O00796,C0115,P0191,2025-09-30,1,6416,641.6,5774.4,1423.4,Debit Card,Standard,76,6,Delivered,No Return,5
O00797,C0404,P0129,2026-04-27,3,750,180.0,2070.0,529.0,UPI,Same Day,239,0,Delivered,No Return,4
O00798,C0080,P0073,2025-09-24,5,5271,8433.6,17921.4,1231.4,UPI,Standard,70,3,Delivered,No Return,2
O00799,C0363,P0108,2025-07-22,1,738,125.46,612.54,134.54,Net Banking,Standard,54,3,Delivered,No Return,2
O00800,C0249,P0047,2025-10-29,1,6767,812.04,5954.96,1035.96,UPI,Standard,57,4,Delivered,No Return,4
O00801,C0463,P0087,2026-01-18,3,8418,1515.24,23738.76,9225.76,Credit Card,Express,137,2,Delivered,No Return,5
O00802,C0209,P0073,2025-10-13,4,5271,6746.88,14337.119999999999,790.12,UPI,Same Day,251,0,Delivered,No Return,4
O00803,C0323,P0108,2025-11-07,5,738,627.3,3062.7,867.7,Debit Card,Standard,75,3,Delivered,No Return,3
O00804,C0410,P0058,2025-11-19,3,4201,252.06,12350.94,4181.94,Credit Card,Standard,72,3,Delivered,No Return,2
O00805,C0437,P0093,2025-06-12,3,664,99.6,1892.4,676.4,Net Banking,Standard,82,4,Delivered,No Return,5
O00806,C0424,P0199,2026-02-25,10,3906,781.2,38278.8,10471.8,Debit Card,Standard,67,7,Delivered,No Return,5
O00807,C0304,P0016,2026-04-03,10,459,1147.5,3442.5,794.5,Debit Card,Standard,88,4,Delivered,No Return,5
O00808,C0048,P0034,2025-07-18,3,5437,1957.32,14353.68,3171.68,UPI,Standard,82,7,Delivered,No Return,2
O00809,C0156,P0016,2025-05-23,8,459,918.0,2754.0,652.0,Net Banking,Standard,54,5,Delivered,No Return,2
O00810,C0308,P0157,2026-04-06,8,3666,2052.96,27275.04,8938.04,Debit Card,Same Day,289,1,Delivered,No Return,1
O00811,C0340,P0144,2025-07-27,1,2605,182.35,2422.65,479.65,Net Banking,Standard,50,7,Delivered,No Return,5
O00812,C0119,P0011,2026-01-18,7,2292,481.32,15562.68,2688.68,Debit Card,Standard,57,6,Delivered,No Return,4
O00813,C0362,P0183,2026-02-04,3,1443,129.87,4199.13,1207.13,UPI,Standard,67,7,Delivered,No Return,3
O00814,C0468,P0048,2025-08-23,1,7838,627.04,7210.96,2446.96,Debit Card,Same Day,271,1,Delivered,No Return,5
O00815,C0410,P0027,2025-11-05,5,831,83.1,4071.9,1645.9,Credit Card,Standard,81,4,Delivered,No Return,4
O00816,C0302,P0157,2025-10-09,10,3666,2566.2,34093.8,11385.8,Net Banking,Express,148,3,Cancelled,No Return,3
O00817,C0027,P0087,2025-06-05,1,8418,505.08,7912.92,3061.92,Cash on Delivery,Standard,59,6,Delivered,No Return,2
O00818,C0325,P0016,2026-04-08,10,459,1147.5,3442.5,832.5,Debit Card,Standard,50,6,Delivered,No Return,2
O00819,C0428,P0188,2025-08-03,9,899,2670.03,5420.969999999999,808.97,Net Banking,Standard,49,6,Delivered,No Return,2
O00820,C0217,P0029,2026-02-10,2,6069,1213.8,10924.2,3908.2,Debit Card,Same Day,258,0,Delivered,No Return,2
O00821,C0410,P0067,2025-11-28,8,2552,1020.8,19395.2,7226.2,Credit Card,Standard,81,6,Delivered,No Return,2
O00822,C0432,P0082,2026-04-06,7,1777,1119.51,11319.49,3932.49,Net Banking,Standard,51,3,Delivered,No Return,2
O00823,C0410,P0071,2026-01-16,7,1828,1919.4,10876.6,1500.6,Credit Card,Standard,52,7,Delivered,No Return,4
O00824,C0085,P0024,2025-12-07,10,7991,23173.9,56736.1,9622.1,Credit Card,Standard,64,4,Delivered,No Return,1
O00825,C0491,P0036,2025-05-26,6,7488,6289.92,38638.08,12145.08,Net Banking,Same Day,243,1,Delivered,No Return,5
O00826,C0408,P0008,2025-10-13,3,5727,1374.48,15806.52,4666.52,Net Banking,Standard,43,4,Delivered,No Return,4
O00827,C0342,P0098,2026-02-21,1,6571,919.94,5651.0599999999995,1396.06,Cash on Delivery,Express,115,2,Delivered,No Return,4
O00828,C0323,P0081,2025-09-09,3,6621,1787.67,18075.33,5978.33,Debit Card,Standard,67,5,Delivered,No Return,4
O00829,C0423,P0168,2026-01-12,10,3397,8492.5,25477.5,2072.5,Credit Card,Standard,65,4,Delivered,No Return,3
O00830,C0311,P0139,2026-05-06,1,7335,440.1,6894.9,1916.9,Debit Card,Standard,76,4,Delivered,No Return,1
O00831,C0308,P0183,2026-05-16,2,1443,86.58,2799.42,790.42,Debit Card,Standard,59,3,Delivered,No Return,2
O00832,C0174,P0047,2026-04-10,8,6767,6496.32,47639.68,8693.68,Debit Card,Standard,50,3,Delivered,No Return,2
O00833,C0096,P0035,2026-05-20,4,1231,344.68,4579.32,560.32,Debit Card,Express,103,2,Delivered,No Return,2
O00834,C0413,P0172,2025-07-03,6,3407,2044.2,18397.8,2264.8,Debit Card,Express,167,2,Delivered,No Return,3
O00835,C0426,P0051,2026-03-29,1,4297,257.82,4039.18,1521.18,Credit Card,Standard,54,6,Delivered,No Return,3
O00836,C0182,P0028,2025-06-16,3,6457,1355.97,18015.03,3498.03,Credit Card,Standard,63,3,Delivered,No Return,5
O00837,C0219,P0010,2025-08-04,7,5781,4046.7,36420.3,7796.3,Debit Card,Standard,78,7,Delivered,No Return,2
O00838,C0143,P0028,2025-07-16,3,6457,1355.97,18015.03,3376.03,Debit Card,Same Day,185,1,Delivered,No Return,1
O00839,C0236,P0095,2026-04-27,8,2505,2605.2,17434.8,2335.8,Credit Card,Standard,43,3,Delivered,No Return,4
O00840,C0053,P0157,2025-09-19,3,3666,769.86,10228.14,3411.14,Net Banking,Standard,49,4,Delivered,No Return,5
O00841,C0143,P0020,2025-09-26,2,3746,973.96,6518.04,493.04,Debit Card,Standard,63,3,Delivered,No Return,1
O00842,C0013,P0173,2025-09-22,10,3487,5230.5,29639.5,4761.5,Cash on Delivery,Standard,88,5,Delivered,No Return,2
O00843,C0453,P0128,2025-09-26,8,2737,1094.8,20801.2,6311.2,Credit Card,Standard,42,3,Delivered,No Return,1
O00844,C0437,P0128,2026-04-23,1,2737,136.85,2600.15,733.15,Net Banking,Standard,61,7,Delivered,No Return,4
O00845,C0021,P0165,2026-04-29,9,2842,7929.18,17648.82,-478.18,Net Banking,Standard,46,7,Returned,Returned,2
O00846,C0293,P0168,2026-04-22,5,3397,4246.25,12738.75,836.75,Debit Card,Same Day,232,1,Delivered,No Return,5
O00847,C0188,P0117,2025-11-13,8,1146,1191.84,7976.16,2435.16,Credit Card,Express,125,1,Delivered,No Return,2
O00848,C0500,P0173,2025-06-07,2,3487,1046.1,5927.9,909.9,Cash on Delivery,Standard,60,3,Delivered,No Return,1
O00849,C0019,P0114,2026-04-18,9,2450,1323.0,20727.0,7403.0,Cash on Delivery,Same Day,265,0,Delivered,No Return,5
O00850,C0386,P0124,2025-10-22,9,7890,5680.8,65329.2,24925.2,UPI,Same Day,273,1,Delivered,No Return,4
O00851,C0386,P0163,2025-10-05,3,743,22.29,2206.71,545.71,UPI,Standard,65,5,Delivered,No Return,3
O00852,C0233,P0192,2026-01-18,2,1872,336.96,3407.04,485.04,UPI,Express,178,3,Delivered,No Return,3
O00853,C0110,P0037,2025-10-27,3,4335,2601.0,10404.0,2888.0,Cash on Delivery,Standard,73,7,Delivered,No Return,4
O00854,C0463,P0185,2026-01-23,4,4506,1081.44,16942.56,2865.56,Credit Card,Standard,81,5,Delivered,No Return,3
O00855,C0473,P0002,2025-08-13,3,7498,2249.4,20244.6,7328.6,Debit Card,Express,139,3,Delivered,No Return,4
O00856,C0218,P0174,2026-04-27,5,6201,1550.25,29454.75,6994.75,Debit Card,Express,145,3,Returned,Returned,1
O00857,C0477,P0115,2025-06-21,10,1708,3586.8,13493.2,-655.8,UPI,Express,179,1,Delivered,No Return,3
O00858,C0378,P0207,2026-02-25,1,944,75.52,868.48,157.48,Cash on Delivery,Standard,54,6,Delivered,No Return,4
O00859,C0437,P0133,2025-09-28,7,846,0.0,5922.0,2124.0,Net Banking,Standard,81,7,Delivered,No Return,4
O00860,C0109,P0041,2026-04-13,10,6032,15080.0,45240.0,4885.0,Cash on Delivery,Same Day,225,0,Delivered,No Return,3
O00861,C0399,P0141,2025-09-02,8,7462,1193.92,58502.08,19020.08,Debit Card,Standard,58,5,Cancelled,No Return,4
O00862,C0016,P0124,2025-12-22,8,7890,5049.6,58070.4,22349.4,Cash on Delivery,Standard,49,5,Delivered,No Return,4
O00863,C0007,P0153,2025-10-27,3,1099,197.82,3099.18,692.18,Credit Card,Same Day,184,0,Delivered,No Return,1
O00864,C0446,P0219,2025-06-20,10,914,1005.4,8134.6,2928.6,UPI,Express,126,2,Delivered,No Return,4
O00865,C0313,P0202,2026-03-15,3,5174,931.32,14590.68,5113.68,Debit Card,Standard,78,4,Delivered,No Return,1
O00866,C0304,P0073,2026-05-19,1,5271,1686.72,3584.2799999999997,218.28,Debit Card,Standard,42,6,Delivered,No Return,3
O00867,C0100,P0107,2025-08-22,10,3023,1511.5,28718.5,8442.5,Net Banking,Same Day,196,0,Delivered,No Return,5
O00868,C0011,P0192,2026-03-30,7,1872,1179.36,11924.64,2260.64,Net Banking,Standard,60,5,Delivered,No Return,1
O00869,C0090,P0148,2025-12-24,5,3494,0.0,17470.0,7178.0,Debit Card,Standard,67,7,Delivered,No Return,2
O00870,C0366,P0111,2025-12-26,2,4343,260.58,8425.42,2609.42,Cash on Delivery,Same Day,254,1,Delivered,No Return,1
O00871,C0215,P0167,2026-01-27,2,869,121.66,1616.34,122.34,Credit Card,Standard,62,6,Delivered,No Return,1
O00872,C0187,P0074,2026-01-09,10,3946,3156.8,36303.2,9180.2,Cash on Delivery,Express,143,1,Delivered,No Return,2
O00873,C0205,P0006,2025-08-04,5,2734,956.9,12713.1,3023.1,Debit Card,Standard,70,5,Delivered,No Return,4
O00874,C0356,P0125,2026-01-20,7,4762,4333.42,29000.58,9887.58,Debit Card,Standard,45,5,Delivered,No Return,4
O00875,C0364,P0074,2025-11-19,2,3946,631.36,7260.64,1815.64,Credit Card,Standard,49,7,Delivered,No Return,3
O00876,C0132,P0067,2025-06-12,3,2552,382.8,7273.2,2586.2,Net Banking,Express,154,1,Delivered,No Return,5
O00877,C0079,P0030,2026-05-15,3,2656,1035.84,6932.16,2125.16,UPI,Standard,73,6,Delivered,No Return,3
O00878,C0498,P0043,2025-12-12,6,4925,1477.5,28072.5,5135.5,Net Banking,Standard,47,3,Delivered,No Return,4
O00879,C0454,P0097,2025-10-25,5,5139,3083.4,22611.6,6474.6,Credit Card,Standard,52,7,Delivered,No Return,4
O00880,C0460,P0113,2026-05-06,1,2557,25.57,2531.43,487.43,Debit Card,Standard,59,6,Delivered,No Return,1
O00881,C0242,P0008,2025-11-28,6,5727,2748.96,31613.04,9350.04,UPI,Standard,69,3,Delivered,No Return,2
O00882,C0302,P0112,2026-03-25,2,4468,446.8,8489.2,2862.2,Net Banking,Express,139,2,Delivered,No Return,3
O00883,C0488,P0083,2026-03-04,9,2213,2390.04,17526.96,6374.96,Cash on Delivery,Standard,82,6,Delivered,No Return,4
O00884,C0132,P0137,2026-05-07,3,3932,1297.56,10498.44,3763.44,Net Banking,Standard,51,7,Delivered,No Return,2
O00885,C0105,P0074,2026-02-26,5,3946,1578.4,18151.6,4616.6,Credit Card,Standard,45,5,Delivered,No Return,4
O00886,C0310,P0182,2025-12-29,1,3298,593.64,2704.36,344.36,Net Banking,Standard,58,5,Delivered,No Return,3
O00887,C0044,P0042,2026-03-15,10,3239,11336.5,21053.5,2289.5,Cash on Delivery,Standard,64,5,Returned,Returned,4
O00888,C0199,P0196,2025-09-23,5,2968,742.0,14098.0,3606.0,Net Banking,Standard,82,6,Delivered,No Return,2
O00889,C0099,P0080,2025-10-17,4,7630,4578.0,25942.0,8775.0,Credit Card,Standard,59,3,Delivered,No Return,3
O00890,C0328,P0102,2025-09-21,7,5734,5619.32,34518.68,9102.68,Debit Card,Standard,62,3,Delivered,No Return,2
O00891,C0308,P0179,2025-09-02,9,7966,5018.58,66675.42,25951.42,Debit Card,Standard,80,5,Delivered,No Return,3
O00892,C0346,P0034,2025-06-13,9,5437,5871.96,43061.04,9702.04,Cash on Delivery,Standard,59,5,Delivered,No Return,4
O00893,C0042,P0042,2026-04-06,10,3239,11336.5,21053.5,2075.5,Credit Card,Same Day,278,1,Delivered,No Return,1
O00894,C0302,P0088,2025-07-26,9,599,754.74,4636.26,311.26,Net Banking,Same Day,212,1,Cancelled,No Return,2
O00895,C0168,P0191,2026-04-05,6,6416,3849.6,34646.4,8927.4,Cash on Delivery,Standard,69,6,Delivered,No Return,5
O00896,C0267,P0029,2025-12-15,9,6069,5462.1,49158.9,18623.9,Credit Card,Express,124,3,Delivered,No Return,3
O00897,C0128,P0176,2026-05-01,1,7262,508.34,6753.66,2002.66,Net Banking,Standard,88,3,Delivered,No Return,3
O00898,C0128,P0062,2025-07-26,1,3173,31.73,3141.27,499.27,Net Banking,Standard,52,4,Delivered,No Return,3
O00899,C0049,P0002,2026-04-27,7,7498,5248.6,47237.4,17249.4,Credit Card,Express,175,1,Delivered,No Return,1
O00900,C0131,P0037,2026-03-08,4,4335,3468.0,13872.0,3905.0,Cash on Delivery,Standard,43,3,Delivered,No Return,5
O00901,C0076,P0162,2025-07-07,3,5708,1883.64,15240.36,4026.36,Cash on Delivery,Standard,69,3,Delivered,No Return,3
O00902,C0172,P0004,2026-04-19,8,2253,1802.4,16221.6,1578.6,Credit Card,Standard,75,6,Delivered,No Return,4
O00903,C0052,P0012,2025-08-24,2,328,85.28,570.72,34.72,Credit Card,Standard,42,5,Delivered,No Return,3
O00904,C0206,P0221,2026-02-11,8,3062,1469.76,23026.24,6736.24,UPI,Standard,66,3,Delivered,No Return,2
O00905,C0026,P0194,2025-06-07,4,1650,726.0,5874.0,1223.0,Credit Card,Standard,83,6,Delivered,No Return,1
O00906,C0057,P0105,2026-03-28,3,4619,277.14,13579.86,4126.86,Credit Card,Standard,42,4,Delivered,No Return,5
O00907,C0461,P0191,2025-11-20,6,6416,3849.6,34646.4,8739.4,UPI,Same Day,257,0,Delivered,No Return,1
O00908,C0437,P0123,2025-06-27,2,455,136.5,773.5,64.5,Net Banking,Standard,87,4,Delivered,No Return,1
O00909,C0364,P0176,2025-06-22,1,7262,508.34,6753.66,2024.66,Credit Card,Standard,66,4,Delivered,No Return,2
O00910,C0346,P0072,2025-07-06,8,7190,5176.8,52343.2,12835.2,Cash on Delivery,Standard,68,6,Delivered,No Return,3
O00911,C0055,P0072,2025-10-09,4,7190,2588.4,26171.6,6320.6,Cash on Delivery,Express,131,2,Delivered,No Return,5
O00912,C0271,P0208,2026-04-05,10,6054,4237.8,56302.2,21630.2,Debit Card,Standard,82,5,Delivered,No Return,4
O00913,C0338,P0024,2025-12-02,3,7991,6952.17,17020.83,2828.83,Cash on Delivery,Standard,77,7,Delivered,No Return,1
O00914,C0185,P0202,2025-08-24,6,5174,1862.64,29181.36,10115.36,UPI,Same Day,268,0,Delivered,No Return,5
O00915,C0171,P0100,2025-11-04,8,7859,6915.92,55956.08,16125.08,Debit Card,Standard,55,4,Delivered,No Return,5
O00916,C0219,P0080,2025-06-08,6,7630,6867.0,38913.0,13189.0,Debit Card,Standard,62,7,Delivered,No Return,3
O00917,C0356,P0193,2025-07-03,4,6231,8474.16,16449.84,-2322.16,Debit Card,Standard,84,7,Delivered,No Return,3
O00918,C0351,P0205,2025-08-29,9,3938,2835.36,32606.64,10571.64,Net Banking,Same Day,291,0,Delivered,No Return,2
O00919,C0275,P0110,2026-05-13,5,6219,2176.65,28918.35,9063.35,Credit Card,Standard,80,3,Delivered,No Return,2
O00920,C0200,P0016,2025-10-09,4,459,459.0,1377.0,207.0,Cash on Delivery,Express,146,3,Delivered,No Return,4
O00921,C0175,P0189,2025-11-14,8,804,2058.24,4373.76,206.76,Cash on Delivery,Same Day,255,0,Delivered,No Return,4
O00922,C0093,P0211,2025-06-10,8,3969,2857.68,28894.32,7693.32,Debit Card,Standard,49,3,Delivered,No Return,5
O00923,C0409,P0011,2025-11-02,3,2292,206.28,6669.72,1123.72,Debit Card,Standard,53,4,Delivered,No Return,1
O00924,C0357,P0082,2026-04-07,10,1777,1599.3,16170.7,5630.7,Debit Card,Standard,60,4,Delivered,No Return,3
O00925,C0178,P0124,2025-08-03,2,7890,1262.4,14517.6,5558.6,Net Banking,Standard,41,4,Delivered,No Return,4
O00926,C0057,P0084,2025-06-15,8,6457,6715.28,44940.72,8572.72,Credit Card,Standard,56,5,Delivered,No Return,4
O00927,C0134,P0135,2026-05-05,2,1751,280.16,3221.84,1118.84,Credit Card,Express,137,3,Cancelled,No Return,3
O00928,C0095,P0099,2025-09-28,2,2876,115.04,5636.96,1307.96,Cash on Delivery,Standard,53,5,Delivered,No Return,1
O00929,C0115,P0131,2026-04-18,1,2477,198.16,2278.84,315.84,Debit Card,Standard,81,3,Delivered,No Return,5
O00930,C0175,P0217,2025-10-30,2,4041,646.56,7435.4400000000005,2585.44,Cash on Delivery,Standard,46,6,Delivered,No Return,5
O00931,C0277,P0131,2026-01-30,10,2477,1981.6,22788.4,3925.4,Credit Card,Standard,43,4,Delivered,No Return,3
O00932,C0375,P0204,2025-11-27,1,4692,375.36,4316.64,1242.64,Credit Card,Standard,81,7,Delivered,No Return,4
O00933,C0462,P0075,2026-03-19,2,1199,431.64,1966.3600000000001,-106.64,Credit Card,Express,165,3,Delivered,No Return,4
O00934,C0443,P0121,2025-12-01,7,591,496.44,3640.56,465.56,Credit Card,Standard,46,6,Delivered,No Return,4
O00935,C0034,P0094,2026-01-22,10,2619,5761.8,20428.2,4603.2,Credit Card,Express,175,3,Delivered,No Return,4
O00936,C0411,P0021,2025-10-13,3,4876,1170.24,13457.76,2070.76,Debit Card,Standard,47,3,Delivered,No Return,1
O00937,C0348,P0114,2025-12-24,8,2450,1176.0,18424.0,6753.0,Net Banking,Standard,63,4,Delivered,No Return,5
O00938,C0364,P0200,2026-02-23,1,7049,916.37,6132.63,1995.63,Credit Card,Standard,88,6,Delivered,No Return,2
O00939,C0349,P0182,2025-09-10,4,3298,2374.56,10817.44,1446.44,Cash on Delivery,Express,163,2,Delivered,No Return,2
O00940,C0461,P0140,2026-01-15,2,2972,297.2,5646.8,1521.8,UPI,Standard,89,4,Delivered,No Return,4
O00941,C0360,P0094,2025-05-29,9,2619,5185.62,18385.38,4254.38,Net Banking,Standard,46,7,Delivered,No Return,2
O00942,C0429,P0118,2025-07-05,7,280,392.0,1568.0,264.0,Debit Card,Standard,44,6,Delivered,No Return,5
O00943,C0302,P0156,2025-08-27,2,6933,554.64,13311.36,4073.36,Net Banking,Express,156,3,Delivered,No Return,1
O00944,C0308,P0190,2025-08-06,1,5515,220.6,5294.4,1330.4,Debit Card,Express,107,2,Delivered,No Return,1
O00945,C0438,P0157,2026-05-09,10,3666,2566.2,34093.8,11454.8,Cash on Delivery,Standard,79,5,Delivered,No Return,4
O00946,C0353,P0114,2025-12-28,3,2450,441.0,6909.0,2480.0,Credit Card,Standard,76,4,Delivered,No Return,4
O00947,C0097,P0151,2025-09-03,4,3540,4106.4,10053.6,1182.6,Credit Card,Standard,43,7,Delivered,No Return,3
O00948,C0278,P0080,2025-08-06,8,7630,9156.0,51884.0,17582.0,Net Banking,Standard,86,4,Delivered,No Return,3
O00949,C0369,P0209,2026-03-27,7,7780,1089.2,53370.8,20548.8,Cash on Delivery,Express,153,1,Delivered,No Return,3
O00950,C0474,P0180,2025-10-12,5,8100,5265.0,35235.0,11854.0,Net Banking,Express,101,3,Delivered,No Return,5
O00951,C0370,P0062,2026-05-21,3,3173,95.19,9423.81,1607.81,Debit Card,Standard,46,6,Delivered,No Return,5
O00952,C0384,P0022,2025-06-15,5,828,372.6,3767.4,338.4,UPI,Standard,44,4,Delivered,No Return,3
O00953,C0474,P0124,2026-03-26,3,7890,1893.6,21776.4,8348.4,Net Banking,Standard,51,4,Delivered,No Return,4
O00954,C0387,P0183,2026-03-29,8,1443,346.32,11197.68,3144.68,Cash on Delivery,Same Day,253,0,Delivered,No Return,3
O00955,C0429,P0186,2025-08-30,4,2500,1200.0,8800.0,1020.0,Debit Card,Standard,60,6,Delivered,No Return,1
O00956,C0474,P0212,2025-09-02,3,3787,454.44,10906.56,3843.56,Net Banking,Same Day,298,1,Delivered,No Return,2
O00957,C0059,P0072,2025-07-02,3,7190,1941.3,19628.7,4782.7,Cash on Delivery,Standard,56,5,Delivered,No Return,2
O00958,C0143,P0171,2025-11-07,8,3470,1943.2,25816.8,7630.8,Debit Card,Standard,90,6,Returned,Returned,5
O00959,C0235,P0170,2025-11-05,7,2190,1686.3,13643.7,2361.7,Debit Card,Standard,68,3,Delivered,No Return,3
O00960,C0335,P0153,2026-04-21,10,1099,659.4,10330.6,2875.6,Cash on Delivery,Standard,45,7,Delivered,No Return,4
O00961,C0188,P0073,2025-10-12,4,5271,6746.88,14337.119999999999,974.12,Credit Card,Standard,67,6,Delivered,No Return,5
O00962,C0100,P0177,2025-11-05,3,3681,1104.3,9938.7,2543.7,Net Banking,Standard,81,4,Delivered,No Return,1
O00963,C0135,P0091,2025-07-24,1,2647,0.0,2647.0,450.0,Debit Card,Standard,65,4,Delivered,No Return,5
O00964,C0211,P0033,2025-12-14,4,3673,1175.36,13516.64,1842.64,UPI,Express,118,1,Delivered,No Return,4
O00965,C0111,P0141,2026-05-15,5,7462,746.2,36563.8,11837.8,Debit Card,Standard,86,7,Delivered,No Return,1
O00966,C0193,P0194,2026-05-13,3,1650,544.5,4405.5,889.5,Debit Card,Standard,90,7,Delivered,No Return,1
O00967,C0077,P0018,2025-09-30,9,1528,1100.16,12651.84,3101.84,UPI,Express,118,1,Delivered,No Return,2
O00968,C0429,P0136,2026-04-11,10,6244,6868.4,55571.6,13946.6,Debit Card,Same Day,195,0,Delivered,No Return,5
O00969,C0164,P0100,2025-07-14,5,7859,4322.45,34972.55,9888.55,Net Banking,Same Day,224,0,Returned,Returned,4
O00970,C0408,P0120,2026-01-01,9,3123,1405.35,26701.65,6161.65,Net Banking,Standard,56,5,Delivered,No Return,3
O00971,C0076,P0065,2025-10-10,4,4692,4879.68,13888.32,829.32,Cash on Delivery,Standard,87,3,Delivered,No Return,3
O00972,C0149,P0104,2026-02-11,4,3932,1572.8,14155.2,5201.2,UPI,Standard,46,7,Delivered,No Return,2
O00973,C0288,P0026,2026-02-11,4,1204,385.28,4430.72,1080.72,Credit Card,Standard,62,4,Delivered,No Return,1
O00974,C0332,P0008,2025-11-25,8,5727,3665.28,42150.72,12429.72,Cash on Delivery,Express,129,1,Delivered,No Return,1
O00975,C0443,P0129,2025-10-06,6,750,360.0,4140.0,1494.0,Credit Card,Standard,42,6,Returned,Returned,1
O00976,C0153,P0118,2025-07-17,5,280,280.0,1120.0,138.0,UPI,Standard,82,7,Delivered,No Return,5
O00977,C0356,P0063,2025-06-05,3,1723,361.83,4807.17,1657.17,Debit Card,Express,144,3,Delivered,No Return,4
O00978,C0278,P0202,2025-09-11,6,5174,1862.64,29181.36,10273.36,Net Banking,Express,110,3,Cancelled,No Return,1
O00979,C0126,P0167,2026-04-28,6,869,364.98,4849.02,426.02,Debit Card,Express,127,2,Delivered,No Return,1
O00980,C0246,P0055,2025-07-17,10,2592,1555.2,24364.8,8465.8,Credit Card,Same Day,209,0,Delivered,No Return,3
O00981,C0364,P0221,2025-09-20,6,3062,1102.32,17269.68,5042.68,Credit Card,Standard,59,3,Delivered,No Return,2
O00982,C0338,P0093,2026-04-20,5,664,166.0,3154.0,1103.0,Cash on Delivery,Express,161,1,Returned,Returned,5
O00983,C0013,P0115,2025-10-05,5,1708,1793.4,6746.6,-305.4,Cash on Delivery,Standard,67,6,Delivered,No Return,1
O00984,C0210,P0219,2026-01-27,7,914,703.78,5694.22,2058.22,Debit Card,Standard,80,3,Delivered,No Return,1
O00985,C0410,P0060,2025-06-20,2,1681,168.1,3193.9,569.9,Credit Card,Standard,86,5,Delivered,No Return,3
O00986,C0304,P0057,2026-03-10,7,1654,1505.14,10072.86,805.86,Debit Card,Express,160,3,Delivered,No Return,1
O00987,C0271,P0090,2026-04-10,10,1252,500.8,12019.2,3579.2,Debit Card,Express,100,3,Delivered,No Return,1
O00988,C0117,P0108,2025-10-31,3,738,376.38,1837.62,498.62,Cash on Delivery,Standard,67,3,Delivered,No Return,2
O00989,C0135,P0121,2025-07-02,1,591,70.92,520.08,21.08,Debit Card,Standard,52,6,Delivered,No Return,3
O00990,C0437,P0072,2026-03-19,7,7190,4529.7,45800.3,11022.3,Net Banking,Same Day,268,0,Delivered,No Return,2
O00991,C0315,P0174,2026-03-07,1,6201,310.05,5890.95,1239.95,UPI,Same Day,188,1,Delivered,No Return,3
O00992,C0478,P0037,2025-09-13,10,4335,8670.0,34680.0,9699.0,UPI,Express,171,1,Cancelled,No Return,1
O00993,C0429,P0058,2025-07-08,5,4201,420.1,20584.9,7015.9,Debit Card,Standard,74,3,Delivered,No Return,5
O00994,C0188,P0198,2025-08-23,1,1662,49.86,1612.14,511.14,Credit Card,Standard,62,7,Delivered,No Return,3
O00995,C0465,P0206,2025-06-14,9,3236,3494.88,25629.12,8075.12,UPI,Standard,49,7,Delivered,No Return,4
O00996,C0334,P0109,2025-07-18,8,819,917.28,5634.72,322.72,Credit Card,Standard,40,3,Delivered,No Return,2
O00997,C0214,P0134,2026-03-04,6,690,496.8,3643.2,876.2,Credit Card,Same Day,217,0,Delivered,No Return,1
O00998,C0473,P0186,2026-02-02,8,2500,2400.0,17600.0,2036.0,Debit Card,Express,124,3,Returned,Returned,5
O00999,C0461,P0140,2026-04-19,1,2972,148.6,2823.4,629.4,UPI,Express,176,1,Delivered,No Return,1
O01000,C0203,P0094,2025-08-21,6,2619,3457.08,12256.92,2795.92,Credit Card,Standard,71,7,Cancelled,No Return,1
O01001,C0159,P0217,2026-02-22,3,4041,969.84,11153.16,3866.16,Net Banking,Standard,81,7,Delivered,No Return,4
O01002,C0282,P0117,2025-05-26,3,1146,446.94,2991.06,910.06,Credit Card,Standard,50,6,Cancelled,No Return,3
O01003,C0492,P0044,2025-06-01,6,6666,3599.64,36396.36,11783.36,Debit Card,Standard,73,7,Delivered,No Return,3
O01004,C0191,P0185,2025-11-08,9,4506,2433.24,38120.76,6571.76,Cash on Delivery,Standard,58,5,Delivered,No Return,3
O01005,C0366,P0159,2025-07-14,5,1877,1220.05,8164.95,509.95,Cash on Delivery,Standard,90,6,Delivered,No Return,4
O01006,C0277,P0170,2025-10-16,9,2190,2168.1,17541.9,2843.9,Credit Card,Same Day,280,1,Returned,Returned,2
O01007,C0368,P0095,2025-08-04,1,2505,325.65,2179.35,250.35,Credit Card,Standard,47,6,Delivered,No Return,3
O01008,C0352,P0201,2025-07-11,1,2475,74.25,2400.75,703.75,Debit Card,Express,168,2,Delivered,No Return,1
O01009,C0060,P0126,2025-06-11,10,6229,14326.7,47963.3,2317.3,Credit Card,Express,106,2,Delivered,No Return,1
O01010,C0183,P0189,2026-03-27,7,804,1800.96,3827.04,359.04,Net Banking,Standard,45,7,Delivered,No Return,2
O01011,C0026,P0079,2025-09-11,6,5618,1348.32,32359.68,6401.68,Credit Card,Express,110,3,Delivered,No Return,3
O01012,C0353,P0138,2025-05-27,6,1269,380.7,7233.3,1369.3,Credit Card,Standard,44,3,Delivered,No Return,2
O01013,C0233,P0211,2025-07-18,5,3969,1786.05,18058.95,4763.95,UPI,Standard,75,3,Returned,Returned,5
O01014,C0279,P0045,2025-08-01,6,3224,1354.08,17989.92,3107.92,Debit Card,Standard,50,3,Delivered,No Return,4
O01015,C0078,P0080,2026-03-09,7,7630,8011.5,45398.5,15393.5,Debit Card,Standard,66,4,Delivered,No Return,1
O01016,C0469,P0091,2025-09-08,4,2647,0.0,10588.0,1984.0,UPI,Standard,76,3,Delivered,No Return,2
O01017,C0038,P0085,2025-08-16,8,1052,420.8,7995.2,2873.2,Debit Card,Standard,82,4,Returned,Returned,5
O01018,C0325,P0033,2026-01-31,9,3673,2644.56,30412.44,4301.44,Debit Card,Express,110,2,Delivered,No Return,4
O01019,C0389,P0181,2025-07-28,4,4500,1800.0,16200.0,2754.0,Debit Card,Express,174,1,Delivered,No Return,5
O01020,C0249,P0064,2025-06-16,6,6488,4282.08,34645.92,10268.92,UPI,Standard,47,5,Delivered,No Return,2
O01021,C0397,P0186,2025-09-08,2,2500,600.0,4400.0,495.0,Net Banking,Standard,45,3,Delivered,No Return,3
O01022,C0308,P0070,2025-12-13,3,3336,1801.44,8206.56,1795.56,Debit Card,Standard,81,6,Delivered,No Return,4
O01023,C0475,P0062,2025-05-27,2,3173,63.46,6282.54,1058.54,Credit Card,Standard,44,7,Delivered,No Return,4
O01024,C0063,P0057,2025-12-15,7,1654,1505.14,10072.86,781.86,Net Banking,Same Day,184,1,Delivered,No Return,4
O01025,C0304,P0152,2025-12-20,1,4983,448.47,4534.53,1021.53,Debit Card,Standard,50,3,Delivered,No Return,3
O01026,C0492,P0218,2025-06-02,4,626,375.6,2128.4,374.4,Debit Card,Standard,82,5,Delivered,No Return,5
O01027,C0370,P0027,2025-07-02,3,831,49.86,2443.14,948.14,Debit Card,Standard,88,5,Delivered,No Return,4
O01028,C0400,P0182,2026-04-17,8,3298,4749.12,21634.88,3128.88,UPI,Standard,90,3,Delivered,No Return,1
O01029,C0238,P0048,2025-09-21,7,7838,4389.28,50476.72,18973.72,UPI,Standard,52,3,Delivered,No Return,4
O01030,C0097,P0049,2025-12-05,1,2596,363.44,2232.56,-39.44,Credit Card,Express,163,2,Delivered,No Return,4
O01031,C0130,P0127,2025-09-06,10,6609,11235.3,54854.7,10117.7,Net Banking,Standard,57,3,Cancelled,No Return,3
O01032,C0205,P0164,2025-10-01,6,4179,1755.18,23318.82,7049.82,Debit Card,Standard,45,4,Delivered,No Return,5
O01033,C0234,P0160,2026-01-11,4,2859,1715.4,9720.6,356.6,Credit Card,Standard,72,5,Cancelled,No Return,3
O01034,C0330,P0130,2025-06-21,6,487,379.86,2542.14,197.14,UPI,Standard,59,4,Delivered,No Return,5
O01035,C0083,P0136,2026-05-13,8,6244,5494.72,44457.28,11269.28,Net Banking,Standard,44,5,Delivered,No Return,5
O01036,C0065,P0174,2025-07-24,3,6201,930.15,17672.85,4237.85,Net Banking,Standard,46,3,Delivered,No Return,1
O01037,C0458,P0013,2025-09-04,3,6597,1187.46,18603.54,4482.54,Cash on Delivery,Standard,81,6,Delivered,No Return,2
O01038,C0387,P0179,2026-05-13,2,7966,1115.24,14816.76,5650.76,Cash on Delivery,Express,134,2,Delivered,No Return,4
O01039,C0143,P0129,2025-07-18,6,750,360.0,4140.0,1434.0,Debit Card,Express,102,2,Delivered,No Return,5
O01040,C0324,P0119,2026-02-17,8,2898,927.36,22256.64,5472.64,Net Banking,Standard,40,4,Delivered,No Return,1
O01041,C0415,P0185,2026-01-26,5,4506,1351.8,21178.2,3643.2,Net Banking,Standard,40,5,Delivered,No Return,1
O01042,C0397,P0025,2025-09-21,4,5276,2110.4,18993.6,6457.6,Net Banking,Standard,68,4,Delivered,No Return,2
O01043,C0498,P0042,2025-08-01,9,3239,10202.85,18948.15,2074.15,Net Banking,Standard,44,6,Delivered,No Return,2
O01044,C0456,P0138,2026-02-06,8,1269,507.6,9644.4,1808.4,UPI,Standard,76,4,Delivered,No Return,3
O01045,C0424,P0185,2025-07-26,5,4506,1351.8,21178.2,3621.2,Debit Card,Standard,62,4,Delivered,No Return,5
O01046,C0291,P0145,2025-05-25,4,6549,7858.8,18337.2,2950.2,Debit Card,Express,151,1,Delivered,No Return,4
O01047,C0308,P0098,2025-08-10,7,6571,6439.58,39557.42,10362.42,Debit Card,Same Day,215,0,Delivered,No Return,4
O01048,C0314,P0066,2026-04-16,6,2503,1351.62,13666.380000000001,1205.38,Credit Card,Standard,71,4,Delivered,No Return,5
O01049,C0368,P0139,2026-03-08,8,7335,3520.8,55159.2,15888.2,Credit Card,Standard,55,7,Delivered,No Return,4
O01050,C0231,P0063,2025-09-23,3,1723,361.83,4807.17,1619.17,Net Banking,Same Day,182,0,Delivered,No Return,3
O01051,C0435,P0074,2025-06-21,6,3946,1894.08,21781.92,5490.92,Debit Card,Express,103,3,Delivered,No Return,5
O01052,C0364,P0003,2025-06-26,4,1423,284.6,5407.4,1011.4,Credit Card,Standard,52,4,Delivered,No Return,2
O01053,C0331,P0087,2025-12-25,2,8418,1010.16,15825.84,6183.84,UPI,Standard,58,3,Delivered,No Return,5
O01054,C0246,P0142,2025-06-12,9,4321,4666.68,34222.32,10140.32,Credit Card,Same Day,214,1,Delivered,No Return,1
O01055,C0456,P0178,2025-05-30,6,3881,2095.74,21190.260000000002,6094.26,UPI,Standard,66,7,Cancelled,No Return,4
O01056,C0458,P0123,2026-05-13,5,455,341.25,1933.75,303.75,Cash on Delivery,Standard,75,7,Delivered,No Return,4
O01057,C0052,P0200,2025-11-29,3,7049,2749.11,18397.89,6160.89,Credit Card,Standard,90,7,Returned,Returned,2
O01058,C0210,P0079,2025-07-02,5,5618,1123.6,26966.4,5356.4,Debit Card,Standard,70,7,Delivered,No Return,4
O01059,C0143,P0009,2025-07-11,4,965,77.2,3782.8,902.8,Debit Card,Standard,52,6,Delivered,No Return,1
O01060,C0342,P0185,2026-01-05,9,4506,2433.24,38120.76,6572.76,Cash on Delivery,Standard,57,4,Delivered,No Return,1
O01061,C0458,P0152,2025-10-19,6,4983,2690.82,27207.18,6349.18,Cash on Delivery,Standard,80,6,Delivered,No Return,5
O01062,C0458,P0088,2025-08-14,3,599,251.58,1545.42,100.42,Cash on Delivery,Standard,74,6,Cancelled,No Return,3
O01063,C0495,P0205,2026-02-23,10,3938,3150.4,36229.6,11986.6,Net Banking,Standard,83,6,Delivered,No Return,2
O01064,C0491,P0099,2025-05-26,3,2876,172.56,8455.44,1970.44,Net Banking,Standard,71,5,Delivered,No Return,3
O01065,C0122,P0058,2026-04-30,9,4201,756.18,37052.82,12659.82,UPI,Express,102,3,Delivered,No Return,2
O01066,C0480,P0002,2026-01-16,9,7498,6748.2,60733.8,22340.8,Credit Card,Standard,62,5,Delivered,No Return,4
O01067,C0126,P0137,2025-09-25,1,3932,432.52,3499.48,1169.48,Debit Card,Express,102,1,Delivered,No Return,5
O01068,C0165,P0007,2025-12-03,7,6448,14443.52,30692.48,648.48,Credit Card,Standard,63,4,Delivered,No Return,1
O01069,C0302,P0090,2025-08-14,6,1252,300.48,7211.52,2032.52,Net Banking,Express,175,1,Delivered,No Return,2
O01070,C0188,P0016,2025-10-06,3,459,344.25,1032.75,223.75,Credit Card,Standard,41,7,Returned,Returned,1
O01071,C0331,P0088,2025-08-05,6,599,503.16,3090.84,282.84,UPI,Standard,66,6,Delivered,No Return,3
O01072,C0353,P0075,2026-03-01,9,1199,1942.38,8848.619999999999,210.62,Credit Card,Standard,52,4,Delivered,No Return,1
O01073,C0049,P0150,2025-06-10,6,203,158.34,1059.66,80.66,Credit Card,Express,151,2,Delivered,No Return,1
O01074,C0188,P0191,2026-04-09,4,6416,2566.4,23097.6,5947.6,Credit Card,Standard,50,7,Delivered,No Return,1
O01075,C0013,P0157,2025-10-29,3,3666,769.86,10228.14,3372.14,Cash on Delivery,Standard,88,4,Delivered,No Return,2
O01076,C0201,P0048,2025-09-14,2,7838,1254.08,14421.92,5383.92,UPI,Standard,52,6,Delivered,No Return,1
O01077,C0357,P0159,2026-05-06,5,1877,1220.05,8164.95,528.95,Debit Card,Standard,71,4,Cancelled,No Return,3
O01078,C0048,P0106,2025-10-08,6,3913,1878.24,21599.76,2238.76,UPI,Standard,65,4,Delivered,No Return,3
O01079,C0135,P0120,2025-10-21,8,3123,1249.2,23734.8,5476.8,Debit Card,Standard,50,6,Delivered,No Return,1
O01080,C0389,P0112,2025-10-25,7,4468,1563.8,29712.2,10454.2,Debit Card,Standard,50,7,Delivered,No Return,1
O01081,C0465,P0101,2025-09-12,1,464,51.04,412.96,-55.04,UPI,Express,173,1,Delivered,No Return,3
O01082,C0313,P0213,2025-12-22,5,6781,9154.35,24750.65,3935.65,Debit Card,Standard,45,3,Delivered,No Return,3
O01083,C0238,P0019,2026-05-03,5,7081,4956.7,30448.3,6649.3,UPI,Express,139,3,Delivered,No Return,3
O01084,C0363,P0217,2026-05-21,7,4041,2262.96,26024.04,9153.04,Net Banking,Standard,57,6,Delivered,No Return,3
O01085,C0100,P0017,2025-10-11,2,4619,369.52,8868.48,3568.48,Net Banking,Standard,84,6,Delivered,No Return,4
O01086,C0349,P0049,2026-05-11,6,2596,2180.64,13395.36,656.36,Cash on Delivery,Standard,85,4,Delivered,No Return,2
O01087,C0044,P0177,2026-04-27,4,3681,1472.4,13251.6,3426.6,Cash on Delivery,Standard,73,5,Delivered,No Return,3
O01088,C0135,P0126,2026-03-06,3,6229,4298.01,14388.99,594.99,Debit Card,Express,132,3,Delivered,No Return,1
O01089,C0314,P0082,2025-11-16,10,1777,1599.3,16170.7,5636.7,Credit Card,Standard,54,5,Delivered,No Return,1
O01090,C0190,P0013,2026-04-28,7,6597,2770.74,43408.26,10548.26,Cash on Delivery,Express,100,3,Delivered,No Return,1
O01091,C0054,P0041,2025-05-27,1,6032,1508.0,4524.0,405.0,UPI,Express,106,2,Cancelled,No Return,1
O01092,C0284,P0091,2025-06-30,4,2647,0.0,10588.0,1954.0,Credit Card,Express,106,2,Delivered,No Return,5
O01093,C0284,P0111,2025-08-12,4,4343,521.16,16850.84,5585.84,Credit Card,Express,141,3,Delivered,No Return,2
O01094,C0279,P0058,2026-02-02,10,4201,840.2,41169.8,14049.8,Debit Card,Express,130,1,Delivered,No Return,1
O01095,C0008,P0161,2025-06-14,4,5000,1200.0,18800.0,7212.0,Credit Card,Standard,88,4,Delivered,No Return,3
O01096,C0205,P0097,2025-08-12,4,5139,2466.72,18089.28,5167.28,Debit Card,Standard,54,5,Cancelled,No Return,2
O01097,C0363,P0056,2025-07-13,6,7819,9851.94,37062.06,10647.06,Net Banking,Express,117,2,Delivered,No Return,4
O01098,C0350,P0039,2026-05-07,7,4933,3798.41,30732.59,10698.59,UPI,Express,112,3,Delivered,No Return,4
O01099,C0143,P0214,2026-04-22,7,3317,5572.56,17646.44,-1294.56,Debit Card,Standard,69,6,Returned,Returned,1
O01100,C0059,P0074,2026-03-31,6,3946,1894.08,21781.92,5471.92,Cash on Delivery,Express,122,1,Delivered,No Return,2
O01101,C0341,P0032,2026-03-28,10,4088,3679.2,37200.8,10847.8,Net Banking,Standard,63,7,Delivered,No Return,4
O01102,C0127,P0101,2025-07-12,6,464,306.24,2477.76,650.76,Cash on Delivery,Standard,57,6,Delivered,No Return,2
O01103,C0065,P0185,2025-12-13,10,4506,2703.6,42356.4,7227.4,Net Banking,Express,139,3,Delivered,No Return,3
O01104,C0291,P0035,2025-10-27,7,1231,603.19,8013.8099999999995,1105.81,Debit Card,Standard,55,6,Delivered,No Return,5
O01105,C0350,P0211,2025-06-06,8,3969,2857.68,28894.32,7616.32,UPI,Express,126,1,Delivered,No Return,4
O01106,C0143,P0032,2025-09-03,4,4088,1471.68,14880.32,4304.32,Debit Card,Standard,60,7,Delivered,No Return,2
O01107,C0149,P0185,2026-05-11,1,4506,270.36,4235.64,665.64,UPI,Standard,71,4,Returned,Returned,1
O01108,C0184,P0114,2026-01-02,8,2450,1176.0,18424.0,6740.0,Debit Card,Standard,76,4,Delivered,No Return,3
O01109,C0253,P0190,2025-06-09,8,5515,1764.8,42355.2,11411.2,Credit Card,Standard,88,4,Delivered,No Return,1
O01110,C0266,P0145,2026-04-14,9,6549,17682.3,41258.7,6921.7,Debit Card,Standard,56,3,Delivered,No Return,2
O01111,C0367,P0192,2025-12-25,9,1872,1516.32,15331.68,2926.68,Net Banking,Standard,57,5,Delivered,No Return,5
O01112,C0471,P0029,2025-08-16,2,6069,1213.8,10924.2,4113.2,Credit Card,Standard,53,6,Delivered,No Return,3
O01113,C0474,P0214,2025-10-21,7,3317,5572.56,17646.44,-1500.56,Net Banking,Same Day,275,1,Delivered,No Return,4
O01114,C0357,P0209,2026-03-13,10,7780,1556.0,76244.0,29516.0,Debit Card,Standard,58,4,Delivered,No Return,5
O01115,C0035,P0186,2026-05-07,2,2500,600.0,4400.0,320.0,Credit Card,Same Day,220,1,Delivered,No Return,5
O01116,C0098,P0106,2025-11-27,9,3913,2817.36,32399.64,3408.64,UPI,Standard,47,6,Delivered,No Return,4
O01117,C0044,P0107,2026-01-15,10,3023,1511.5,28718.5,8414.5,Cash on Delivery,Same Day,224,0,Delivered,No Return,5
O01118,C0439,P0025,2025-10-29,1,5276,527.6,4748.4,1547.4,Debit Card,Standard,84,3,Delivered,No Return,5
O01119,C0172,P0159,2025-07-17,9,1877,2196.09,14696.91,964.91,Credit Card,Express,115,1,Delivered,No Return,3
O01120,C0022,P0070,2025-06-14,7,3336,4203.36,19148.64,4335.64,Net Banking,Standard,43,4,Delivered,No Return,4
O01121,C0304,P0008,2025-10-26,1,5727,458.16,5268.84,1444.84,Debit Card,Express,125,1,Delivered,No Return,3
O01122,C0383,P0167,2025-09-09,9,869,547.47,7273.53,726.53,UPI,Express,103,3,Delivered,No Return,2
O01123,C0140,P0200,2025-06-03,2,7049,1832.74,12265.26,4112.26,Net Banking,Standard,55,4,Delivered,No Return,1
O01124,C0184,P0029,2025-09-16,2,6069,1213.8,10924.2,4019.2,Debit Card,Express,147,1,Delivered,No Return,4
O01125,C0434,P0138,2026-05-18,1,1269,63.45,1205.55,190.55,UPI,Standard,45,3,Delivered,No Return,1
O01126,C0238,P0048,2026-01-10,2,7838,1254.08,14421.92,5394.92,UPI,Standard,41,6,Delivered,No Return,1
O01127,C0110,P0154,2026-02-28,1,6972,278.88,6693.12,2178.12,Cash on Delivery,Same Day,256,1,Delivered,No Return,3
O01128,C0420,P0147,2025-08-15,3,2350,2397.0,4653.0,-67.0,Net Banking,Standard,88,3,Delivered,No Return,3
O01129,C0181,P0163,2025-06-18,3,743,22.29,2206.71,538.71,Cash on Delivery,Standard,72,3,Delivered,No Return,5
O01130,C0360,P0058,2025-05-28,10,4201,840.2,41169.8,14134.8,Net Banking,Standard,45,3,Delivered,No Return,1
O01131,C0362,P0078,2026-05-11,1,5877,587.7,5289.3,1222.3,UPI,Standard,49,5,Delivered,No Return,3
O01132,C0188,P0036,2025-10-25,2,7488,2096.64,12879.36,4056.36,Credit Card,Standard,73,5,Returned,Returned,4
O01133,C0079,P0183,2025-07-28,8,1443,346.32,11197.68,3162.68,UPI,Same Day,235,0,Delivered,No Return,3
O01134,C0236,P0135,2025-10-21,2,1751,280.16,3221.84,1168.84,Credit Card,Standard,87,7,Delivered,No Return,5
O01135,C0329,P0071,2025-11-21,3,1828,822.6,4661.4,596.4,Credit Card,Standard,69,3,Returned,Returned,4
O01136,C0460,P0109,2026-04-24,7,819,802.62,4930.38,152.38,Debit Card,Express,165,3,Delivered,No Return,1
O01137,C0137,P0182,2025-11-21,1,3298,593.64,2704.36,362.36,Credit Card,Standard,40,4,Delivered,No Return,4
O01138,C0280,P0193,2025-09-24,4,6231,8474.16,16449.84,-2284.16,Cash on Delivery,Standard,46,5,Delivered,No Return,2
O01139,C0463,P0214,2026-02-21,5,3317,3980.4,12604.6,-923.4,Credit Card,Standard,48,7,Delivered,No Return,5
O01140,C0345,P0083,2025-08-05,7,2213,1858.92,13632.08,4952.08,Credit Card,Standard,70,6,Delivered,No Return,5
O01141,C0111,P0150,2025-06-26,4,203,105.56,706.44,16.44,Debit Card,Express,138,2,Delivered,No Return,5
O01142,C0020,P0196,2025-10-24,8,2968,1187.2,22556.8,5827.8,Cash on Delivery,Standard,73,6,Delivered,No Return,2
O01143,C0172,P0057,2025-06-25,5,1654,1075.1,7194.9,621.9,Credit Card,Standard,68,7,Delivered,No Return,4
O01144,C0143,P0131,2026-02-13,5,2477,990.8,11394.2,1917.2,Debit Card,Standard,67,6,Delivered,No Return,2
O01145,C0254,P0202,2026-01-22,9,5174,2793.96,43772.04,15496.04,Credit Card,Standard,79,4,Delivered,No Return,5
O01146,C0201,P0155,2026-05-14,10,5188,5706.8,46173.2,16663.2,UPI,Standard,60,6,Delivered,No Return,1
O01147,C0338,P0187,2026-01-18,2,7198,287.92,14108.08,5448.08,Cash on Delivery,Standard,64,4,Cancelled,No Return,5
O01148,C0174,P0145,2025-07-18,8,6549,15717.6,36674.4,6137.4,Debit Card,Standard,65,3,Delivered,No Return,1
O01149,C0026,P0068,2025-09-16,9,4482,8874.36,31463.64,-121.36,Credit Card,Standard,58,5,Delivered,No Return,5
O01150,C0429,P0135,2026-02-11,8,1751,1120.64,12887.36,4879.36,Debit Card,Express,144,2,Delivered,No Return,3
O01151,C0004,P0056,2025-09-11,9,7819,14777.91,55593.09,15985.09,UPI,Express,161,2,Delivered,No Return,1
O01152,C0275,P0179,2025-11-13,5,7966,2788.1,37041.9,14387.9,Credit Card,Standard,74,4,Delivered,No Return,3
O01153,C0473,P0145,2026-03-02,5,6549,9823.5,22921.5,3836.5,Debit Card,Standard,40,5,Delivered,No Return,4
O01154,C0256,P0034,2025-08-28,8,5437,5219.52,38276.479999999996,8594.48,Net Banking,Standard,82,5,Delivered,No Return,2
O01155,C0067,P0047,2025-10-27,9,6767,7308.36,53594.64,9691.64,Cash on Delivery,Express,145,2,Delivered,No Return,5
O01156,C0218,P0209,2026-05-12,6,7780,933.6,45746.4,17674.4,Debit Card,Standard,70,5,Delivered,No Return,4
O01157,C0368,P0095,2025-07-11,9,2505,2930.85,19614.15,2630.15,Credit Card,Standard,46,4,Delivered,No Return,5
O01158,C0077,P0084,2025-09-30,1,6457,839.41,5617.59,1034.59,UPI,Standard,44,7,Delivered,No Return,1
O01159,C0037,P0069,2025-10-23,10,732,951.6,6368.4,1454.4,Credit Card,Standard,44,6,Delivered,No Return,1
O01160,C0424,P0191,2025-08-15,4,6416,2566.4,23097.6,5947.6,Debit Card,Standard,50,4,Delivered,No Return,2
O01161,C0287,P0179,2025-11-15,4,7966,2230.48,29633.52,11468.52,UPI,Express,101,1,Delivered,No Return,4
O01162,C0309,P0204,2025-05-25,7,4692,2627.52,30216.48,9060.48,UPI,Same Day,205,1,Delivered,No Return,2
O01163,C0437,P0217,2025-09-25,3,4041,969.84,11153.16,3713.16,Net Banking,Same Day,234,0,Delivered,No Return,3
O01164,C0408,P0164,2025-08-13,6,4179,1755.18,23318.82,6942.82,Net Banking,Express,152,1,Delivered,No Return,1
O01165,C0053,P0026,2025-12-24,4,1204,385.28,4430.72,1085.72,Net Banking,Standard,57,7,Delivered,No Return,4
O01166,C0149,P0133,2026-02-25,4,846,0.0,3384.0,1050.0,UPI,Same Day,210,1,Delivered,No Return,1
O01167,C0130,P0009,2026-03-30,2,965,38.6,1891.4,407.4,Net Banking,Standard,70,6,Delivered,No Return,4
O01168,C0414,P0132,2026-01-19,7,6789,3326.61,44196.39,12629.39,UPI,Express,144,2,Delivered,No Return,4
O01169,C0198,P0053,2026-05-03,5,1082,595.1,4814.9,1547.9,UPI,Standard,72,7,Delivered,No Return,4
O01170,C0421,P0103,2026-05-06,3,7245,3912.3,17822.7,4934.7,Credit Card,Standard,87,6,Delivered,No Return,5
O01171,C0238,P0203,2025-06-29,8,4865,3502.8,35417.2,7588.2,UPI,Express,141,1,Delivered,No Return,4
O01172,C0455,P0060,2025-11-10,5,1681,420.25,7984.75,1570.75,Credit Card,Standard,69,4,Delivered,No Return,2
O01173,C0177,P0174,2025-11-30,3,6201,930.15,17672.85,4196.85,UPI,Standard,87,4,Delivered,No Return,1
O01174,C0094,P0221,2025-07-17,8,3062,1469.76,23026.24,6718.24,UPI,Standard,84,7,Delivered,No Return,3
O01175,C0430,P0128,2025-06-09,5,2737,684.25,13000.75,3864.75,Debit Card,Express,106,1,Delivered,No Return,4
O01176,C0389,P0035,2025-11-21,10,1231,861.7,11448.3,1572.3,Debit Card,Standard,86,7,Delivered,No Return,5
O01177,C0308,P0202,2026-01-24,4,5174,1241.76,19454.24,6841.24,Debit Card,Standard,81,7,Delivered,No Return,3
O01178,C0313,P0009,2025-06-24,1,965,19.3,945.7,154.7,Debit Card,Standard,84,7,Delivered,No Return,3
O01179,C0341,P0124,2026-01-19,6,7890,3787.2,43552.8,16748.8,Net Banking,Standard,50,6,Delivered,No Return,1
O01180,C0452,P0183,2026-02-05,5,1443,216.45,6998.55,1968.55,Cash on Delivery,Express,155,1,Delivered,No Return,4
O01181,C0450,P0194,2026-04-26,1,1650,181.5,1468.5,259.5,UPI,Standard,67,4,Delivered,No Return,3
O01182,C0308,P0166,2026-04-08,8,1956,4381.44,11266.560000000001,1302.56,Debit Card,Express,108,1,Delivered,No Return,2
O01183,C0364,P0069,2025-08-21,10,732,951.6,6368.4,1432.4,Credit Card,Standard,66,7,Delivered,No Return,5
O01184,C0314,P0222,2026-04-06,7,3656,6142.08,19449.92,3936.92,Credit Card,Express,155,3,Delivered,No Return,5
O01185,C0291,P0164,2026-05-11,7,4179,2047.71,27205.29,8201.29,Debit Card,Standard,76,3,Delivered,No Return,3
O01186,C0424,P0018,2026-05-02,4,1528,488.96,5623.04,1374.04,Debit Card,Standard,57,5,Delivered,No Return,3
O01187,C0188,P0075,2025-10-22,4,1199,863.28,3932.7200000000003,64.72,Credit Card,Standard,52,4,Cancelled,No Return,2
O01188,C0145,P0040,2025-11-14,3,5107,919.26,14401.74,3914.74,Credit Card,Express,128,2,Delivered,No Return,3
O01189,C0434,P0078,2025-10-04,8,5877,4701.6,42314.4,10080.4,UPI,Standard,90,5,Delivered,No Return,4
O01190,C0143,P0179,2025-05-30,7,7966,3903.34,51858.66,20177.66,Debit Card,Standard,69,3,Delivered,No Return,2
O01191,C0320,P0004,2026-03-02,3,2253,675.9,6083.1,446.1,Cash on Delivery,Express,174,2,Delivered,No Return,4
O01192,C0094,P0148,2025-11-01,8,3494,0.0,27952.0,11523.0,UPI,Standard,69,4,Delivered,No Return,4
O01193,C0019,P0191,2025-07-05,8,6416,5132.8,46195.2,11943.2,Cash on Delivery,Standard,52,6,Delivered,No Return,5
O01194,C0149,P0091,2025-06-12,3,2647,0.0,7941.0,1476.0,UPI,Standard,69,6,Delivered,No Return,2
O01195,C0426,P0205,2025-07-04,3,3938,945.12,10868.88,3552.88,Credit Card,Standard,68,5,Delivered,No Return,4
O01196,C0360,P0093,2025-11-16,5,664,166.0,3154.0,1201.0,Net Banking,Standard,63,5,Delivered,No Return,4
O01197,C0007,P0045,2025-12-18,9,3224,2031.12,26984.88,4685.88,Credit Card,Standard,51,6,Returned,Returned,3
O01198,C0367,P0136,2025-09-19,3,6244,2060.52,16671.48,4019.48,Net Banking,Same Day,223,0,Delivered,No Return,4
O01199,C0133,P0120,2025-06-25,9,3123,1405.35,26701.65,6061.65,Credit Card,Express,156,3,Delivered,No Return,3
O01200,C0461,P0102,2025-12-30,7,5734,5619.32,34518.68,9050.68,UPI,Express,114,1,Delivered,No Return,1
O01201,C0004,P0010,2026-01-15,5,5781,2890.5,26014.5,5574.5,UPI,Standard,50,6,Delivered,No Return,3
O01202,C0461,P0051,2025-07-27,7,4297,1804.74,28274.26,10827.26,UPI,Same Day,199,0,Delivered,No Return,4
O01203,C0308,P0089,2025-11-19,6,6139,7735.14,29098.86,2199.86,Debit Card,Same Day,265,0,Delivered,No Return,2
O01204,C0082,P0163,2026-05-22,8,743,59.44,5884.56,1456.56,Cash on Delivery,Express,172,1,Cancelled,No Return,2
O01205,C0432,P0074,2025-07-25,1,3946,315.68,3630.32,865.32,Net Banking,Standard,67,3,Delivered,No Return,5
O01206,C0284,P0184,2025-08-11,4,953,686.16,3125.84,-52.16,Credit Card,Express,162,3,Delivered,No Return,5
O01207,C0231,P0114,2025-11-18,4,2450,588.0,9212.0,3362.0,Net Banking,Standard,46,6,Delivered,No Return,2
O01208,C0392,P0109,2025-09-05,8,819,917.28,5634.72,312.72,Debit Card,Standard,50,4,Delivered,No Return,4
O01209,C0437,P0216,2026-05-14,6,3133,0.0,18798.0,6320.0,Net Banking,Standard,46,5,Delivered,No Return,4
O01210,C0032,P0164,2025-09-10,8,4179,2340.24,31091.760000000002,9359.76,Debit Card,Express,100,1,Delivered,No Return,5
O01211,C0357,P0066,2025-08-18,5,2503,1126.35,11388.65,999.65,Debit Card,Standard,64,5,Delivered,No Return,4
O01212,C0144,P0194,2026-01-21,10,1650,1815.0,14685.0,3152.0,Cash on Delivery,Express,113,1,Delivered,No Return,3
O01213,C0448,P0188,2025-05-26,9,899,2670.03,5420.969999999999,734.97,Debit Card,Express,123,2,Delivered,No Return,5
O01214,C0221,P0082,2025-11-16,2,1777,319.86,3234.14,970.14,Debit Card,Express,168,2,Delivered,No Return,3
O01215,C0205,P0131,2026-01-09,5,2477,990.8,11394.2,1827.2,Debit Card,Express,157,2,Delivered,No Return,4
O01216,C0434,P0158,2025-12-13,4,4981,5977.2,13946.8,-2590.2,UPI,Standard,61,7,Delivered,No Return,3
O01217,C0106,P0092,2025-09-17,2,4115,82.3,8147.7,3101.7,Cash on Delivery,Same Day,222,1,Delivered,No Return,1
O01218,C0013,P0102,2025-09-10,2,5734,1605.52,9862.48,2571.48,Cash on Delivery,Standard,47,5,Delivered,No Return,3
O01219,C0170,P0100,2025-06-29,4,7859,3457.96,27978.04,8019.04,Credit Card,Standard,71,6,Delivered,No Return,3
O01220,C0275,P0004,2025-11-28,2,2253,450.6,4055.4,325.4,Credit Card,Standard,88,3,Cancelled,No Return,4
O01221,C0354,P0098,2025-09-14,2,6571,1839.88,11302.119999999999,2964.12,Cash on Delivery,Standard,58,4,Delivered,No Return,2
O01222,C0128,P0171,2025-11-30,7,3470,1700.3,22589.7,6712.7,Net Banking,Standard,43,3,Delivered,No Return,5
O01223,C0448,P0101,2025-07-25,2,464,102.08,825.92,123.92,Debit Card,Express,112,3,Returned,Returned,5
O01224,C0493,P0103,2025-10-08,9,7245,11736.9,53468.1,14991.1,Credit Card,Standard,74,5,Returned,Returned,4
O01225,C0446,P0086,2026-03-05,3,426,76.68,1201.32,319.32,UPI,Standard,51,4,Delivered,No Return,5
O01226,C0468,P0216,2026-03-10,8,3133,0.0,25064.0,8407.0,Debit Card,Standard,81,3,Delivered,No Return,4
O01227,C0007,P0044,2025-08-20,6,6666,3599.64,36396.36,11800.36,Credit Card,Standard,56,4,Delivered,No Return,5
O01228,C0348,P0117,2026-03-20,9,1146,1340.82,8973.18,2808.18,Net Banking,Standard,72,4,Delivered,No Return,4
O01229,C0053,P0049,2025-11-15,3,2596,1090.32,6697.68,294.68,Net Banking,Standard,76,5,Delivered,No Return,5
O01230,C0188,P0163,2025-10-15,1,743,7.43,735.57,152.57,Credit Card,Standard,51,4,Delivered,No Return,5
O01231,C0279,P0051,2025-06-20,8,4297,2062.56,32313.44,12549.44,Debit Card,Standard,52,7,Cancelled,No Return,3
O01232,C0327,P0203,2025-07-29,1,4865,437.85,4427.15,741.15,UPI,Same Day,225,1,Cancelled,No Return,5
O01233,C0160,P0149,2025-09-20,9,4295,3092.4,35562.6,5455.6,Debit Card,Same Day,182,1,Delivered,No Return,2
O01234,C0094,P0156,2025-09-14,10,6933,2773.2,66556.8,21068.8,UPI,Standard,78,7,Delivered,No Return,2
O01235,C0463,P0041,2025-12-05,8,6032,12064.0,36192.0,3982.0,Credit Card,Express,106,2,Delivered,No Return,4
O01236,C0279,P0149,2025-08-12,3,4295,1030.8,11854.2,1828.2,Debit Card,Standard,51,4,Delivered,No Return,5
O01237,C0144,P0143,2026-04-19,9,3320,1792.8,28087.2,5966.2,Cash on Delivery,Standard,80,7,Delivered,No Return,3
O01238,C0198,P0158,2025-09-23,2,4981,2988.6,6973.4,-1324.6,UPI,Standard,60,5,Delivered,No Return,4
O01239,C0367,P0077,2025-06-18,10,5552,8328.0,47192.0,10996.0,Net Banking,Standard,56,5,Cancelled,No Return,5
O01240,C0057,P0144,2026-01-27,10,2605,1823.5,24226.5,5122.5,Credit Card,Express,174,1,Delivered,No Return,3
O01241,C0317,P0213,2025-10-07,5,6781,9154.35,24750.65,3800.65,Credit Card,Express,180,1,Delivered,No Return,2
O01242,C0193,P0166,2026-04-16,8,1956,4381.44,11266.560000000001,1355.56,Debit Card,Standard,55,5,Delivered,No Return,2
O01243,C0153,P0160,2025-08-28,6,2859,2573.1,14580.9,562.9,UPI,Standard,80,5,Delivered,No Return,5
O01244,C0148,P0147,2026-05-10,2,2350,1598.0,3102.0,-69.0,Cash on Delivery,Standard,83,6,Returned,Returned,5
O01245,C0181,P0211,2025-12-26,10,3969,3572.1,36117.9,9557.9,Cash on Delivery,Express,120,2,Delivered,No Return,2
O01246,C0460,P0109,2025-06-26,6,819,687.96,4226.04,217.04,Debit Card,Standard,55,4,Delivered,No Return,5
O01247,C0240,P0099,2025-11-24,9,2876,517.68,25366.32,5962.32,Cash on Delivery,Express,162,3,Delivered,No Return,3
O01248,C0171,P0222,2026-05-10,7,3656,6142.08,19449.92,4045.92,Debit Card,Standard,46,6,Delivered,No Return,4
O01249,C0221,P0037,2025-05-26,9,4335,7803.0,31212.0,8816.0,Debit Card,Standard,67,6,Delivered,No Return,3
O01250,C0325,P0092,2026-02-26,6,4115,246.9,24443.1,9885.1,Debit Card,Standard,86,5,Delivered,No Return,1
O01251,C0053,P0052,2026-03-29,6,5224,2820.96,28523.04,8746.04,Net Banking,Standard,73,3,Delivered,No Return,5
O01252,C0097,P0030,2026-05-10,8,2656,2762.24,18485.760000000002,5790.76,Credit Card,Standard,71,4,Delivered,No Return,3
O01253,C0117,P0073,2026-01-26,2,5271,3373.44,7168.5599999999995,468.56,Cash on Delivery,Standard,52,4,Delivered,No Return,3
O01254,C0181,P0155,2025-05-31,3,5188,1712.04,13851.96,4864.96,Cash on Delivery,Express,152,2,Delivered,No Return,1
O01255,C0220,P0080,2025-06-28,9,7630,10300.5,58369.5,19790.5,Net Banking,Standard,86,3,Delivered,No Return,5
O01256,C0340,P0166,2026-04-10,4,1956,2190.72,5633.280000000001,648.28,Net Banking,Standard,57,6,Returned,Returned,2
O01257,C0267,P0015,2026-01-11,1,4156,706.52,3449.48,495.48,Credit Card,Standard,86,4,Delivered,No Return,2
O01258,C0167,P0020,2025-12-21,6,3746,2921.88,19554.12,1595.12,Debit Card,Standard,73,5,Delivered,No Return,1
O01259,C0304,P0112,2025-09-22,4,4468,893.6,16978.4,5822.4,Debit Card,Express,180,1,Delivered,No Return,5
O01260,C0396,P0018,2025-11-12,8,1528,977.92,11246.08,2750.08,Cash on Delivery,Express,112,3,Delivered,No Return,2
O01261,C0346,P0010,2025-10-22,8,5781,4624.8,41623.2,8820.2,Cash on Delivery,Express,179,1,Delivered,No Return,1
O01262,C0348,P0184,2025-12-15,5,953,857.7,3907.3,47.3,Net Banking,Standard,90,7,Delivered,No Return,5
O01263,C0442,P0044,2026-03-30,6,6666,3599.64,36396.36,11771.36,Cash on Delivery,Standard,85,4,Delivered,No Return,1
O01264,C0170,P0006,2025-10-17,5,2734,956.9,12713.1,2920.1,Credit Card,Express,173,2,Delivered,No Return,2
O01265,C0492,P0091,2026-04-08,4,2647,0.0,10588.0,1986.0,Debit Card,Standard,74,4,Delivered,No Return,3
O01266,C0174,P0015,2026-04-30,7,4156,4945.64,24146.36,3941.36,Debit Card,Express,129,1,Delivered,No Return,3
O01267,C0243,P0090,2025-11-27,2,1252,100.16,2403.84,665.84,Debit Card,Standard,70,7,Delivered,No Return,5
O01268,C0037,P0052,2025-06-01,8,5224,3761.28,38030.72,11671.72,Credit Card,Standard,87,4,Delivered,No Return,5
O01269,C0431,P0210,2025-09-30,10,3846,3846.0,34614.0,8647.0,UPI,Standard,77,4,Delivered,No Return,1
O01270,C0053,P0038,2025-05-26,6,5758,4491.24,30056.760000000002,2056.76,Net Banking,Standard,52,3,Delivered,No Return,2
O01271,C0203,P0108,2025-07-25,8,738,1003.68,4900.32,1211.32,Credit Card,Same Day,297,1,Delivered,No Return,4
O01272,C0129,P0131,2026-03-29,10,2477,1981.6,22788.4,3905.4,Debit Card,Standard,63,6,Delivered,No Return,4
O01273,C0135,P0104,2026-01-18,7,3932,2752.4,24771.6,9074.6,Debit Card,Express,108,1,Delivered,No Return,1
O01274,C0195,P0203,2026-04-18,8,4865,3502.8,35417.2,7605.2,Credit Card,Express,124,2,Returned,Returned,5
O01275,C0022,P0166,2025-09-18,3,1956,1643.04,4224.96,453.96,Net Banking,Standard,75,5,Delivered,No Return,2
O01276,C0065,P0190,2025-12-23,2,5515,441.2,10588.8,2812.8,Net Banking,Standard,62,3,Returned,Returned,2
O01277,C0141,P0211,2025-09-21,4,3969,1428.84,14447.16,3820.16,Net Banking,Standard,51,7,Delivered,No Return,1
O01278,C0389,P0161,2025-10-02,9,5000,2700.0,42300.0,16141.0,Debit Card,Same Day,284,1,Returned,Returned,2
O01279,C0259,P0181,2026-03-31,8,4500,3600.0,32400.0,5778.0,UPI,Standard,78,4,Delivered,No Return,4
O01280,C0116,P0018,2026-05-04,4,1528,488.96,5623.04,1369.04,Debit Card,Standard,62,5,Delivered,No Return,5
O01281,C0216,P0110,2025-06-13,2,6219,870.66,11567.34,3603.34,Net Banking,Standard,54,6,Delivered,No Return,5
O01282,C0255,P0019,2025-09-27,1,7081,991.34,6089.66,1287.66,Net Banking,Standard,70,6,Delivered,No Return,5
O01283,C0291,P0179,2025-10-14,7,7966,3903.34,51858.66,20172.66,Debit Card,Standard,74,5,Delivered,No Return,3
O01284,C0461,P0090,2025-12-03,9,1252,450.72,10817.28,3243.28,UPI,Standard,68,4,Delivered,No Return,2
O01285,C0001,P0037,2025-08-14,8,4335,6936.0,27744.0,7819.0,UPI,Standard,77,7,Delivered,No Return,3
O01286,C0132,P0077,2025-07-24,10,5552,8328.0,47192.0,10895.0,Net Banking,Express,157,3,Delivered,No Return,2
O01287,C0133,P0204,2025-07-20,6,4692,2252.16,25899.84,7853.84,Credit Card,Standard,88,5,Delivered,No Return,2
O01288,C0327,P0068,2025-11-29,9,4482,8874.36,31463.64,-122.36,UPI,Standard,59,4,Delivered,No Return,5
O01289,C0135,P0048,2026-05-14,9,7838,5643.36,64898.64,24289.64,Debit Card,Express,172,3,Delivered,No Return,4
O01290,C0057,P0210,2025-11-03,3,3846,1153.8,10384.2,2478.2,Credit Card,Express,139,3,Delivered,No Return,4
O01291,C0031,P0119,2026-01-16,8,2898,927.36,22256.64,5468.64,Credit Card,Standard,44,4,Returned,Returned,2
O01292,C0118,P0006,2026-04-03,6,2734,1148.28,15255.72,3561.72,Net Banking,Express,150,3,Delivered,No Return,2
O01293,C0015,P0161,2026-03-17,10,5000,3000.0,47000.0,18183.0,UPI,Standard,67,5,Delivered,No Return,3
O01294,C0325,P0029,2025-09-08,1,6069,606.9,5462.1,1951.1,Debit Card,Express,132,3,Delivered,No Return,3
O01295,C0126,P0016,2026-05-07,9,459,1032.75,3098.25,675.25,Debit Card,Express,119,2,Delivered,No Return,3
O01296,C0419,P0102,2026-03-18,8,5734,6422.08,39449.92,10418.92,Cash on Delivery,Standard,55,3,Delivered,No Return,2
O01297,C0484,P0177,2026-01-30,4,3681,1472.4,13251.6,3421.6,Credit Card,Standard,78,4,Delivered,No Return,1
O01298,C0432,P0203,2025-09-22,7,4865,3064.95,30990.05,6673.05,Net Banking,Standard,90,7,Delivered,No Return,5
O01299,C0087,P0101,2026-01-21,3,464,153.12,1238.88,312.88,UPI,Standard,41,7,Returned,Returned,1
O01300,C0308,P0004,2026-02-24,7,2253,1577.1,14193.9,1388.9,Debit Card,Standard,58,4,Delivered,No Return,1
O01301,C0058,P0055,2025-06-26,9,2592,1399.68,21928.32,7676.32,Cash on Delivery,Express,131,1,Delivered,No Return,3
O01302,C0327,P0142,2025-10-14,3,4321,1555.56,11407.44,3395.44,UPI,Standard,56,7,Delivered,No Return,1
O01303,C0100,P0114,2025-06-08,5,2450,735.0,11515.0,4207.0,Net Banking,Standard,53,7,Delivered,No Return,2
O01304,C0122,P0194,2026-01-25,3,1650,544.5,4405.5,897.5,UPI,Standard,82,5,Returned,Returned,1
O01305,C0329,P0183,2025-09-05,6,1443,259.74,8398.26,2458.26,Credit Card,Standard,90,3,Delivered,No Return,4
O01306,C0291,P0130,2026-04-29,8,487,506.48,3389.52,286.52,Debit Card,Standard,55,5,Delivered,No Return,2
O01307,C0093,P0064,2026-01-23,8,6488,5709.44,46194.56,13672.56,Debit Card,Standard,82,7,Delivered,No Return,2
O01308,C0497,P0057,2025-08-24,2,1654,430.04,2877.96,187.96,Debit Card,Standard,88,3,Delivered,No Return,4
O01309,C0495,P0148,2025-08-27,3,3494,0.0,10482.0,4167.0,Net Banking,Express,180,1,Delivered,No Return,1
O01310,C0164,P0191,2025-12-24,10,6416,6416.0,57744.0,14922.0,Net Banking,Standard,72,7,Delivered,No Return,5
O01311,C0209,P0125,2025-12-27,9,4762,5571.54,37286.46,12688.46,UPI,Standard,82,4,Delivered,No Return,1
O01312,C0431,P0134,2025-09-25,6,690,496.8,3643.2,801.2,UPI,Same Day,292,0,Delivered,No Return,5
O01313,C0365,P0193,2026-04-23,2,6231,4237.08,8224.92,-1181.08,UPI,Standard,62,5,Delivered,No Return,5
O01314,C0279,P0190,2025-06-09,10,5515,2206.0,52944.0,14297.0,Debit Card,Standard,77,4,Delivered,No Return,4
O01315,C0045,P0188,2025-11-30,7,899,2076.69,4216.3099999999995,408.31,Net Banking,Same Day,259,0,Returned,Returned,5
O01316,C0094,P0217,2025-08-25,6,4041,1939.68,22306.32,7818.32,UPI,Standard,76,6,Delivered,No Return,1
O01317,C0122,P0098,2025-07-27,8,6571,7359.52,45208.479999999996,11874.48,UPI,Same Day,214,0,Delivered,No Return,1
O01318,C0271,P0026,2025-11-15,6,1204,577.92,6646.08,1650.08,Debit Card,Standard,64,5,Delivered,No Return,1
O01319,C0383,P0215,2025-11-16,10,3517,1055.1,34114.9,6543.9,UPI,Standard,41,6,Returned,Returned,5
O01320,C0463,P0149,2025-06-20,4,4295,1374.4,15805.6,2436.6,Credit Card,Standard,69,6,Delivered,No Return,1
O01321,C0161,P0208,2026-01-01,10,6054,4237.8,56302.2,21665.2,Credit Card,Standard,47,4,Delivered,No Return,4
O01322,C0330,P0049,2026-01-29,8,2596,2907.52,17860.48,939.48,UPI,Standard,49,3,Delivered,No Return,2
O01323,C0104,P0121,2025-06-26,2,591,141.84,1040.16,61.16,Cash on Delivery,Standard,85,4,Delivered,No Return,1
O01324,C0361,P0002,2026-04-08,5,7498,3749.0,33741.0,12402.0,Credit Card,Standard,44,5,Delivered,No Return,1
O01325,C0168,P0210,2025-12-05,9,3846,3461.4,31152.6,7627.6,Cash on Delivery,Same Day,224,1,Delivered,No Return,5
O01326,C0262,P0027,2025-07-04,9,831,149.58,7329.42,3039.42,Credit Card,Standard,69,3,Delivered,No Return,1
O01327,C0231,P0032,2025-10-17,5,4088,1839.6,18600.4,5410.4,Net Banking,Standard,45,6,Delivered,No Return,5
O01328,C0198,P0083,2026-04-26,5,2213,1327.8,9737.2,3503.2,UPI,Standard,84,6,Delivered,No Return,5
O01329,C0381,P0148,2026-04-22,2,3494,0.0,6988.0,2754.0,Credit Card,Express,144,1,Delivered,No Return,2
O01330,C0461,P0112,2026-04-05,1,4468,223.4,4244.6,1456.6,UPI,Standard,44,6,Delivered,No Return,1
O01331,C0250,P0073,2026-05-17,4,5271,6746.88,14337.119999999999,992.12,Cash on Delivery,Standard,49,3,Delivered,No Return,4
O01332,C0097,P0006,2026-03-08,2,2734,382.76,5085.24,1050.24,Credit Card,Same Day,187,0,Delivered,No Return,2
O01333,C0366,P0002,2025-10-18,3,7498,2249.4,20244.6,7425.6,Cash on Delivery,Standard,42,6,Delivered,No Return,5
O01334,C0341,P0051,2025-08-26,3,4297,773.46,12117.54,4668.54,Net Banking,Standard,57,7,Delivered,No Return,1
O01335,C0352,P0118,2025-07-17,8,280,448.0,1792.0,301.0,Debit Card,Standard,51,5,Returned,Returned,4
O01336,C0160,P0152,2026-02-08,4,4983,1793.88,18138.12,4201.12,Debit Card,Standard,85,6,Delivered,No Return,3
O01337,C0027,P0187,2026-01-26,10,7198,1439.6,70540.4,27512.4,Cash on Delivery,Standard,48,3,Delivered,No Return,5
O01338,C0176,P0169,2026-04-11,2,2170,520.8,3819.2,1258.2,Credit Card,Standard,81,7,Delivered,No Return,2
O01339,C0210,P0004,2026-03-08,5,2253,1126.5,10138.5,961.5,Debit Card,Standard,72,7,Delivered,No Return,3
O01340,C0420,P0177,2025-06-06,8,3681,2944.8,26503.2,6916.2,Net Banking,Standard,83,4,Delivered,No Return,3
O01341,C0174,P0215,2026-03-24,5,3517,527.55,17057.45,3244.45,Debit Card,Standard,48,4,Delivered,No Return,5
O01342,C0187,P0005,2025-06-01,7,676,0.0,4732.0,1156.0,Cash on Delivery,Standard,41,3,Delivered,No Return,3
O01343,C0244,P0154,2026-04-17,8,6972,2231.04,53544.96,19297.96,Net Banking,Express,175,1,Delivered,No Return,2
O01344,C0055,P0053,2026-01-19,8,1082,952.16,7703.84,2547.84,Cash on Delivery,Standard,44,5,Delivered,No Return,4
O01345,C0043,P0054,2026-04-27,1,4394,1142.44,3251.56,-665.44,UPI,Same Day,262,1,Delivered,No Return,1
O01346,C0077,P0158,2025-10-19,9,4981,13448.7,31380.3,-5768.7,UPI,Standard,78,7,Delivered,No Return,3
O01347,C0324,P0134,2026-04-04,1,690,82.8,607.2,125.2,Net Banking,Standard,57,7,Delivered,No Return,2
O01348,C0326,P0218,2026-05-17,6,626,563.4,3192.6,630.6,Debit Card,Standard,54,3,Delivered,No Return,2
O01349,C0272,P0028,2025-06-01,10,6457,4519.9,60050.1,11713.1,Net Banking,Express,157,3,Returned,Returned,3
O01350,C0341,P0212,2026-01-26,7,3787,1060.36,25448.64,9623.64,Net Banking,Standard,40,7,Delivered,No Return,1
O01351,C0383,P0073,2025-07-27,10,5271,16867.2,35842.8,2519.8,UPI,Standard,83,6,Delivered,No Return,1
O01352,C0195,P0154,2025-06-25,1,6972,278.88,6693.12,2356.12,Credit Card,Standard,78,5,Returned,Returned,2
O01353,C0048,P0133,2026-01-06,8,846,0.0,6768.0,2433.0,UPI,Standard,87,5,Delivered,No Return,2
O01354,C0419,P0153,2025-06-16,10,1099,659.4,10330.6,2845.6,Cash on Delivery,Standard,75,5,Delivered,No Return,4
O01355,C0473,P0220,2025-12-30,7,7303,5112.1,46008.9,11990.9,Debit Card,Standard,89,7,Delivered,No Return,3
O01356,C0281,P0190,2025-06-01,9,5515,1985.4,47649.6,12799.6,Net Banking,Express,137,3,Delivered,No Return,5
O01357,C0392,P0012,2025-07-06,5,328,213.2,1426.8,109.8,Debit Card,Standard,82,5,Delivered,No Return,1
O01358,C0017,P0206,2025-08-11,9,3236,3494.88,25629.12,8069.12,Debit Card,Standard,55,3,Delivered,No Return,3
O01359,C0223,P0186,2025-09-11,1,2500,300.0,2200.0,185.0,Cash on Delivery,Standard,85,6,Delivered,No Return,5
O01360,C0357,P0175,2026-02-20,8,1304,1460.48,8971.52,1724.52,Debit Card,Standard,71,6,Delivered,No Return,5
O01361,C0143,P0189,2025-10-09,6,804,1543.68,3280.3199999999997,290.32,Debit Card,Standard,56,5,Delivered,No Return,4
O01362,C0308,P0144,2026-02-06,5,2605,911.75,12113.25,2486.25,Debit Card,Express,162,1,Returned,Returned,3
O01363,C0462,P0156,2026-01-04,6,6933,1663.92,39934.08,12644.08,Credit Card,Standard,44,6,Delivered,No Return,3
O01364,C0325,P0220,2025-11-18,6,7303,4381.8,39436.2,10163.2,Debit Card,Same Day,191,1,Returned,Returned,4
O01365,C0359,P0110,2025-12-10,8,6219,3482.64,46269.36,14553.36,Debit Card,Standard,76,3,Delivered,No Return,5
O01366,C0288,P0020,2026-05-18,4,3746,1947.92,13036.08,866.08,Credit Card,Same Day,246,0,Delivered,No Return,1
O01367,C0422,P0042,2025-06-15,4,3239,4534.6,8421.4,859.4,Net Banking,Standard,82,4,Delivered,No Return,1
O01368,C0171,P0088,2026-01-30,3,599,251.58,1545.42,88.42,Debit Card,Standard,86,3,Returned,Returned,5
O01369,C0466,P0067,2026-04-27,5,2552,638.0,12122.0,4459.0,UPI,Express,108,3,Delivered,No Return,4
O01370,C0194,P0067,2025-11-15,3,2552,382.8,7273.2,2584.2,Credit Card,Express,156,1,Delivered,No Return,1
O01371,C0242,P0013,2026-05-21,1,6597,395.82,6201.18,1480.18,UPI,Standard,41,3,Delivered,No Return,5
O01372,C0480,P0174,2025-06-21,2,6201,620.1,11781.9,2682.9,Credit Card,Express,173,2,Delivered,No Return,1
O01373,C0317,P0072,2025-11-22,9,7190,5823.9,58886.1,14472.1,Credit Card,Standard,44,6,Delivered,No Return,4
O01374,C0363,P0036,2025-09-30,10,7488,10483.2,64396.8,20576.8,Net Banking,Standard,70,7,Delivered,No Return,5
O01375,C0171,P0018,2025-12-17,4,1528,488.96,5623.04,1374.04,Debit Card,Standard,57,4,Delivered,No Return,3
O01376,C0103,P0094,2026-02-08,10,2619,5761.8,20428.2,4738.2,Cash on Delivery,Standard,40,7,Delivered,No Return,4
O01377,C0182,P0113,2025-07-21,3,2557,76.71,7594.29,1434.29,Credit Card,Same Day,205,0,Delivered,No Return,5
O01378,C0195,P0136,2026-04-15,9,6244,6181.56,50014.44,12646.44,Credit Card,Standard,81,6,Delivered,No Return,4
O01379,C0249,P0054,2026-02-24,2,4394,2284.88,6503.12,-878.88,UPI,Standard,72,6,Delivered,No Return,4
O01380,C0286,P0161,2025-10-30,10,5000,3000.0,47000.0,18084.0,Credit Card,Express,166,3,Delivered,No Return,3
O01381,C0338,P0203,2026-02-14,9,4865,3940.65,39844.35,8584.35,Cash on Delivery,Express,111,1,Delivered,No Return,5
O01382,C0118,P0054,2025-09-26,9,4394,10281.96,29264.04,-3778.96,Net Banking,Express,148,3,Delivered,No Return,1
O01383,C0300,P0198,2026-03-09,3,1662,149.58,4836.42,1631.42,UPI,Standard,88,5,Delivered,No Return,3
O01384,C0328,P0107,2025-05-28,9,3023,1360.35,25846.65,7651.65,Debit Card,Express,123,3,Cancelled,No Return,2
O01385,C0361,P0063,2025-10-01,1,1723,120.61,1602.39,513.39,Credit Card,Standard,87,5,Delivered,No Return,2
O01386,C0456,P0174,2026-01-08,1,6201,310.05,5890.95,1365.95,UPI,Standard,62,4,Delivered,No Return,1
O01387,C0500,P0209,2025-09-13,3,7780,466.8,22873.2,8804.2,Cash on Delivery,Standard,68,4,Delivered,No Return,3
O01388,C0206,P0217,2025-08-18,7,4041,2262.96,26024.04,9121.04,UPI,Standard,89,5,Delivered,No Return,1
O01389,C0003,P0108,2026-02-08,8,738,1003.68,4900.32,1230.32,UPI,Same Day,278,0,Delivered,No Return,2
O01390,C0272,P0032,2025-09-16,3,4088,1103.76,11160.24,3093.24,Net Banking,Express,180,3,Delivered,No Return,5
O01391,C0024,P0118,2026-02-20,3,280,168.0,672.0,-18.0,Debit Card,Express,150,1,Cancelled,No Return,4
O01392,C0460,P0160,2025-08-03,1,2859,428.85,2430.15,51.15,Debit Card,Standard,56,5,Delivered,No Return,1
O01393,C0103,P0213,2025-11-04,3,6781,5492.61,14850.39,2301.39,Cash on Delivery,Standard,87,7,Delivered,No Return,4
O01394,C0195,P0042,2025-12-17,6,3239,6801.9,12632.1,1289.1,Credit Card,Express,123,2,Delivered,No Return,1
O01395,C0119,P0197,2025-07-22,1,5094,152.82,4941.18,831.18,Debit Card,Standard,48,4,Delivered,No Return,2
O01396,C0206,P0060,2026-03-16,3,1681,252.15,4790.85,895.85,UPI,Standard,88,6,Delivered,No Return,5
O01397,C0166,P0152,2025-06-30,7,4983,3139.29,31741.71,7456.71,Cash on Delivery,Standard,44,6,Returned,Returned,2
O01398,C0168,P0029,2025-07-04,2,6069,1213.8,10924.2,4112.2,Cash on Delivery,Standard,54,6,Delivered,No Return,3
O01399,C0316,P0065,2025-05-29,4,4692,4879.68,13888.32,844.32,Net Banking,Standard,72,4,Delivered,No Return,2
O01400,C0231,P0201,2025-11-24,4,2475,297.0,9603.0,3402.0,Net Banking,Standard,85,4,Delivered,No Return,5
O01401,C0384,P0035,2026-05-21,5,1231,430.85,5724.15,751.15,UPI,Standard,78,4,Delivered,No Return,3
O01402,C0384,P0194,2025-09-15,5,1650,907.5,7342.5,1578.5,UPI,Standard,54,7,Delivered,No Return,1
O01403,C0275,P0125,2025-12-15,5,4762,3095.3,20714.7,7015.7,Credit Card,Standard,79,6,Cancelled,No Return,4
O01404,C0127,P0040,2026-03-09,8,5107,2451.36,38404.64,10740.64,Cash on Delivery,Standard,40,5,Delivered,No Return,4
O01405,C0441,P0185,2026-03-05,3,4506,811.08,12706.92,2072.92,Cash on Delivery,Express,137,3,Delivered,No Return,4
O01406,C0357,P0096,2025-08-29,7,170,107.1,1082.9,230.9,Debit Card,Standard,47,3,Delivered,No Return,4
O01407,C0145,P0107,2026-03-20,5,3023,755.75,14359.25,4189.25,Credit Card,Express,130,2,Returned,Returned,3
O01408,C0111,P0204,2026-05-20,3,4692,1126.08,12949.92,3912.92,Debit Card,Standard,58,5,Delivered,No Return,2
O01409,C0326,P0164,2025-12-13,7,4179,2047.71,27205.29,8218.29,Debit Card,Standard,59,4,Returned,Returned,1
O01410,C0432,P0145,2025-09-13,7,6549,13752.9,32090.1,5174.1,Net Banking,Same Day,253,1,Delivered,No Return,3
O01411,C0256,P0055,2025-08-25,4,2592,622.08,9745.92,3406.92,Net Banking,Standard,63,4,Delivered,No Return,4
O01412,C0327,P0109,2025-05-25,6,819,687.96,4226.04,103.04,UPI,Express,169,2,Delivered,No Return,5
O01413,C0038,P0101,2026-03-11,9,464,459.36,3716.64,993.64,Debit Card,Standard,68,5,Returned,Returned,1
O01414,C0274,P0160,2025-07-04,9,2859,3859.65,21871.35,828.35,UPI,Express,136,1,Delivered,No Return,1
O01415,C0389,P0064,2025-07-22,4,6488,2854.72,23097.28,6608.28,Debit Card,Same Day,269,1,Delivered,No Return,2
O01416,C0474,P0187,2025-10-13,7,7198,1007.72,49378.28,19202.28,Net Banking,Standard,90,3,Delivered,No Return,2
O01417,C0070,P0198,2026-03-02,8,1662,398.88,12897.12,4538.12,Net Banking,Standard,47,7,Delivered,No Return,5
O01418,C0463,P0130,2026-04-09,6,487,379.86,2542.14,181.14,Credit Card,Standard,75,6,Delivered,No Return,2
O01419,C0278,P0056,2026-04-05,7,7819,11493.93,43239.07,12487.07,Net Banking,Standard,71,7,Delivered,No Return,5
O01420,C0151,P0185,2025-09-11,1,4506,270.36,4235.64,583.64,Debit Card,Express,153,3,Delivered,No Return,2
O01421,C0346,P0025,2025-12-08,2,5276,1055.2,9496.8,3096.8,Cash on Delivery,Express,166,2,Delivered,No Return,5
O01422,C0353,P0048,2025-11-29,5,7838,3135.2,36054.8,13529.8,Credit Card,Standard,60,4,Delivered,No Return,2
O01423,C0056,P0163,2026-02-25,6,743,44.58,4413.42,952.42,Cash on Delivery,Same Day,269,0,Delivered,No Return,4
O01424,C0262,P0031,2026-05-18,3,5801,1566.27,15836.73,3870.73,Credit Card,Express,164,3,Delivered,No Return,4
O01425,C0148,P0195,2025-10-10,9,6087,16982.73,37800.270000000004,-2215.73,Cash on Delivery,Same Day,236,0,Returned,Returned,4
O01426,C0350,P0077,2025-11-24,3,5552,2498.4,14157.6,3262.6,UPI,Standard,53,3,Cancelled,No Return,3
O01427,C0278,P0041,2025-09-15,8,6032,12064.0,36192.0,3913.0,Net Banking,Express,175,3,Delivered,No Return,5
O01428,C0229,P0088,2025-08-19,8,599,670.88,4121.12,407.12,Credit Card,Standard,58,6,Delivered,No Return,4
O01429,C0253,P0123,2025-12-18,6,455,409.5,2320.5,412.5,Credit Card,Standard,42,5,Delivered,No Return,5
O01430,C0400,P0174,2025-09-21,6,6201,1860.3,35345.7,8496.7,UPI,Standard,71,4,Delivered,No Return,2
O01431,C0096,P0036,2026-05-13,3,7488,3144.96,19319.04,6140.04,Debit Card,Standard,54,6,Delivered,No Return,5
O01432,C0119,P0222,2026-01-27,3,3656,2632.32,8335.68,1675.68,Debit Card,Standard,78,7,Delivered,No Return,5
O01433,C0395,P0063,2025-10-01,7,1723,844.27,11216.73,4048.73,Debit Card,Express,154,2,Delivered,No Return,3
O01434,C0313,P0092,2025-06-07,5,4115,205.75,20369.25,8144.25,Debit Card,Express,165,1,Delivered,No Return,4
O01435,C0314,P0089,2025-08-21,2,6139,2578.38,9699.619999999999,658.62,Credit Card,Express,163,2,Delivered,No Return,5
O01436,C0048,P0120,2025-09-03,8,3123,1249.2,23734.8,5437.8,UPI,Standard,89,4,Delivered,No Return,2
O01437,C0337,P0081,2025-09-22,10,6621,5958.9,60251.1,20068.1,Credit Card,Standard,83,3,Delivered,No Return,3
O01438,C0312,P0072,2026-02-25,1,7190,647.1,6542.9,1438.9,UPI,Express,174,1,Delivered,No Return,2
O01439,C0360,P0154,2025-08-11,4,6972,1115.52,26772.48,9649.48,Net Banking,Standard,87,4,Delivered,No Return,4
O01440,C0049,P0080,2025-12-19,3,7630,3433.5,19456.5,6564.5,Credit Card,Standard,61,6,Cancelled,No Return,5
O01441,C0319,P0110,2025-08-26,1,6219,435.33,5783.67,1689.67,Debit Card,Express,139,1,Delivered,No Return,3
O01442,C0043,P0031,2025-06-16,10,5801,5220.9,52789.1,13334.1,UPI,Express,115,1,Delivered,No Return,3
O01443,C0466,P0181,2025-07-31,6,4500,2700.0,24300.0,4348.0,UPI,Standard,44,3,Delivered,No Return,2
O01444,C0168,P0072,2025-12-16,5,7190,3235.5,32714.5,8020.5,Cash on Delivery,Standard,44,5,Delivered,No Return,2
O01445,C0343,P0174,2026-03-16,8,6201,2480.4,47127.6,11338.6,Cash on Delivery,Standard,85,4,Delivered,No Return,4
O01446,C0063,P0105,2025-09-16,4,4619,369.52,18106.48,5441.48,Net Banking,Express,117,3,Delivered,No Return,2
O01447,C0415,P0191,2025-11-29,2,6416,1283.2,11548.8,2923.8,Net Banking,Standard,75,7,Returned,Returned,4
O01448,C0168,P0096,2025-12-22,1,170,15.3,154.7,-127.3,Cash on Delivery,Express,167,2,Delivered,No Return,4
O01449,C0249,P0164,2025-10-15,9,4179,2632.77,34978.23,10573.23,UPI,Standard,69,7,Delivered,No Return,3
O01450,C0444,P0216,2026-02-17,5,3133,0.0,15665.0,5199.0,UPI,Express,106,3,Delivered,No Return,5
O01451,C0478,P0036,2025-12-26,10,7488,10483.2,64396.8,20575.8,UPI,Standard,71,4,Delivered,No Return,2
O01452,C0038,P0139,2025-11-24,1,7335,440.1,6894.9,1925.9,Debit Card,Standard,67,5,Cancelled,No Return,1
O01453,C0168,P0093,2026-01-12,10,664,332.0,6308.0,2452.0,Cash on Delivery,Standard,76,7,Delivered,No Return,4
O01454,C0174,P0112,2026-03-18,8,4468,1787.2,33956.8,11953.8,Debit Card,Standard,51,4,Returned,Returned,3
O01455,C0468,P0180,2025-07-03,4,8100,4212.0,28188.0,9341.0,Debit Card,Same Day,223,0,Delivered,No Return,3
O01456,C0340,P0066,2026-05-20,6,2503,1351.62,13666.380000000001,1188.38,Net Banking,Standard,88,4,Delivered,No Return,2
O01457,C0017,P0192,2025-08-01,6,1872,1010.88,10221.12,1919.12,Debit Card,Standard,70,6,Delivered,No Return,3
O01458,C0276,P0003,2025-11-09,4,1423,284.6,5407.4,988.4,Cash on Delivery,Standard,75,6,Delivered,No Return,2
O01459,C0495,P0003,2025-12-02,7,1423,498.05,9462.95,1807.95,Net Banking,Standard,53,3,Delivered,No Return,2
O01460,C0342,P0014,2025-09-15,6,7602,2280.6,43331.4,14789.4,Cash on Delivery,Standard,66,4,Delivered,No Return,3
O01461,C0488,P0188,2025-06-27,9,899,2670.03,5420.969999999999,781.97,Cash on Delivery,Standard,76,7,Delivered,No Return,1
O01462,C0353,P0194,2025-11-06,4,1650,726.0,5874.0,1225.0,Credit Card,Standard,81,4,Delivered,No Return,4
O01463,C0340,P0202,2025-06-19,2,5174,620.88,9727.12,3385.12,Net Banking,Standard,76,3,Delivered,No Return,1
O01464,C0432,P0084,2026-05-10,7,6457,5875.87,39323.13,7278.13,Net Banking,Same Day,272,1,Delivered,No Return,5
O01465,C0383,P0008,2026-03-14,3,5727,1374.48,15806.52,4645.52,UPI,Standard,64,5,Delivered,No Return,2
O01466,C0231,P0045,2026-01-28,9,3224,2031.12,26984.88,4575.88,Net Banking,Express,161,3,Returned,Returned,4
O01467,C0301,P0003,2025-06-17,3,1423,213.45,4055.55,707.55,Credit Card,Standard,90,6,Delivered,No Return,5
O01468,C0450,P0163,2026-01-19,3,743,22.29,2206.71,547.71,UPI,Standard,63,4,Delivered,No Return,5
O01469,C0044,P0031,2025-12-17,4,5801,2088.36,21115.64,5322.64,Cash on Delivery,Standard,57,3,Delivered,No Return,4
O01470,C0197,P0196,2025-10-09,1,2968,148.4,2819.6,669.6,Debit Card,Standard,68,4,Delivered,No Return,2
O01471,C0414,P0117,2025-07-03,3,1146,446.94,2991.06,916.06,UPI,Standard,44,3,Delivered,No Return,2
O01472,C0129,P0067,2026-01-28,9,2552,1148.4,21819.6,8134.6,Debit Card,Standard,86,6,Delivered,No Return,3
O01473,C0190,P0048,2026-05-03,10,7838,6270.4,72109.6,26935.6,Cash on Delivery,Same Day,244,1,Delivered,No Return,5
O01474,C0167,P0084,2025-10-01,3,6457,2518.23,16852.77,3157.77,Debit Card,Standard,78,3,Delivered,No Return,3
O01475,C0231,P0095,2025-09-09,6,2505,1953.9,13076.1,1730.1,Net Banking,Standard,54,3,Delivered,No Return,3
O01476,C0351,P0179,2025-12-30,1,7966,557.62,7408.38,2724.38,Net Banking,Express,168,3,Delivered,No Return,3
O01477,C0175,P0082,2025-11-21,5,1777,799.65,8085.35,2545.35,Cash on Delivery,Same Day,300,1,Delivered,No Return,5
O01478,C0174,P0211,2025-09-04,10,3969,3572.1,36117.9,9613.9,Debit Card,Standard,64,4,Delivered,No Return,1
O01479,C0308,P0202,2026-03-23,8,5174,2483.52,38908.48,13803.48,Debit Card,Standard,41,5,Delivered,No Return,3
O01480,C0184,P0172,2025-07-10,9,3407,3066.3,27596.7,3521.7,Debit Card,Express,126,1,Delivered,No Return,1
O01481,C0210,P0206,2025-09-24,7,3236,2718.24,19933.760000000002,6260.76,Debit Card,Standard,58,3,Delivered,No Return,4
O01482,C0119,P0056,2025-06-09,5,7819,8209.95,30885.05,8915.05,Debit Card,Standard,55,5,Delivered,No Return,5
O01483,C0182,P0137,2026-03-17,1,3932,432.52,3499.48,1056.48,Credit Card,Same Day,215,0,Delivered,No Return,2
O01484,C0400,P0055,2026-04-30,3,2592,466.56,7309.44,2515.44,UPI,Standard,87,7,Delivered,No Return,3
O01485,C0247,P0057,2026-02-27,7,1654,1505.14,10072.86,886.86,UPI,Standard,79,3,Delivered,No Return,2
O01486,C0311,P0084,2026-02-21,6,6457,5036.46,33705.54,6427.54,Debit Card,Standard,44,7,Returned,Returned,5
O01487,C0436,P0146,2026-05-09,10,6308,0.0,63080.0,21946.0,Cash on Delivery,Express,104,2,Delivered,No Return,1
O01488,C0171,P0171,2026-03-02,3,3470,728.7,9681.3,2685.3,Debit Card,Same Day,210,1,Delivered,No Return,3
O01489,C0463,P0090,2026-02-06,7,1252,350.56,8413.44,2408.44,Credit Card,Express,167,3,Delivered,No Return,2
O01490,C0171,P0213,2025-10-24,4,6781,7323.48,19800.52,3128.52,Debit Card,Standard,56,3,Delivered,No Return,1
O01491,C0324,P0117,2025-09-03,1,1146,148.98,997.02,236.02,Net Banking,Standard,84,6,Returned,Returned,3
O01492,C0198,P0025,2025-10-29,10,5276,5276.0,47484.0,16200.0,UPI,Express,114,1,Delivered,No Return,1
O01493,C0106,P0032,2025-06-08,8,4088,2943.36,29760.64,8678.64,Cash on Delivery,Standard,50,4,Cancelled,No Return,4
O01494,C0134,P0051,2025-08-06,8,4297,2062.56,32313.44,12457.44,Credit Card,Express,144,3,Delivered,No Return,5
O01495,C0288,P0211,2026-03-02,3,3969,1071.63,10835.369999999999,2757.37,Credit Card,Express,146,1,Delivered,No Return,3
O01496,C0096,P0116,2025-06-23,6,3102,4466.88,14145.119999999999,2531.12,Debit Card,Same Day,214,1,Delivered,No Return,3
O01497,C0483,P0137,2025-07-12,5,3932,2162.6,17497.4,6283.4,Cash on Delivery,Standard,74,5,Delivered,No Return,4
O01498,C0384,P0198,2026-04-01,7,1662,349.02,11284.98,3926.98,UPI,Standard,85,7,Delivered,No Return,3
O01499,C0429,P0117,2025-11-22,8,1146,1191.84,7976.16,2485.16,Debit Card,Standard,75,4,Delivered,No Return,5
O01500,C0438,P0221,2025-08-16,7,3062,1286.04,20147.96,5808.96,Cash on Delivery,Express,143,1,Delivered,No Return,1
O01501,C0278,P0087,2025-11-18,5,8418,2525.4,39564.6,15540.6,Net Banking,Standard,64,4,Delivered,No Return,5
O01502,C0405,P0099,2025-06-05,8,2876,460.16,22547.84,5364.84,Net Banking,Standard,79,4,Delivered,No Return,1
O01503,C0463,P0007,2025-07-27,9,6448,18570.24,39461.759999999995,836.76,Credit Card,Standard,78,5,Delivered,No Return,3
O01504,C0419,P0175,2025-10-16,6,1304,1095.36,6728.64,1244.64,Cash on Delivery,Express,102,1,Delivered,No Return,1
O01505,C0474,P0098,2025-10-13,1,6571,919.94,5651.0599999999995,1435.06,Net Banking,Standard,76,7,Delivered,No Return,2
O01506,C0360,P0178,2026-02-09,3,3881,1047.87,10595.130000000001,2993.13,Net Banking,Standard,87,3,Delivered,No Return,5
O01507,C0259,P0105,2026-01-17,5,4619,461.9,22633.1,6863.1,UPI,Standard,85,7,Delivered,No Return,1
O01508,C0250,P0034,2025-08-20,7,5437,4567.08,33491.92,7398.92,Cash on Delivery,Same Day,193,1,Delivered,No Return,3
O01509,C0389,P0219,2025-08-16,10,914,1005.4,8134.6,2929.6,Debit Card,Express,125,1,Delivered,No Return,4
O01510,C0334,P0087,2026-02-08,10,8418,5050.8,79129.2,31138.2,Credit Card,Standard,71,5,Cancelled,No Return,1
O01511,C0388,P0208,2026-03-11,5,6054,2118.9,28151.1,10700.1,Net Banking,Express,156,3,Delivered,No Return,1
O01512,C0402,P0157,2025-12-27,3,3666,769.86,10228.14,3292.14,Debit Card,Express,168,2,Delivered,No Return,3
O01513,C0033,P0091,2025-09-24,3,2647,0.0,7941.0,1480.0,UPI,Standard,65,7,Delivered,No Return,3
O01514,C0083,P0122,2026-04-14,2,1327,398.1,2255.9,149.9,Net Banking,Standard,88,3,Delivered,No Return,2
O01515,C0397,P0188,2025-08-05,4,899,1186.68,2409.3199999999997,222.32,Net Banking,Express,159,3,Delivered,No Return,5
O01516,C0492,P0196,2026-04-07,8,2968,1187.2,22556.8,5822.8,Debit Card,Standard,78,4,Delivered,No Return,5
O01517,C0317,P0087,2026-01-22,9,8418,4545.72,71216.28,28025.28,Credit Card,Standard,63,4,Delivered,No Return,1
O01518,C0193,P0116,2026-04-24,4,3102,2977.92,9430.08,1674.08,Debit Card,Express,156,3,Delivered,No Return,2
O01519,C0293,P0034,2026-05-10,1,5437,652.44,4784.5599999999995,857.56,Debit Card,Same Day,227,1,Delivered,No Return,5
O01520,C0214,P0066,2025-12-21,6,2503,1351.62,13666.380000000001,1230.38,Credit Card,Standard,46,3,Returned,Returned,1
O01521,C0439,P0117,2025-12-09,4,1146,595.92,3988.08,1169.08,Debit Card,Express,111,2,Delivered,No Return,1
O01522,C0382,P0220,2025-09-23,4,7303,2921.2,26290.8,6817.8,Cash on Delivery,Standard,85,3,Delivered,No Return,1
O01523,C0240,P0097,2025-06-07,3,5139,1850.04,13566.96,3830.96,Cash on Delivery,Standard,85,7,Delivered,No Return,3
O01524,C0089,P0017,2026-02-01,4,4619,739.04,17736.96,7246.96,Debit Card,Standard,58,6,Delivered,No Return,2
O01525,C0360,P0067,2025-12-26,7,2552,893.2,16970.8,6293.8,Net Banking,Express,100,1,Delivered,No Return,2
O01526,C0020,P0213,2026-02-15,3,6781,5492.61,14850.39,2298.39,Cash on Delivery,Standard,90,5,Delivered,No Return,5
O01527,C0047,P0048,2025-06-11,6,7838,3762.24,43265.76,16258.76,Credit Card,Standard,49,5,Delivered,No Return,3
O01528,C0093,P0105,2025-12-26,3,4619,277.14,13579.86,4005.86,Debit Card,Express,163,2,Delivered,No Return,2
O01529,C0306,P0120,2025-07-22,7,3123,1093.05,20767.95,4546.95,Credit Card,Same Day,289,1,Delivered,No Return,1
O01530,C0250,P0208,2025-10-07,4,6054,1695.12,22520.88,8644.88,Cash on Delivery,Standard,40,4,Delivered,No Return,2
O01531,C0221,P0138,2026-02-27,9,1269,571.05,10849.95,1822.95,Debit Card,Same Day,297,1,Delivered,No Return,1
O01532,C0351,P0086,2026-03-13,3,426,76.68,1201.32,223.32,Net Banking,Express,147,3,Delivered,No Return,5
O01533,C0195,P0190,2025-07-23,8,5515,1764.8,42355.2,11411.2,Credit Card,Standard,88,3,Delivered,No Return,3
O01534,C0360,P0196,2025-11-23,10,2968,1484.0,28196.0,7318.0,Net Banking,Standard,58,6,Delivered,No Return,5
O01535,C0191,P0062,2026-04-14,10,3173,317.3,31412.7,5464.7,Cash on Delivery,Standard,48,5,Delivered,No Return,5
O01536,C0265,P0045,2025-09-30,2,3224,451.36,5996.64,1001.64,UPI,Standard,51,4,Delivered,No Return,1
O01537,C0236,P0086,2025-06-20,5,426,127.8,2002.2,541.2,Credit Card,Standard,76,5,Delivered,No Return,2
O01538,C0048,P0012,2025-07-04,7,328,298.48,1997.52,111.52,UPI,Express,157,2,Delivered,No Return,1
O01539,C0413,P0162,2025-06-01,10,5708,6278.8,50801.2,13526.2,Debit Card,Express,125,1,Cancelled,No Return,3
O01540,C0117,P0027,2026-01-31,3,831,49.86,2443.14,740.14,Cash on Delivery,Same Day,296,1,Delivered,No Return,1
O01541,C0495,P0054,2025-08-03,3,4394,3427.32,9754.68,-1259.32,Net Banking,Standard,49,7,Delivered,No Return,1
O01542,C0128,P0108,2026-02-09,9,738,1129.14,5512.86,1656.86,Net Banking,Standard,40,7,Delivered,No Return,5
O01543,C0053,P0177,2025-12-27,2,3681,736.2,6625.8,1604.8,Net Banking,Express,145,3,Delivered,No Return,2
O01544,C0181,P0206,2026-04-02,2,3236,776.64,5695.36,1722.36,Cash on Delivery,Standard,83,6,Delivered,No Return,1
O01545,C0267,P0213,2025-09-01,9,6781,16477.83,44551.17,7124.17,Credit Card,Standard,41,4,Delivered,No Return,1
O01546,C0040,P0136,2025-08-18,3,6244,2060.52,16671.48,4171.48,Cash on Delivery,Standard,71,7,Delivered,No Return,4
O01547,C0199,P0147,2026-03-01,10,2350,7990.0,15510.0,11.0,Net Banking,Standard,59,6,Delivered,No Return,3
O01548,C0139,P0016,2026-05-19,4,459,459.0,1377.0,213.0,UPI,Express,140,3,Delivered,No Return,1
O01549,C0356,P0122,2026-03-18,7,1327,1393.35,7895.65,698.65,Debit Card,Express,134,1,Delivered,No Return,2
O01550,C0195,P0155,2025-06-06,7,5188,3994.76,32321.239999999998,11656.24,Credit Card,Standard,50,7,Delivered,No Return,2
O01551,C0429,P0138,2025-07-15,3,1269,190.35,3616.65,665.65,Debit Card,Standard,41,3,Delivered,No Return,2
O01552,C0351,P0169,2025-11-11,9,2170,2343.6,17186.4,5948.4,Net Banking,Standard,78,7,Delivered,No Return,5
O01553,C0446,P0208,2026-05-10,1,6054,423.78,5630.22,2110.22,UPI,Standard,61,5,Delivered,No Return,3
O01554,C0185,P0056,2025-07-23,9,7819,14777.91,55593.09,16024.09,UPI,Express,122,1,Delivered,No Return,3
O01555,C0132,P0071,2026-01-31,9,1828,2467.8,13984.2,1950.2,Net Banking,Standard,46,6,Delivered,No Return,5
O01556,C0136,P0054,2025-10-26,7,4394,7997.08,22760.92,-2952.08,Debit Card,Express,128,3,Delivered,No Return,2
O01557,C0222,P0033,2025-11-06,8,3673,2350.72,27033.28,3868.28,UPI,Standard,53,7,Delivered,No Return,5
O01558,C0488,P0037,2025-08-31,6,4335,5202.0,20808.0,5653.0,Cash on Delivery,Same Day,269,0,Delivered,No Return,5
O01559,C0171,P0021,2025-08-29,1,4876,390.08,4485.92,648.92,Debit Card,Standard,57,7,Delivered,No Return,5
O01560,C0095,P0163,2025-06-02,1,743,7.43,735.57,118.57,Cash on Delivery,Standard,85,3,Delivered,No Return,5
O01561,C0473,P0015,2025-10-21,2,4156,1413.04,6898.96,1038.96,Debit Card,Express,124,2,Delivered,No Return,5
O01562,C0484,P0101,2025-06-20,1,464,51.04,412.96,-35.04,Credit Card,Express,153,3,Delivered,No Return,2
O01563,C0275,P0009,2025-08-15,1,965,19.3,945.7,-38.3,Credit Card,Same Day,277,1,Delivered,No Return,4
O01564,C0271,P0122,2025-09-25,5,1327,995.25,5639.75,548.75,Debit Card,Standard,46,5,Cancelled,No Return,2
O01565,C0066,P0171,2025-09-13,10,3470,2429.0,32271.0,9607.0,Net Banking,Standard,44,5,Delivered,No Return,1
O01566,C0167,P0079,2026-02-05,6,5618,1348.32,32359.68,6470.68,Debit Card,Standard,41,5,Delivered,No Return,4
O01567,C0055,P0091,2026-04-29,5,2647,0.0,13235.0,2518.0,Cash on Delivery,Standard,57,3,Delivered,No Return,4
O01568,C0471,P0215,2025-10-03,8,3517,844.08,27291.92,5098.92,Credit Card,Express,169,3,Delivered,No Return,4
O01569,C0096,P0193,2025-10-02,3,6231,6355.62,12337.380000000001,-1838.62,Debit Card,Express,160,3,Returned,Returned,5
O01570,C0016,P0109,2025-11-04,6,819,687.96,4226.04,220.04,Cash on Delivery,Standard,52,6,Delivered,No Return,5
O01571,C0278,P0149,2026-05-13,8,4295,2748.8,31611.2,4926.2,Net Banking,Standard,85,3,Delivered,No Return,2
O01572,C0308,P0199,2026-02-11,3,3906,234.36,11483.64,3078.64,Debit Card,Standard,83,6,Delivered,No Return,3
O01573,C0149,P0152,2025-10-03,8,4983,3587.76,36276.24,8497.24,UPI,Standard,75,4,Returned,Returned,2
O01574,C0478,P0104,2026-01-02,9,3932,3538.8,31849.2,11733.2,UPI,Standard,73,7,Delivered,No Return,1
O01575,C0351,P0111,2026-05-18,3,4343,390.87,12638.13,4237.13,Net Banking,Standard,58,5,Delivered,No Return,5
O01576,C0168,P0139,2025-06-26,2,7335,880.2,13789.8,3878.8,Cash on Delivery,Express,107,3,Delivered,No Return,4
O01577,C0314,P0048,2025-08-25,2,7838,1254.08,14421.92,5367.92,Credit Card,Standard,68,5,Delivered,No Return,1
O01578,C0259,P0159,2025-09-04,1,1877,244.01,1632.99,58.99,UPI,Standard,61,4,Delivered,No Return,2
O01579,C0366,P0111,2026-01-27,3,4343,390.87,12638.13,4130.13,Cash on Delivery,Express,165,3,Delivered,No Return,2
O01580,C0172,P0142,2026-02-22,7,4321,3629.64,26617.36,8003.36,Credit Card,Standard,50,7,Delivered,No Return,4
O01581,C0156,P0135,2026-03-16,4,1751,560.32,6443.68,2428.68,Net Banking,Standard,83,6,Delivered,No Return,3
O01582,C0429,P0166,2026-01-09,8,1956,4381.44,11266.560000000001,1230.56,Debit Card,Express,180,3,Delivered,No Return,3
O01583,C0102,P0208,2025-11-04,1,6054,423.78,5630.22,2100.22,Credit Card,Standard,71,4,Delivered,No Return,4
O01584,C0281,P0010,2026-03-31,10,5781,5781.0,52029.0,10963.0,Net Banking,Same Day,286,0,Delivered,No Return,1
O01585,C0163,P0213,2025-10-13,2,6781,3661.74,9900.26,1505.26,Net Banking,Standard,87,5,Delivered,No Return,1
O01586,C0368,P0160,2026-04-15,3,2859,1286.55,7290.45,241.45,Credit Card,Standard,80,4,Returned,Returned,4
O01587,C0291,P0047,2025-06-30,10,6767,8120.4,59549.6,10860.6,Debit Card,Standard,69,7,Returned,Returned,1
O01588,C0361,P0060,2026-05-20,8,1681,672.4,12775.6,2362.6,Credit Card,Same Day,261,0,Cancelled,No Return,1
O01589,C0167,P0032,2026-01-19,8,4088,2943.36,29760.64,8643.64,Debit Card,Standard,85,7,Delivered,No Return,1
O01590,C0364,P0169,2026-04-28,5,2170,1302.0,9548.0,3271.0,Credit Card,Standard,77,6,Delivered,No Return,4
O01591,C0077,P0050,2026-01-23,1,4133,1405.22,2727.7799999999997,-266.22,UPI,Standard,74,5,Delivered,No Return,4
O01592,C0368,P0214,2025-07-07,9,3317,7164.72,22688.28,-1638.72,Credit Card,Standard,63,5,Delivered,No Return,3
O01593,C0233,P0201,2026-02-01,1,2475,74.25,2400.75,796.75,UPI,Standard,75,6,Delivered,No Return,2
O01594,C0100,P0033,2025-07-06,7,3673,2056.88,23654.12,3199.12,Net Banking,Same Day,232,0,Delivered,No Return,5
O01595,C0020,P0009,2026-01-09,9,965,173.7,8511.3,2099.3,Cash on Delivery,Standard,49,3,Delivered,No Return,4
O01596,C0483,P0164,2025-12-29,8,4179,2340.24,31091.760000000002,9289.76,Cash on Delivery,Express,170,3,Delivered,No Return,5
O01597,C0389,P0163,2025-10-17,10,743,74.3,7355.7,1995.7,Debit Card,Standard,40,4,Delivered,No Return,3
O01598,C0164,P0068,2025-06-30,9,4482,8874.36,31463.64,-308.36,Net Banking,Same Day,245,0,Delivered,No Return,3
O01599,C0101,P0142,2025-10-03,3,4321,1555.56,11407.44,3369.44,Cash on Delivery,Standard,82,3,Delivered,No Return,5
O01600,C0109,P0175,2025-06-25,9,1304,1643.04,10092.96,1963.96,Cash on Delivery,Standard,56,4,Cancelled,No Return,2
O01601,C0041,P0147,2025-08-25,8,2350,6392.0,12408.0,-12.0,Debit Card,Standard,68,6,Delivered,No Return,4
O01602,C0392,P0011,2025-11-06,7,2292,481.32,15562.68,2578.68,Debit Card,Express,167,1,Delivered,No Return,4
O01603,C0391,P0042,2026-04-23,1,3239,1133.65,2105.35,169.35,Cash on Delivery,Standard,66,4,Delivered,No Return,4
O01604,C0222,P0052,2026-01-14,5,5224,2350.8,23769.2,7282.2,UPI,Standard,67,3,Delivered,No Return,5
O01605,C0153,P0144,2025-08-18,2,2605,364.7,4845.3,825.3,UPI,Same Day,234,0,Delivered,No Return,3
O01606,C0495,P0211,2026-04-06,5,3969,1786.05,18058.95,4709.95,Net Banking,Express,129,2,Delivered,No Return,1
O01607,C0290,P0087,2026-01-16,9,8418,4545.72,71216.28,28026.28,Net Banking,Standard,62,3,Delivered,No Return,4
O01608,C0233,P0035,2026-04-06,9,1231,775.53,10303.47,1427.47,UPI,Standard,65,7,Delivered,No Return,1
O01609,C0288,P0073,2025-09-22,3,5271,5060.16,10752.84,637.84,Credit Card,Express,143,2,Delivered,No Return,3
O01610,C0335,P0147,2025-11-14,7,2350,5593.0,10857.0,-118.0,Cash on Delivery,Express,167,1,Delivered,No Return,5
O01611,C0167,P0003,2026-02-23,7,1423,498.05,9462.95,1801.95,Debit Card,Standard,59,4,Delivered,No Return,5
O01612,C0483,P0088,2025-10-28,5,599,419.3,2575.7,245.7,Cash on Delivery,Standard,45,7,Delivered,No Return,5
O01613,C0473,P0111,2026-01-27,5,4343,651.45,21063.55,7011.55,Debit Card,Express,147,2,Delivered,No Return,1
O01614,C0062,P0029,2026-02-10,4,6069,2427.6,21848.4,8158.4,Credit Card,Express,174,3,Delivered,No Return,4
O01615,C0383,P0116,2025-09-30,1,3102,744.48,2357.52,319.52,UPI,Express,138,1,Delivered,No Return,4
O01616,C0358,P0074,2026-04-21,6,3946,1894.08,21781.92,5517.92,Debit Card,Standard,76,7,Delivered,No Return,4
O01617,C0149,P0183,2025-11-17,4,1443,173.16,5598.84,1619.84,UPI,Standard,79,7,Delivered,No Return,1
O01618,C0020,P0175,2026-05-10,7,1304,1277.92,7850.08,1526.08,Cash on Delivery,Standard,45,7,Delivered,No Return,2
O01619,C0117,P0034,2025-12-12,8,5437,5219.52,38276.479999999996,8544.48,Cash on Delivery,Express,132,1,Delivered,No Return,5
O01620,C0238,P0219,2025-09-11,5,914,502.7,4067.3,1477.3,UPI,Standard,50,7,Delivered,No Return,5
O01621,C0332,P0105,2025-09-23,4,4619,369.52,18106.48,5354.48,Cash on Delivery,Same Day,204,0,Returned,Returned,2
O01622,C0413,P0133,2025-08-06,1,846,0.0,846.0,235.0,Debit Card,Standard,80,3,Delivered,No Return,1
O01623,C0323,P0077,2026-04-01,5,5552,4164.0,23596.0,5458.0,Debit Card,Standard,68,6,Delivered,No Return,5
O01624,C0091,P0005,2025-07-05,3,676,0.0,2028.0,425.0,UPI,Standard,88,5,Cancelled,No Return,2
O01625,C0406,P0220,2025-06-22,3,7303,2190.9,19718.1,5040.1,Debit Card,Express,137,2,Delivered,No Return,2
O01626,C0391,P0073,2025-06-16,10,5271,16867.2,35842.8,2524.8,Cash on Delivery,Standard,78,6,Cancelled,No Return,4
O01627,C0353,P0203,2025-12-26,7,4865,3064.95,30990.05,6489.05,Credit Card,Same Day,274,0,Delivered,No Return,1
O01628,C0289,P0054,2025-09-02,10,4394,11424.4,32515.6,-4076.4,Debit Card,Standard,42,7,Delivered,No Return,2
O01629,C0061,P0222,2025-12-31,8,3656,7019.52,22228.48,4604.48,Credit Card,Standard,72,6,Delivered,No Return,2
O01630,C0090,P0167,2025-07-21,10,869,608.3,8081.7,727.7,Debit Card,Same Day,194,0,Returned,Returned,1
O01631,C0075,P0129,2026-02-06,8,750,480.0,5520.0,1834.0,Net Banking,Same Day,214,0,Delivered,No Return,4
O01632,C0097,P0107,2025-06-06,8,3023,1209.2,22974.8,6840.8,Credit Card,Standard,70,4,Delivered,No Return,4
O01633,C0366,P0142,2025-07-07,9,4321,4666.68,34222.32,10295.32,Cash on Delivery,Standard,59,6,Delivered,No Return,1
O01634,C0415,P0161,2025-10-16,7,5000,2100.0,32900.0,12715.0,Net Banking,Standard,60,5,Delivered,No Return,5
O01635,C0088,P0145,2025-07-21,2,6549,3929.4,9168.6,1484.6,Net Banking,Standard,66,5,Cancelled,No Return,1
O01636,C0195,P0016,2025-08-08,10,459,1147.5,3442.5,815.5,Credit Card,Standard,67,3,Delivered,No Return,2
O01637,C0291,P0018,2025-06-18,9,1528,1100.16,12651.84,3157.84,Debit Card,Standard,62,3,Delivered,No Return,2
O01638,C0040,P0030,2025-08-23,4,2656,1381.12,9242.880000000001,2878.88,Cash on Delivery,Standard,52,6,Delivered,No Return,3
O01639,C0397,P0140,2026-05-04,6,2972,891.6,16940.4,4645.4,Net Banking,Same Day,187,1,Delivered,No Return,1
O01640,C0053,P0192,2025-07-12,5,1872,842.4,8517.6,1486.6,Net Banking,Express,171,1,Delivered,No Return,5
O01641,C0174,P0107,2026-03-01,3,3023,453.45,8615.55,2544.55,Debit Card,Standard,47,5,Delivered,No Return,3
O01642,C0172,P0081,2026-05-04,1,6621,595.89,6025.11,1961.11,Credit Card,Standard,54,3,Delivered,No Return,1
O01643,C0239,P0100,2025-08-25,9,7859,7780.41,62950.59,18115.59,UPI,Standard,87,3,Delivered,No Return,3
O01644,C0349,P0180,2025-09-18,10,8100,10530.0,70470.0,23627.0,Cash on Delivery,Same Day,283,0,Returned,Returned,5
O01645,C0256,P0218,2026-02-02,1,626,93.9,532.1,27.1,Net Banking,Standard,87,3,Delivered,No Return,4
O01646,C0477,P0047,2025-08-31,1,6767,812.04,5954.96,1049.96,UPI,Standard,43,3,Delivered,No Return,2
O01647,C0048,P0154,2025-07-11,2,6972,557.76,13386.24,4720.24,UPI,Express,148,3,Delivered,No Return,4
O01648,C0461,P0182,2026-04-08,1,3298,593.64,2704.36,322.36,UPI,Standard,80,5,Delivered,No Return,4
O01649,C0014,P0103,2025-12-01,8,7245,10432.8,47527.2,13261.2,Net Banking,Express,130,1,Delivered,No Return,1
O01650,C0483,P0038,2025-10-05,9,5758,6736.86,45085.14,3003.14,Cash on Delivery,Express,160,2,Delivered,No Return,3
O01651,C0357,P0015,2025-08-25,4,4156,2826.08,13797.92,2281.92,Debit Card,Standard,44,7,Delivered,No Return,3
O01652,C0077,P0006,2026-02-05,1,2734,191.38,2542.62,456.62,UPI,Express,162,2,Returned,Returned,2
O01653,C0249,P0025,2026-01-21,10,5276,5276.0,47484.0,16269.0,UPI,Standard,45,7,Delivered,No Return,3
O01654,C0215,P0034,2026-05-22,8,5437,5219.52,38276.479999999996,8608.48,Credit Card,Standard,68,5,Delivered,No Return,2
O01655,C0052,P0151,2025-08-31,2,3540,2053.2,5026.8,526.8,Credit Card,Standard,86,5,Delivered,No Return,3
O01656,C0319,P0018,2026-01-24,9,1528,1100.16,12651.84,3143.84,Debit Card,Standard,76,5,Delivered,No Return,2
O01657,C0456,P0088,2025-07-31,4,599,335.44,2060.56,156.56,UPI,Standard,76,6,Delivered,No Return,4
O01658,C0010,P0180,2025-06-06,6,8100,6318.0,42282.0,14273.0,Cash on Delivery,Standard,73,4,Delivered,No Return,3
O01659,C0419,P0024,2025-11-04,7,7991,16221.73,39715.270000000004,6717.27,Cash on Delivery,Standard,63,3,Delivered,No Return,3
O01660,C0350,P0198,2025-08-24,7,1662,349.02,11284.98,3928.98,UPI,Standard,83,4,Cancelled,No Return,3
O01661,C0094,P0072,2025-11-26,10,7190,6471.0,65429.0,16083.0,UPI,Standard,46,5,Delivered,No Return,1
O01662,C0418,P0022,2025-07-16,3,828,223.56,2260.44,170.44,Debit Card,Standard,59,6,Returned,Returned,5
O01663,C0355,P0178,2026-05-17,1,3881,349.29,3531.71,964.71,Cash on Delivery,Standard,62,5,Cancelled,No Return,1
O01664,C0367,P0033,2026-02-20,7,3673,2056.88,23654.12,3268.12,Net Banking,Express,163,3,Delivered,No Return,2
O01665,C0255,P0004,2026-03-28,2,2253,450.6,4055.4,371.4,Net Banking,Standard,42,6,Delivered,No Return,5
O01666,C0096,P0132,2026-01-28,9,6789,4277.07,56823.93,16377.93,Debit Card,Standard,45,7,Delivered,No Return,5
O01667,C0389,P0098,2025-10-28,4,6571,3679.76,22604.239999999998,5979.24,Debit Card,Standard,65,7,Delivered,No Return,4
O01668,C0491,P0008,2025-05-23,1,5727,458.16,5268.84,1486.84,Net Banking,Standard,83,3,Delivered,No Return,3
O01669,C0278,P0065,2026-05-10,1,4692,1219.92,3472.08,152.08,Net Banking,Standard,77,5,Delivered,No Return,3
O01670,C0190,P0152,2025-08-05,5,4983,2242.35,22672.65,5306.65,Cash on Delivery,Standard,51,5,Delivered,No Return,2
O01671,C0324,P0078,2026-01-05,3,5877,1763.1,15867.9,3694.9,Net Banking,Express,119,1,Delivered,No Return,3
O01672,C0067,P0165,2025-09-16,3,2842,2643.06,5882.9400000000005,-195.06,Cash on Delivery,Standard,51,7,Delivered,No Return,2
O01673,C0048,P0153,2025-07-24,6,1099,395.64,6198.36,1698.36,UPI,Standard,54,3,Delivered,No Return,5
O01674,C0128,P0173,2025-12-26,4,3487,2092.2,11855.8,1868.8,Net Banking,Standard,71,3,Delivered,No Return,3
O01675,C0075,P0072,2026-04-18,8,7190,5176.8,52343.2,12833.2,Net Banking,Standard,70,4,Delivered,No Return,2
O01676,C0437,P0131,2026-02-03,3,2477,594.48,6836.52,1133.52,Net Banking,Standard,57,5,Delivered,No Return,3
O01677,C0479,P0202,2026-04-14,6,5174,1862.64,29181.36,10334.36,Net Banking,Standard,49,5,Returned,Returned,1
O01678,C0497,P0024,2025-09-09,3,7991,6952.17,17020.83,2739.83,Debit Card,Express,166,2,Delivered,No Return,4
O01679,C0255,P0192,2026-05-15,6,1872,1010.88,10221.12,1931.12,Net Banking,Standard,58,4,Delivered,No Return,1
O01680,C0177,P0149,2025-11-11,3,4295,1030.8,11854.2,1763.2,UPI,Express,116,2,Delivered,No Return,3
O01681,C0164,P0063,2025-12-01,10,1723,1206.1,16023.9,5942.9,Net Banking,Standard,61,5,Delivered,No Return,2
O01682,C0191,P0051,2025-06-03,4,4297,1031.28,16156.72,6126.72,Cash on Delivery,Express,174,3,Delivered,No Return,5
O01683,C0278,P0052,2026-05-06,6,5224,2820.96,28523.04,8740.04,Net Banking,Standard,79,6,Delivered,No Return,5
O01684,C0405,P0066,2025-09-07,4,2503,901.08,9110.92,777.92,Net Banking,Standard,73,5,Delivered,No Return,1
O01685,C0348,P0061,2025-09-28,3,6547,1571.28,18069.72,4650.72,Net Banking,Express,120,2,Delivered,No Return,5
O01686,C0340,P0103,2025-10-26,2,7245,2608.2,11881.8,3225.8,Net Banking,Express,122,2,Delivered,No Return,1
O01687,C0478,P0209,2026-01-11,5,7780,778.0,38122.0,14508.0,UPI,Same Day,279,1,Delivered,No Return,3
O01688,C0094,P0021,2025-10-06,4,4876,1560.32,17943.68,2772.68,UPI,Standard,51,5,Delivered,No Return,2
O01689,C0324,P0021,2026-04-08,8,4876,3120.64,35887.36,5492.36,Net Banking,Express,155,2,Delivered,No Return,5
O01690,C0077,P0170,2025-07-02,10,2190,2409.0,19491.0,3308.0,UPI,Express,163,2,Delivered,No Return,4
O01691,C0188,P0023,2025-07-04,7,7317,6146.28,45072.72,14261.72,Credit Card,Same Day,270,0,Delivered,No Return,3
O01692,C0258,P0183,2025-12-27,10,1443,432.9,13997.1,4103.1,Cash on Delivery,Express,144,2,Delivered,No Return,3
O01693,C0495,P0179,2026-02-26,5,7966,2788.1,37041.9,14183.9,Net Banking,Same Day,278,1,Delivered,No Return,5
O01694,C0390,P0069,2025-12-31,3,732,285.48,1910.52,382.52,Net Banking,Standard,67,7,Delivered,No Return,2
O01695,C0343,P0062,2025-12-14,8,3173,253.84,25130.16,4248.16,Cash on Delivery,Express,162,2,Delivered,No Return,5
O01696,C0480,P0042,2025-11-14,2,3239,2267.3,4210.7,321.7,Credit Card,Express,149,2,Delivered,No Return,2
O01697,C0104,P0007,2025-06-01,7,6448,14443.52,30692.48,651.48,Cash on Delivery,Standard,60,6,Cancelled,No Return,5
O01698,C0400,P0149,2025-12-18,1,4295,343.6,3951.4,572.4,UPI,Standard,54,7,Delivered,No Return,2
O01699,C0272,P0055,2026-04-14,7,2592,1088.64,17055.36,6026.36,Net Banking,Standard,46,4,Delivered,No Return,5
O01700,C0111,P0127,2026-05-06,6,6609,6741.18,32912.82,5959.82,Debit Card,Express,145,3,Delivered,No Return,3
O01701,C0114,P0077,2025-12-02,8,5552,6662.4,37753.6,8766.6,Credit Card,Standard,75,5,Delivered,No Return,3
O01702,C0229,P0088,2025-06-18,1,599,83.86,515.14,-2.86,Credit Card,Standard,61,5,Delivered,No Return,3
O01703,C0238,P0014,2026-02-18,4,7602,1520.4,28887.6,9761.6,UPI,Express,142,2,Delivered,No Return,2
O01704,C0201,P0158,2026-04-01,8,4981,11954.4,27893.6,-5210.4,UPI,Express,152,2,Delivered,No Return,1
O01705,C0308,P0041,2026-03-18,3,6032,4524.0,13572.0,1464.0,Debit Card,Standard,69,7,Delivered,No Return,3
O01706,C0420,P0052,2025-07-28,7,5224,3291.12,33276.88,10204.88,Net Banking,Standard,84,4,Cancelled,No Return,2
O01707,C0205,P0176,2025-08-18,10,7262,5083.4,67536.6,20783.6,Debit Card,Express,123,3,Delivered,No Return,2
O01708,C0404,P0056,2025-07-02,9,7819,14777.91,55593.09,16025.09,UPI,Express,121,1,Delivered,No Return,5
O01709,C0233,P0045,2026-01-26,1,3224,225.68,2998.32,456.32,UPI,Standard,70,6,Delivered,No Return,2
O01710,C0206,P0022,2025-07-01,5,828,372.6,3767.4,251.4,UPI,Express,131,1,Delivered,No Return,3
O01711,C0067,P0144,2025-10-07,10,2605,1823.5,24226.5,5214.5,Cash on Delivery,Standard,82,6,Delivered,No Return,5
O01712,C0317,P0199,2026-02-25,2,3906,156.24,7655.76,2059.76,Credit Card,Standard,48,3,Delivered,No Return,4
O01713,C0361,P0156,2026-02-23,10,6933,2773.2,66556.8,21106.8,Credit Card,Standard,40,5,Delivered,No Return,5
O01714,C0199,P0099,2025-09-27,1,2876,57.52,2818.48,558.48,Net Banking,Express,122,3,Returned,Returned,1
O01715,C0301,P0200,2025-08-22,4,7049,3665.48,24530.52,8145.52,Credit Card,Same Day,189,0,Delivered,No Return,2
O01716,C0304,P0190,2026-03-06,10,5515,2206.0,52944.0,14312.0,Debit Card,Standard,62,6,Delivered,No Return,3
O01717,C0245,P0012,2026-02-24,8,328,341.12,2282.88,187.88,Debit Card,Express,119,1,Delivered,No Return,4
O01718,C0291,P0039,2025-11-29,7,4933,3798.41,30732.59,10630.59,Debit Card,Express,180,2,Delivered,No Return,5
O01719,C0327,P0002,2026-04-30,1,7498,749.8,6748.2,2420.2,UPI,Standard,69,6,Cancelled,No Return,4
O01720,C0419,P0043,2026-03-22,7,4925,1723.75,32751.25,5988.25,Cash on Delivery,Standard,58,5,Delivered,No Return,3
O01721,C0179,P0075,2026-04-17,9,1199,1942.38,8848.619999999999,211.62,Debit Card,Standard,51,4,Delivered,No Return,1
O01722,C0281,P0078,2025-08-15,2,5877,1175.4,10578.6,2475.6,Net Banking,Standard,67,3,Delivered,No Return,1
O01723,C0257,P0197,2026-03-27,6,5094,916.92,29647.08,5214.08,Cash on Delivery,Standard,61,7,Delivered,No Return,5
O01724,C0429,P0037,2026-04-29,5,4335,4335.0,17340.0,4880.0,Debit Card,Standard,55,5,Delivered,No Return,3
O01725,C0100,P0158,2025-11-15,10,4981,14943.0,34867.0,-6596.0,Net Banking,Same Day,273,0,Delivered,No Return,1
O01726,C0368,P0061,2025-10-14,6,6547,3142.56,36139.44,9500.44,Credit Card,Standard,41,7,Delivered,No Return,4
O01727,C0190,P0151,2025-05-28,5,3540,5133.0,12567.0,1449.0,Cash on Delivery,Standard,83,6,Delivered,No Return,1
O01728,C0185,P0008,2025-07-31,4,5727,1832.64,21075.36,6206.36,UPI,Standard,73,4,Delivered,No Return,5
O01729,C0328,P0129,2025-05-22,1,750,60.0,690.0,212.0,Debit Card,Standard,44,6,Delivered,No Return,3
O01730,C0500,P0074,2026-03-25,3,3946,947.04,10890.96,2622.96,Cash on Delivery,Express,174,2,Delivered,No Return,1
O01731,C0329,P0107,2026-04-14,3,3023,453.45,8615.55,2520.55,Credit Card,Standard,71,3,Delivered,No Return,2
O01732,C0416,P0221,2026-04-19,5,3062,918.6,14391.4,4196.4,UPI,Standard,55,7,Returned,Returned,3
O01733,C0493,P0102,2026-03-16,7,5734,5619.32,34518.68,9042.68,Credit Card,Express,122,1,Delivered,No Return,5
O01734,C0400,P0024,2025-08-15,8,7991,18539.12,45388.880000000005,7575.88,UPI,Express,173,1,Delivered,No Return,4
O01735,C0122,P0017,2025-08-19,10,4619,1847.6,44342.4,18197.4,UPI,Standard,65,5,Delivered,No Return,3
O01736,C0174,P0215,2025-06-05,10,3517,1055.1,34114.9,6511.9,Debit Card,Standard,73,5,Delivered,No Return,5
O01737,C0094,P0044,2025-12-04,8,6666,4799.52,48528.479999999996,15748.48,UPI,Standard,60,3,Delivered,No Return,4
O01738,C0053,P0029,2026-01-12,8,6069,4855.2,43696.8,16454.8,Net Banking,Same Day,210,0,Delivered,No Return,2
O01739,C0165,P0073,2025-09-30,7,5271,11807.04,25089.96,1780.96,Credit Card,Standard,41,4,Delivered,No Return,5
O01740,C0353,P0155,2026-05-11,10,5188,5706.8,46173.2,16657.2,Credit Card,Standard,66,4,Delivered,No Return,2
O01741,C0192,P0094,2025-06-13,7,2619,4033.26,14299.74,3295.74,Net Banking,Standard,49,6,Delivered,No Return,2
O01742,C0255,P0214,2026-02-20,9,3317,7164.72,22688.28,-1639.72,Net Banking,Standard,64,4,Delivered,No Return,5
O01743,C0344,P0065,2025-11-13,5,4692,6099.6,17360.4,908.4,Credit Card,Same Day,237,1,Delivered,No Return,2
O01744,C0432,P0072,2026-01-03,4,7190,2588.4,26171.6,6384.6,Net Banking,Standard,67,7,Delivered,No Return,1
O01745,C0360,P0214,2025-07-07,3,3317,2388.24,7562.76,-580.24,Net Banking,Standard,55,5,Delivered,No Return,3
O01746,C0098,P0109,2025-10-05,8,819,917.28,5634.72,310.72,UPI,Standard,52,7,Cancelled,No Return,4
O01747,C0113,P0219,2026-01-24,9,914,904.86,7321.14,2683.14,Cash on Delivery,Standard,66,6,Delivered,No Return,5
O01748,C0004,P0188,2025-08-11,9,899,2670.03,5420.969999999999,700.97,UPI,Express,157,2,Delivered,No Return,2
O01749,C0437,P0221,2026-05-13,2,3062,367.44,5756.56,1634.56,Net Banking,Standard,66,5,Delivered,No Return,4
O01750,C0131,P0135,2025-08-04,8,1751,1120.64,12887.36,4965.36,Cash on Delivery,Standard,58,3,Returned,Returned,3
O01751,C0479,P0206,2026-04-03,3,3236,1164.96,8543.04,2534.04,Net Banking,Express,174,3,Delivered,No Return,4
O01752,C0121,P0095,2025-07-07,5,2505,1628.25,10896.75,1409.75,Debit Card,Standard,77,4,Delivered,No Return,4
O01753,C0410,P0133,2025-08-31,5,846,0.0,4230.0,1511.0,Credit Card,Standard,64,5,Delivered,No Return,3
O01754,C0135,P0149,2026-03-16,10,4295,3436.0,39514.0,6179.0,Debit Card,Standard,85,7,Delivered,No Return,1
O01755,C0324,P0149,2026-01-30,10,4295,3436.0,39514.0,6221.0,Net Banking,Standard,43,6,Delivered,No Return,1
O01756,C0419,P0022,2025-12-10,7,828,521.64,5274.36,474.36,Cash on Delivery,Standard,61,5,Delivered,No Return,4
O01757,C0281,P0069,2025-10-28,6,732,570.96,3821.04,827.04,Net Banking,Standard,72,3,Delivered,No Return,3
O01758,C0048,P0044,2025-10-30,4,6666,2399.76,24264.239999999998,7795.24,UPI,Express,109,3,Delivered,No Return,1
O01759,C0160,P0151,2026-02-20,8,3540,8212.8,20107.2,2339.2,Debit Card,Express,112,3,Delivered,No Return,2
O01760,C0001,P0021,2025-12-27,4,4876,1560.32,17943.68,2764.68,UPI,Standard,59,4,Delivered,No Return,1
O01761,C0479,P0039,2026-03-25,4,4933,2170.52,17561.48,6104.48,Net Banking,Standard,73,4,Delivered,No Return,1
O01762,C0002,P0116,2026-04-24,5,3102,3722.4,11787.6,2229.6,Cash on Delivery,Standard,58,6,Delivered,No Return,4
O01763,C0039,P0027,2025-12-11,9,831,149.58,7329.42,3046.42,UPI,Standard,62,4,Delivered,No Return,5
O01764,C0088,P0021,2026-03-24,7,4876,2730.56,31401.44,4704.44,Net Banking,Same Day,237,1,Delivered,No Return,4
O01765,C0013,P0191,2025-10-29,3,6416,1924.8,17323.2,4448.2,Cash on Delivery,Standard,50,6,Delivered,No Return,5
O01766,C0414,P0119,2025-05-27,5,2898,579.6,13910.4,3394.4,UPI,Standard,51,3,Returned,Returned,5
O01767,C0082,P0158,2025-08-08,3,4981,4482.9,10460.1,-2152.9,Cash on Delivery,Same Day,256,1,Delivered,No Return,5
O01768,C0356,P0002,2025-06-05,8,7498,5998.4,53985.6,19738.6,Debit Card,Express,175,1,Delivered,No Return,3
O01769,C0357,P0134,2026-04-27,6,690,496.8,3643.2,1004.2,Debit Card,Standard,89,6,Delivered,No Return,4
O01770,C0224,P0105,2026-01-05,3,4619,277.14,13579.86,4110.86,Net Banking,Standard,58,7,Delivered,No Return,5
O01771,C0361,P0132,2026-02-22,5,6789,2376.15,31568.85,9045.85,Credit Card,Standard,78,6,Delivered,No Return,2
O01772,C0325,P0172,2025-10-08,9,3407,3066.3,27596.7,3572.7,Debit Card,Standard,75,4,Delivered,No Return,2
O01773,C0417,P0151,2025-10-02,7,3540,7186.2,17593.8,2083.8,Net Banking,Standard,61,3,Delivered,No Return,1
O01774,C0067,P0184,2026-01-27,5,953,857.7,3907.3,58.3,Cash on Delivery,Standard,79,5,Delivered,No Return,5
O01775,C0301,P0170,2026-03-16,4,2190,963.6,7796.4,1196.4,Credit Card,Same Day,192,1,Delivered,No Return,1
O01776,C0255,P0122,2026-04-22,5,1327,995.25,5639.75,532.75,Net Banking,Standard,62,6,Delivered,No Return,3
O01777,C0077,P0089,2026-03-16,8,6139,10313.52,38798.479999999996,3207.48,UPI,Standard,79,4,Delivered,No Return,2
O01778,C0010,P0220,2025-10-16,10,7303,7303.0,65727.0,17102.0,Cash on Delivery,Express,155,1,Delivered,No Return,4
O01779,C0318,P0076,2026-05-17,6,194,46.56,1117.44,300.44,UPI,Standard,43,4,Delivered,No Return,4
O01780,C0228,P0050,2025-07-12,10,4133,14052.2,27277.8,-2096.2,Net Banking,Express,174,3,Delivered,No Return,2
O01781,C0325,P0065,2026-02-14,7,4692,8539.44,24304.559999999998,1536.56,Debit Card,Standard,67,4,Delivered,No Return,3
O01782,C0132,P0064,2025-07-31,10,6488,7136.8,57743.2,17127.2,Net Banking,Standard,66,7,Delivered,No Return,2
O01783,C0366,P0091,2025-10-04,7,2647,0.0,18529.0,3539.0,Cash on Delivery,Standard,66,4,Delivered,No Return,5
O01784,C0009,P0103,2025-09-09,8,7245,10432.8,47527.2,13238.2,Credit Card,Express,153,3,Delivered,No Return,3
O01785,C0146,P0071,2025-11-08,9,1828,2467.8,13984.2,1934.2,Net Banking,Standard,62,6,Cancelled,No Return,5
O01786,C0278,P0047,2025-08-01,3,6767,2436.12,17864.88,3229.88,Net Banking,Standard,49,5,Delivered,No Return,5
O01787,C0499,P0087,2026-02-10,1,8418,505.08,7912.92,2891.92,Credit Card,Same Day,229,1,Delivered,No Return,1
O01788,C0492,P0068,2026-04-21,8,4482,7888.32,27967.68,-105.32,Debit Card,Standard,49,7,Delivered,No Return,3
O01789,C0011,P0069,2025-06-25,3,732,285.48,1910.52,304.52,Net Banking,Express,145,3,Delivered,No Return,4
O01790,C0497,P0138,2025-06-01,6,1269,380.7,7233.3,1367.3,Debit Card,Standard,46,5,Delivered,No Return,5
O01791,C0169,P0069,2026-03-04,5,732,475.8,3184.2,638.2,Debit Card,Express,111,2,Returned,Returned,4
O01792,C0461,P0136,2025-11-26,5,6244,3434.2,27785.8,6890.8,UPI,Same Day,180,1,Delivered,No Return,1
O01793,C0201,P0031,2026-01-05,1,5801,522.09,5278.91,1290.91,UPI,Standard,54,6,Delivered,No Return,3
O01794,C0148,P0095,2025-10-25,4,2505,1302.6,8717.4,1108.4,Cash on Delivery,Standard,81,7,Delivered,No Return,4
O01795,C0163,P0218,2025-09-14,1,626,93.9,532.1,-54.9,Net Banking,Express,169,3,Delivered,No Return,4
O01796,C0330,P0189,2025-07-08,8,804,2058.24,4373.76,394.76,UPI,Standard,67,3,Delivered,No Return,1
O01797,C0214,P0167,2025-12-29,1,869,60.83,808.17,42.17,Credit Card,Standard,50,3,Delivered,No Return,5
O01798,C0315,P0217,2026-02-18,8,4041,2586.24,29741.760000000002,10310.76,UPI,Same Day,215,1,Delivered,No Return,5
O01799,C0104,P0187,2026-01-21,1,7198,143.96,7054.04,2686.04,Cash on Delivery,Standard,70,5,Delivered,No Return,4
O01800,C0057,P0014,2025-11-19,1,7602,380.1,7221.9,2401.9,Credit Card,Standard,74,7,Delivered,No Return,5
O01801,C0353,P0012,2025-10-08,7,328,298.48,1997.52,182.52,Credit Card,Standard,86,7,Delivered,No Return,3
O01802,C0286,P0095,2025-06-25,8,2505,2605.2,17434.8,2086.8,Credit Card,Same Day,292,1,Delivered,No Return,2
O01803,C0038,P0145,2025-07-05,7,6549,13752.9,32090.1,5343.1,Debit Card,Standard,84,6,Cancelled,No Return,2
O01804,C0122,P0038,2026-04-27,6,5758,4491.24,30056.760000000002,1971.76,UPI,Express,137,2,Delivered,No Return,4
O01805,C0120,P0222,2026-02-13,5,3656,4387.2,13892.8,2878.8,UPI,Standard,44,3,Delivered,No Return,2
O01806,C0325,P0163,2026-04-14,7,743,52.01,5148.99,1144.99,Debit Card,Same Day,280,1,Delivered,No Return,4
O01807,C0039,P0177,2025-09-30,5,3681,1840.5,16564.5,4314.5,UPI,Standard,60,5,Delivered,No Return,2
O01808,C0353,P0025,2025-09-15,1,5276,527.6,4748.4,1458.4,Credit Card,Express,173,2,Delivered,No Return,3
O01809,C0401,P0120,2025-08-11,6,3123,936.9,17801.1,4069.1,Net Banking,Standard,76,3,Cancelled,No Return,3
O01810,C0027,P0060,2026-04-10,9,1681,756.45,14372.55,2882.55,Cash on Delivery,Standard,69,3,Delivered,No Return,3
O01811,C0128,P0061,2025-12-05,2,6547,1047.52,12046.48,3122.48,Net Banking,Standard,58,5,Returned,Returned,5
O01812,C0279,P0190,2025-10-13,10,5515,2206.0,52944.0,14220.0,Debit Card,Express,154,1,Cancelled,No Return,5
O01813,C0068,P0160,2026-02-08,7,2859,3001.95,17011.05,634.05,Credit Card,Express,116,1,Delivered,No Return,1
O01814,C0197,P0067,2025-07-17,1,2552,127.6,2424.4,826.4,Debit Card,Standard,87,6,Delivered,No Return,1
O01815,C0193,P0018,2026-03-26,10,1528,1222.4,14057.6,3364.6,Debit Card,Same Day,213,0,Cancelled,No Return,1
O01816,C0166,P0072,2026-01-26,5,7190,3235.5,32714.5,8016.5,Cash on Delivery,Standard,48,7,Delivered,No Return,3
O01817,C0367,P0110,2025-10-23,3,6219,1305.99,17351.01,5443.01,Net Banking,Standard,43,4,Delivered,No Return,3
O01818,C0177,P0169,2025-07-13,7,2170,1822.8,13367.2,4579.2,UPI,Express,108,1,Delivered,No Return,5
O01819,C0491,P0203,2025-07-31,6,4865,2627.1,26562.9,5747.9,Net Banking,Standard,49,6,Delivered,No Return,3
O01820,C0056,P0213,2026-02-27,6,6781,10985.22,29700.78,4703.78,Cash on Delivery,Standard,73,4,Returned,Returned,5
O01821,C0026,P0103,2025-08-04,10,7245,13041.0,59409.0,16584.0,Credit Card,Express,155,2,Delivered,No Return,4
O01822,C0022,P0008,2025-10-08,9,5727,4123.44,47419.56,13956.56,Net Banking,Express,172,3,Delivered,No Return,3
O01823,C0119,P0106,2025-05-22,2,3913,626.08,7199.92,612.92,Debit Card,Express,155,1,Delivered,No Return,2
O01824,C0458,P0143,2026-01-20,5,3320,996.0,15604.0,3215.0,Cash on Delivery,Express,144,3,Delivered,No Return,5
O01825,C0259,P0013,2026-01-04,7,6597,2770.74,43408.26,10514.26,UPI,Express,134,1,Delivered,No Return,3
O01826,C0025,P0191,2025-05-27,6,6416,3849.6,34646.4,8880.4,Net Banking,Express,116,1,Returned,Returned,1
O01827,C0030,P0070,2025-07-17,5,3336,3002.4,13677.6,3063.6,Net Banking,Standard,64,7,Delivered,No Return,1
O01828,C0426,P0184,2026-01-28,1,953,171.54,781.46,-58.54,Credit Card,Standard,86,3,Delivered,No Return,3
O01829,C0437,P0144,2025-05-27,3,2605,547.05,7267.95,1539.95,Net Banking,Standard,49,5,Delivered,No Return,3
O01830,C0407,P0020,2025-10-17,9,3746,4382.82,29331.18,2430.18,Credit Card,Standard,72,4,Cancelled,No Return,3
O01831,C0174,P0096,2025-12-07,8,170,122.4,1237.6,171.6,Debit Card,Express,146,3,Delivered,No Return,4
O01832,C0201,P0171,2025-07-19,3,3470,728.7,9681.3,2759.3,UPI,Express,136,2,Delivered,No Return,3
O01833,C0419,P0214,2025-07-07,7,3317,5572.56,17646.44,-1380.56,Cash on Delivery,Express,155,3,Cancelled,No Return,1
O01834,C0151,P0019,2026-05-22,8,7081,7930.72,48717.28,10802.28,Debit Card,Standard,59,5,Delivered,No Return,3
O01835,C0319,P0074,2025-08-14,10,3946,3156.8,36303.2,9067.2,Debit Card,Same Day,256,0,Delivered,No Return,1
O01836,C0414,P0015,2026-03-24,2,4156,1413.04,6898.96,1119.96,UPI,Standard,43,7,Delivered,No Return,5
O01837,C0253,P0183,2025-10-18,7,1443,303.03,9797.97,2894.97,Credit Card,Standard,78,3,Delivered,No Return,3
O01838,C0030,P0129,2025-05-22,2,750,120.0,1380.0,410.0,Net Banking,Express,102,1,Delivered,No Return,1
O01839,C0097,P0186,2026-05-13,7,2500,2100.0,15400.0,1830.0,Credit Card,Standard,60,4,Returned,Returned,5
O01840,C0338,P0167,2025-06-17,10,869,608.3,8081.7,881.7,Cash on Delivery,Standard,40,5,Delivered,No Return,3
O01841,C0360,P0100,2026-03-14,1,7859,864.49,6994.51,1934.51,Net Banking,Standard,88,3,Delivered,No Return,5
O01842,C0214,P0008,2026-01-09,4,5727,1832.64,21075.36,5999.36,Credit Card,Same Day,280,1,Delivered,No Return,5
O01843,C0118,P0131,2025-11-21,4,2477,792.64,9115.36,1515.36,Net Banking,Standard,72,6,Delivered,No Return,3
O01844,C0437,P0187,2025-10-01,4,7198,575.84,28216.16,10949.16,Net Banking,Standard,75,4,Delivered,No Return,2
O01845,C0060,P0010,2026-01-30,5,5781,2890.5,26014.5,5535.5,Credit Card,Standard,89,3,Delivered,No Return,5
O01846,C0039,P0012,2026-01-22,6,328,255.84,1712.16,116.16,UPI,Express,114,2,Delivered,No Return,2
O01847,C0434,P0108,2026-04-17,2,738,250.92,1225.08,332.08,UPI,Standard,45,4,Delivered,No Return,3
O01848,C0153,P0179,2025-10-10,8,7966,4460.96,59267.04,23088.04,UPI,Standard,51,3,Delivered,No Return,4
O01849,C0455,P0124,2026-05-14,2,7890,1262.4,14517.6,5553.6,Credit Card,Standard,46,7,Delivered,No Return,2
O01850,C0403,P0175,2025-06-17,4,1304,730.24,4485.76,848.76,Debit Card,Standard,49,4,Delivered,No Return,4
O01851,C0313,P0162,2026-05-06,8,5708,5023.04,40640.96,10832.96,Debit Card,Standard,88,4,Delivered,No Return,1
O01852,C0341,P0128,2026-04-29,10,2737,1368.5,26001.5,7800.5,Net Banking,Express,141,1,Delivered,No Return,4
O01853,C0500,P0137,2025-07-06,6,3932,2595.12,20996.88,7506.88,Cash on Delivery,Express,122,2,Delivered,No Return,3
O01854,C0346,P0030,2026-03-07,3,2656,1035.84,6932.16,2152.16,Cash on Delivery,Standard,46,7,Delivered,No Return,1
O01855,C0437,P0093,2025-10-24,2,664,66.4,1261.6,273.6,Net Banking,Same Day,232,1,Delivered,No Return,5
O01856,C0279,P0056,2026-03-17,6,7819,9851.94,37062.06,10696.06,Debit Card,Standard,68,6,Delivered,No Return,2
O01857,C0369,P0153,2026-04-05,8,1099,527.52,8264.48,2267.48,Cash on Delivery,Standard,69,3,Delivered,No Return,2
O01858,C0008,P0192,2026-01-28,3,1872,505.44,5110.56,904.56,Credit Card,Standard,90,5,Delivered,No Return,2
O01859,C0083,P0002,2025-11-05,5,7498,3749.0,33741.0,12359.0,Net Banking,Standard,87,7,Delivered,No Return,5
O01860,C0061,P0030,2026-01-21,10,2656,3452.8,23107.2,7281.2,Credit Card,Standard,46,6,Delivered,No Return,3
O01861,C0194,P0131,2025-09-25,4,2477,792.64,9115.36,1545.36,Credit Card,Standard,42,3,Delivered,No Return,5
O01862,C0387,P0013,2025-08-10,7,6597,2770.74,43408.26,10525.26,Cash on Delivery,Express,123,2,Delivered,No Return,2
O01863,C0304,P0205,2025-09-05,4,3938,1260.16,14491.84,4766.84,Debit Card,Standard,61,7,Delivered,No Return,5
O01864,C0360,P0066,2026-03-01,9,2503,2027.43,20499.57,1835.57,Net Banking,Standard,79,4,Delivered,No Return,4
O01865,C0473,P0212,2026-02-02,5,3787,757.4,18177.6,6814.6,Debit Card,Standard,88,6,Delivered,No Return,5
O01866,C0225,P0023,2025-10-11,6,7317,5268.24,38633.76,12260.76,Net Banking,Same Day,195,1,Delivered,No Return,4
O01867,C0279,P0211,2025-07-08,1,3969,357.21,3611.79,895.79,Debit Card,Standard,72,7,Cancelled,No Return,5
O01868,C0429,P0147,2025-11-21,4,2350,3196.0,6204.0,-23.0,Debit Card,Standard,51,7,Delivered,No Return,4
O01869,C0054,P0054,2025-09-30,8,4394,9139.52,26012.48,-3278.52,UPI,Standard,51,5,Returned,Returned,2
O01870,C0324,P0139,2026-02-14,1,7335,440.1,6894.9,1948.9,Net Banking,Standard,44,4,Delivered,No Return,3
O01871,C0329,P0156,2025-07-20,1,6933,277.32,6655.68,1999.68,Credit Card,Express,115,1,Delivered,No Return,3
O01872,C0434,P0016,2025-07-18,1,459,114.75,344.25,-24.75,UPI,Express,113,1,Delivered,No Return,5
O01873,C0193,P0125,2026-01-26,5,4762,3095.3,20714.7,7010.7,Debit Card,Standard,84,7,Delivered,No Return,2
O01874,C0053,P0087,2025-07-11,7,8418,3535.56,55390.44,21806.44,Net Banking,Standard,40,7,Delivered,No Return,4
O01875,C0143,P0104,2026-01-10,9,3932,3538.8,31849.2,11654.2,Debit Card,Express,152,3,Delivered,No Return,4
O01876,C0313,P0182,2025-08-15,10,3298,5936.4,27043.6,3962.6,Debit Card,Standard,61,4,Delivered,No Return,2
O01877,C0491,P0174,2025-06-07,1,6201,310.05,5890.95,1337.95,Net Banking,Standard,90,6,Delivered,No Return,4
O01878,C0017,P0185,2025-11-07,7,4506,1892.52,29649.48,5086.48,Debit Card,Standard,70,6,Delivered,No Return,4
O01879,C0376,P0072,2025-09-04,4,7190,2588.4,26171.6,6391.6,Cash on Delivery,Standard,60,4,Delivered,No Return,1
O01880,C0417,P0217,2025-08-11,10,4041,3232.8,37177.2,13041.2,Net Banking,Express,116,1,Delivered,No Return,2
O01881,C0396,P0154,2025-06-22,5,6972,1394.4,33465.6,12080.6,Cash on Delivery,Standard,90,5,Returned,Returned,4
O01882,C0366,P0023,2025-10-17,8,7317,7024.32,51511.68,16314.68,Cash on Delivery,Same Day,293,1,Delivered,No Return,5
O01883,C0082,P0191,2025-11-11,2,6416,1283.2,11548.8,2851.8,Cash on Delivery,Express,147,3,Delivered,No Return,1
O01884,C0232,P0167,2025-11-01,1,869,60.83,808.17,45.17,Debit Card,Standard,47,3,Delivered,No Return,5
O01885,C0304,P0162,2025-08-22,3,5708,1883.64,15240.36,4035.36,Debit Card,Standard,60,4,Delivered,No Return,2
O01886,C0488,P0114,2026-03-02,4,2450,588.0,9212.0,3341.0,Cash on Delivery,Standard,67,7,Delivered,No Return,2
O01887,C0137,P0099,2025-11-04,9,2876,517.68,25366.32,5962.32,Credit Card,Express,162,1,Returned,Returned,2
O01888,C0107,P0031,2025-07-03,8,5801,4176.72,42231.28,10696.28,Net Banking,Standard,63,6,Delivered,No Return,1
O01889,C0107,P0194,2025-07-06,3,1650,544.5,4405.5,910.5,Net Banking,Standard,69,4,Delivered,No Return,3
O01890,C0429,P0003,2025-06-19,2,1423,142.3,2703.7,364.7,Debit Card,Express,167,1,Delivered,No Return,3
O01891,C0079,P0020,2026-03-21,8,3746,3895.84,26072.16,2089.16,UPI,Express,135,2,Delivered,No Return,5
O01892,C0260,P0179,2026-03-23,4,7966,2230.48,29633.52,11366.52,Credit Card,Same Day,203,0,Delivered,No Return,1
O01893,C0336,P0147,2026-01-05,5,2350,3995.0,7755.0,-45.0,Cash on Delivery,Standard,80,5,Delivered,No Return,1
O01894,C0300,P0130,2025-07-28,1,487,63.31,423.69,-30.31,UPI,Standard,73,3,Delivered,No Return,4
O01895,C0232,P0104,2026-04-14,9,3932,3538.8,31849.2,11741.2,Debit Card,Standard,65,4,Delivered,No Return,4
O01896,C0327,P0212,2025-11-13,9,3787,1363.32,32719.68,12256.68,UPI,Express,168,2,Delivered,No Return,1
O01897,C0462,P0146,2025-10-07,6,6308,0.0,37848.0,13171.0,Credit Card,Standard,59,6,Delivered,No Return,1
O01898,C0015,P0196,2025-11-18,2,2968,296.8,5639.2,1344.2,UPI,Express,131,1,Delivered,No Return,1
O01899,C0017,P0168,2026-01-09,1,3397,849.25,2547.75,146.75,Debit Card,Standard,67,6,Delivered,No Return,5
O01900,C0056,P0046,2025-09-09,4,1689,810.72,5945.28,1459.28,Cash on Delivery,Standard,46,5,Delivered,No Return,3
O01901,C0238,P0076,2025-07-17,6,194,46.56,1117.44,256.44,UPI,Standard,87,4,Delivered,No Return,4
O01902,C0191,P0138,2026-01-20,7,1269,444.15,8438.85,1400.85,Cash on Delivery,Same Day,248,0,Returned,Returned,3
O01903,C0311,P0129,2025-10-21,10,750,600.0,6900.0,2504.0,Debit Card,Standard,56,7,Returned,Returned,2
O01904,C0446,P0077,2025-06-14,6,5552,4996.8,28315.2,6581.2,UPI,Standard,50,6,Delivered,No Return,4
O01905,C0454,P0053,2026-05-06,6,1082,714.12,5777.88,1763.88,Credit Card,Same Day,180,1,Delivered,No Return,3
O01906,C0375,P0145,2025-10-27,2,6549,3929.4,9168.6,1491.6,Credit Card,Standard,59,5,Delivered,No Return,2
O01907,C0022,P0161,2025-08-19,2,5000,600.0,9400.0,3581.0,Net Banking,Standard,69,5,Delivered,No Return,4
O01908,C0181,P0086,2025-11-02,1,426,25.56,400.44,-112.56,Cash on Delivery,Same Day,236,1,Delivered,No Return,4
O01909,C0168,P0150,2026-03-08,5,203,131.95,883.05,148.05,Cash on Delivery,Standard,45,3,Delivered,No Return,2
O01910,C0307,P0006,2025-07-17,2,2734,382.76,5085.24,1197.24,UPI,Standard,40,4,Delivered,No Return,5
O01911,C0121,P0175,2025-12-04,10,1304,1825.6,11214.4,2097.4,Debit Card,Express,147,1,Delivered,No Return,5
O01912,C0362,P0031,2025-06-11,4,5801,2088.36,21115.64,5294.64,UPI,Standard,85,3,Delivered,No Return,1
O01913,C0353,P0215,2025-10-30,8,3517,844.08,27291.92,5209.92,Credit Card,Standard,58,4,Delivered,No Return,1
O01914,C0342,P0186,2026-05-20,9,2500,2700.0,19800.0,2346.0,Cash on Delivery,Standard,84,3,Delivered,No Return,1
O01915,C0304,P0022,2025-07-04,4,828,298.08,3013.92,219.92,Debit Card,Standard,86,4,Delivered,No Return,2
O01916,C0214,P0138,2025-10-25,4,1269,253.8,4822.2,812.2,Credit Card,Express,130,3,Delivered,No Return,5
O01917,C0135,P0002,2025-11-01,3,7498,2249.4,20244.6,7389.6,Debit Card,Standard,78,3,Returned,Returned,5
O01918,C0216,P0220,2026-02-18,2,7303,1460.6,13145.4,3336.4,Net Banking,Express,115,2,Delivered,No Return,4
O01919,C0302,P0131,2025-05-22,7,2477,1387.12,15951.880000000001,2632.88,Net Banking,Express,145,3,Delivered,No Return,4
O01920,C0357,P0067,2026-03-17,1,2552,127.6,2424.4,705.4,Debit Card,Same Day,208,1,Delivered,No Return,4
O01921,C0308,P0195,2026-03-09,3,6087,5660.91,12600.09,-771.91,Debit Card,Express,112,1,Delivered,No Return,5
O01922,C0048,P0022,2025-06-28,5,828,372.6,3767.4,335.4,UPI,Standard,47,7,Delivered,No Return,4
O01923,C0221,P0035,2025-10-03,8,1231,689.36,9158.64,1242.64,Debit Card,Standard,84,3,Delivered,No Return,5
O01924,C0259,P0136,2025-11-16,6,6244,4121.04,33342.96,8397.96,UPI,Standard,87,6,Delivered,No Return,5
O01925,C0295,P0220,2025-07-21,6,7303,4381.8,39436.2,10313.2,UPI,Standard,41,4,Delivered,No Return,4
O01926,C0048,P0085,2025-11-30,9,1052,473.4,8994.6,3269.6,UPI,Standard,55,6,Delivered,No Return,1
O01927,C0324,P0151,2026-04-08,5,3540,5133.0,12567.0,1462.0,Net Banking,Standard,70,7,Delivered,No Return,3
O01928,C0375,P0038,2026-03-11,3,5758,2245.62,15028.380000000001,990.38,Credit Card,Standard,64,5,Delivered,No Return,3
O01929,C0131,P0109,2025-10-03,4,819,458.64,2817.36,114.36,Cash on Delivery,Standard,67,4,Delivered,No Return,3
O01930,C0273,P0177,2025-12-17,8,3681,2944.8,26503.2,6860.2,UPI,Express,139,1,Delivered,No Return,1
O01931,C0201,P0111,2026-03-28,7,4343,912.03,29488.97,9976.97,UPI,Standard,45,7,Delivered,No Return,4
O01932,C0071,P0170,2026-02-02,7,2190,1686.3,13643.7,2360.7,Debit Card,Standard,69,5,Delivered,No Return,4
O01933,C0273,P0054,2025-10-23,7,4394,7997.08,22760.92,-2886.08,UPI,Standard,62,3,Delivered,No Return,2
O01934,C0011,P0116,2026-04-01,5,3102,3722.4,11787.6,2230.6,Net Banking,Standard,57,3,Returned,Returned,3
O01935,C0181,P0172,2025-08-13,4,3407,1362.8,12265.2,1441.2,Cash on Delivery,Express,180,1,Delivered,No Return,4
O01936,C0120,P0034,2026-03-03,1,5437,652.44,4784.5599999999995,826.56,UPI,Same Day,258,1,Delivered,No Return,5
O01937,C0143,P0171,2025-12-21,6,3470,1457.4,19362.6,5737.6,Debit Card,Standard,53,5,Returned,Returned,2
O01938,C0437,P0221,2025-12-27,4,3062,734.88,11513.12,3320.12,Net Banking,Standard,81,7,Delivered,No Return,5
O01939,C0033,P0182,2025-11-18,8,3298,4749.12,21634.88,3152.88,UPI,Standard,66,3,Cancelled,No Return,3
O01940,C0498,P0108,2026-02-09,7,738,878.22,4287.78,1250.78,Net Banking,Standard,69,7,Delivered,No Return,3
O01941,C0360,P0176,2025-05-27,1,7262,508.34,6753.66,2049.66,Net Banking,Standard,41,7,Delivered,No Return,3
O01942,C0100,P0022,2025-09-25,4,828,298.08,3013.92,225.92,Net Banking,Standard,80,4,Delivered,No Return,4
O01943,C0119,P0219,2025-08-14,2,914,201.08,1626.92,533.92,Debit Card,Standard,77,5,Delivered,No Return,3
O01944,C0280,P0074,2026-01-15,9,3946,2841.12,32672.88,8323.88,Cash on Delivery,Standard,67,7,Delivered,No Return,5
O01945,C0271,P0203,2025-06-12,3,4865,1313.55,13281.45,2748.45,Debit Card,Express,150,1,Delivered,No Return,4
O01946,C0021,P0137,2026-03-21,8,3932,3460.16,27995.84,9998.84,Net Banking,Express,173,3,Delivered,No Return,5
O01947,C0476,P0086,2025-11-17,6,426,153.36,2402.64,564.64,UPI,Express,176,2,Delivered,No Return,5
O01948,C0097,P0158,2025-07-06,2,4981,2988.6,6973.4,-1351.6,Credit Card,Standard,87,6,Delivered,No Return,4
O01949,C0140,P0101,2025-06-17,10,464,510.4,4129.6,1016.6,Net Banking,Express,163,3,Delivered,No Return,4
O01950,C0035,P0170,2025-10-29,2,2190,481.8,3898.2,551.2,Credit Card,Express,143,1,Delivered,No Return,3
O01951,C0034,P0221,2025-05-29,5,3062,918.6,14391.4,4194.4,Credit Card,Standard,57,7,Delivered,No Return,3
O01952,C0127,P0115,2025-07-28,9,1708,3228.12,12143.880000000001,-470.12,Cash on Delivery,Standard,41,4,Delivered,No Return,2
O01953,C0025,P0062,2026-01-23,2,3173,63.46,6282.54,1015.54,Net Banking,Standard,87,4,Delivered,No Return,3
O01954,C0423,P0043,2025-10-07,1,4925,246.25,4678.75,775.75,Credit Card,Standard,88,3,Delivered,No Return,2
O01955,C0192,P0013,2026-03-17,10,6597,3958.2,62011.8,15167.8,Net Banking,Standard,44,4,Delivered,No Return,5
O01956,C0250,P0205,2026-02-23,7,3938,2205.28,25360.72,8372.72,Cash on Delivery,Standard,76,6,Delivered,No Return,5
O01957,C0219,P0095,2025-09-26,8,2505,2605.2,17434.8,2295.8,Debit Card,Standard,83,5,Cancelled,No Return,4
O01958,C0474,P0039,2026-02-08,6,4933,3255.78,26342.22,9209.22,Net Banking,Standard,57,3,Delivered,No Return,2
O01959,C0027,P0219,2025-09-02,6,914,603.24,4880.76,1774.76,Cash on Delivery,Standard,58,3,Returned,Returned,3
O01960,C0227,P0036,2026-05-07,8,7488,8386.56,51517.44,16287.44,Debit Card,Same Day,230,1,Delivered,No Return,5
O01961,C0140,P0108,2025-08-29,3,738,376.38,1837.62,479.62,Net Banking,Standard,86,3,Delivered,No Return,3
O01962,C0357,P0106,2025-07-10,4,3913,1252.16,14399.84,1459.84,Debit Card,Standard,76,7,Delivered,No Return,3
O01963,C0483,P0197,2026-01-25,10,5094,1528.2,49411.8,8649.8,Cash on Delivery,Express,142,2,Delivered,No Return,2
O01964,C0351,P0005,2026-03-22,10,676,0.0,6760.0,1668.0,Net Banking,Standard,42,7,Delivered,No Return,1
O01965,C0495,P0003,2025-09-27,10,1423,711.5,13518.5,2617.5,Net Banking,Standard,41,7,Delivered,No Return,1
O01966,C0356,P0035,2026-01-16,7,1231,603.19,8013.8099999999995,923.81,Debit Card,Same Day,237,1,Delivered,No Return,5
O01967,C0288,P0044,2026-05-22,3,6666,1799.82,18198.18,5806.18,Credit Card,Express,122,1,Delivered,No Return,2
O01968,C0164,P0193,2025-11-19,7,6231,14829.78,28787.22,-3984.78,Net Banking,Standard,68,4,Cancelled,No Return,3
O01969,C0468,P0136,2025-11-22,3,6244,2060.52,16671.48,4175.48,Debit Card,Standard,67,6,Delivered,No Return,4
O01970,C0100,P0138,2025-08-07,3,1269,190.35,3616.65,617.65,Net Banking,Standard,89,3,Delivered,No Return,4
O01971,C0009,P0109,2025-05-28,10,819,1146.6,7043.4,377.4,Credit Card,Standard,76,4,Delivered,No Return,2
O01972,C0043,P0010,2025-12-18,1,5781,578.1,5202.9,1051.9,UPI,Standard,73,5,Delivered,No Return,1
O01973,C0434,P0012,2025-11-12,6,328,255.84,1712.16,157.16,UPI,Standard,73,4,Delivered,No Return,1
O01974,C0255,P0152,2026-05-15,5,4983,2242.35,22672.65,5167.65,Net Banking,Same Day,190,1,Delivered,No Return,5
O01975,C0134,P0036,2025-05-23,5,7488,5241.6,32198.4,10280.4,Credit Card,Standard,43,4,Delivered,No Return,5
O01976,C0147,P0087,2025-09-08,1,8418,505.08,7912.92,3058.92,Net Banking,Standard,62,7,Cancelled,No Return,4
O01977,C0314,P0172,2026-01-21,6,3407,2044.2,18397.8,2245.8,Credit Card,Same Day,186,1,Delivered,No Return,2
O01978,C0484,P0007,2026-04-29,2,6448,4126.72,8769.279999999999,162.28,Credit Card,Standard,41,3,Cancelled,No Return,3
O01979,C0484,P0161,2025-10-19,6,5000,1800.0,28200.0,10862.0,Credit Card,Standard,88,5,Delivered,No Return,2
O01980,C0149,P0087,2026-03-22,6,8418,3030.48,47477.52,18658.52,UPI,Standard,67,3,Delivered,No Return,5
O01981,C0367,P0107,2026-05-19,10,3023,1511.5,28718.5,8511.5,Net Banking,Express,127,3,Delivered,No Return,2
O01982,C0156,P0019,2025-06-04,4,7081,3965.36,24358.64,5374.64,Net Banking,Standard,56,3,Delivered,No Return,2
O01983,C0217,P0117,2025-07-27,7,1146,1042.86,6979.14,2089.14,Debit Card,Express,151,3,Delivered,No Return,2
O01984,C0163,P0192,2025-11-01,2,1872,336.96,3407.04,503.04,Net Banking,Express,160,3,Delivered,No Return,4
O01985,C0149,P0156,2025-07-02,6,6933,1663.92,39934.08,12615.08,UPI,Standard,73,6,Delivered,No Return,1
O01986,C0083,P0161,2025-10-06,5,5000,1500.0,23500.0,9058.0,Net Banking,Standard,67,3,Delivered,No Return,4
O01987,C0367,P0221,2026-03-30,3,3062,551.16,8634.84,2501.84,Net Banking,Standard,49,6,Cancelled,No Return,2
O01988,C0077,P0086,2026-04-11,10,426,255.6,4004.4,1144.4,UPI,Standard,90,5,Delivered,No Return,1
O01989,C0200,P0174,2025-09-04,4,6201,1240.2,23563.8,5657.8,Cash on Delivery,Standard,54,4,Delivered,No Return,5
O01990,C0195,P0048,2025-12-06,10,7838,6270.4,72109.6,27106.6,Credit Card,Standard,73,3,Delivered,No Return,4
O01991,C0313,P0130,2025-11-27,9,487,569.79,3813.21,306.21,Debit Card,Standard,78,6,Returned,Returned,2
O01992,C0334,P0042,2026-01-12,3,3239,3400.95,6316.05,663.05,Credit Card,Standard,43,7,Delivered,No Return,2
O01993,C0281,P0155,2025-08-16,2,5188,1141.36,9234.64,3289.64,Net Banking,Standard,55,4,Delivered,No Return,5
O01994,C0446,P0089,2025-06-03,4,6139,5156.76,19399.239999999998,1599.24,UPI,Standard,44,4,Delivered,No Return,5
O01995,C0360,P0169,2026-02-13,2,2170,520.8,3819.2,1162.2,Net Banking,Express,177,1,Delivered,No Return,1
O01996,C0131,P0026,2025-07-23,3,1204,288.96,3323.04,739.04,Cash on Delivery,Express,118,1,Delivered,No Return,5
O01997,C0132,P0126,2025-12-14,9,6229,12894.03,43166.97,2100.97,Net Banking,Standard,80,3,Delivered,No Return,5
O01998,C0360,P0164,2025-06-29,4,4179,1170.12,15545.880000000001,4684.88,Net Banking,Standard,45,4,Delivered,No Return,3
O01999,C0469,P0111,2026-01-22,1,4343,130.29,4212.71,1384.71,UPI,Standard,47,3,Delivered,No Return,3
O02000,C0100,P0142,2026-03-01,6,4321,3111.12,22814.88,6799.88,Net Banking,Express,103,2,Delivered,No Return,3
O02001,C0353,P0108,2025-06-06,3,738,376.38,1837.62,500.62,Credit Card,Standard,65,5,Delivered,No Return,3
O02002,C0454,P0013,2025-06-09,4,6597,1583.28,24804.72,6032.72,Credit Card,Standard,52,5,Delivered,No Return,5
O02003,C0094,P0093,2026-01-24,6,664,199.2,3784.8,1439.8,UPI,Standard,77,5,Delivered,No Return,3
O02004,C0055,P0035,2026-02-03,10,1231,861.7,11448.3,1573.3,Cash on Delivery,Standard,85,7,Delivered,No Return,2
O02005,C0434,P0101,2025-05-27,8,464,408.32,3303.68,859.68,UPI,Standard,84,6,Delivered,No Return,3
O02006,C0465,P0032,2025-08-11,10,4088,3679.2,37200.8,10858.8,UPI,Standard,52,7,Delivered,No Return,5
O02007,C0387,P0051,2025-06-27,6,4297,1546.92,24235.08,9398.08,Cash on Delivery,Standard,53,5,Returned,Returned,3
O02008,C0061,P0052,2025-05-31,8,5224,3761.28,38030.72,11715.72,Credit Card,Standard,43,6,Delivered,No Return,2
O02009,C0379,P0058,2025-06-23,4,4201,336.08,16467.92,5589.92,UPI,Standard,82,4,Delivered,No Return,4
O02010,C0420,P0008,2025-08-22,6,5727,2748.96,31613.04,9316.04,Net Banking,Express,103,3,Delivered,No Return,3
O02011,C0461,P0211,2026-02-23,8,3969,2857.68,28894.32,7691.32,UPI,Standard,51,5,Delivered,No Return,2
O02012,C0202,P0028,2025-08-09,2,6457,903.98,12010.02,2316.02,Credit Card,Standard,58,7,Delivered,No Return,3
O02013,C0349,P0050,2025-06-25,3,4133,4215.66,8183.34,-638.66,Cash on Delivery,Standard,62,7,Delivered,No Return,3
O02014,C0364,P0128,2025-10-10,10,2737,1368.5,26001.5,7802.5,Credit Card,Express,139,2,Delivered,No Return,3
O02015,C0208,P0091,2026-03-23,7,2647,0.0,18529.0,3535.0,Debit Card,Standard,70,6,Delivered,No Return,4
O02016,C0032,P0136,2026-03-02,2,6244,1373.68,11114.32,2773.32,Debit Card,Standard,55,4,Delivered,No Return,1
O02017,C0192,P0125,2025-11-26,9,4762,5571.54,37286.46,12681.46,Net Banking,Standard,89,3,Delivered,No Return,3
O02018,C0017,P0026,2026-04-08,10,1204,963.2,11076.8,2780.8,Debit Card,Standard,76,7,Delivered,No Return,5
O02019,C0048,P0099,2026-03-22,6,2876,345.12,16910.88,3905.88,UPI,Express,177,3,Delivered,No Return,3
O02020,C0060,P0008,2025-05-24,8,5727,3665.28,42150.72,12420.72,Credit Card,Express,138,3,Delivered,No Return,1
O02021,C0097,P0035,2026-04-09,5,1231,430.85,5724.15,781.15,Credit Card,Standard,48,7,Delivered,No Return,2
O02022,C0294,P0104,2026-04-24,5,3932,1966.0,17694.0,6484.0,Debit Card,Standard,75,5,Returned,Returned,2
O02023,C0191,P0084,2026-05-02,7,6457,5875.87,39323.13,7508.13,Cash on Delivery,Standard,42,4,Delivered,No Return,5
O02024,C0429,P0038,2025-11-24,8,5758,5988.32,40075.68,2722.68,Debit Card,Standard,89,3,Delivered,No Return,4
O02025,C0170,P0176,2025-06-15,5,7262,2541.7,33768.3,10197.3,Credit Card,Same Day,256,1,Returned,Returned,1
O02026,C0128,P0191,2025-10-03,8,6416,5132.8,46195.2,11929.2,Net Banking,Standard,66,7,Delivered,No Return,1
O02027,C0463,P0135,2026-02-03,4,1751,560.32,6443.68,2363.68,Credit Card,Express,148,1,Delivered,No Return,5
O02028,C0246,P0222,2026-03-10,1,3656,877.44,2778.56,528.56,Credit Card,Standard,56,4,Delivered,No Return,2
O02029,C0429,P0186,2025-11-02,8,2500,2400.0,17600.0,1951.0,Debit Card,Same Day,209,0,Delivered,No Return,3
O02030,C0324,P0215,2026-01-06,3,3517,316.53,10234.47,1899.47,Net Banking,Standard,76,3,Delivered,No Return,4
O02031,C0155,P0195,2026-01-03,10,6087,18869.7,42000.3,-2432.7,Debit Card,Same Day,233,1,Delivered,No Return,3
O02032,C0026,P0177,2026-02-11,2,3681,736.2,6625.8,1665.8,Credit Card,Standard,84,6,Delivered,No Return,2
O02033,C0039,P0066,2025-07-09,1,2503,225.27,2277.73,142.73,UPI,Standard,70,5,Delivered,No Return,1
O02034,C0356,P0167,2025-10-14,5,869,304.15,4040.85,389.85,Debit Card,Standard,71,7,Delivered,No Return,2
O02035,C0051,P0133,2026-02-17,2,846,0.0,1692.0,571.0,Cash on Delivery,Standard,59,4,Delivered,No Return,4
O02036,C0353,P0199,2026-05-03,3,3906,234.36,11483.64,3120.64,Credit Card,Standard,41,4,Delivered,No Return,1
O02037,C0423,P0221,2026-01-02,10,3062,1837.2,28782.8,8434.8,Credit Card,Standard,68,6,Returned,Returned,4
O02038,C0261,P0138,2025-08-27,3,1269,190.35,3616.65,638.65,Credit Card,Standard,68,7,Delivered,No Return,1
O02039,C0210,P0009,2026-01-03,9,965,173.7,8511.3,2096.3,Debit Card,Standard,52,4,Delivered,No Return,3
O02040,C0087,P0132,2025-05-26,9,6789,4277.07,56823.93,16122.93,UPI,Same Day,300,1,Delivered,No Return,4
O02041,C0084,P0169,2025-09-28,8,2170,2083.2,15276.8,5272.8,Credit Card,Standard,84,6,Delivered,No Return,2
O02042,C0100,P0212,2026-02-19,4,3787,605.92,14542.08,5471.08,Net Banking,Standard,51,5,Returned,Returned,4
O02043,C0392,P0012,2026-01-11,9,328,383.76,2568.24,255.24,Debit Card,Standard,90,3,Delivered,No Return,2
O02044,C0356,P0093,2025-07-31,2,664,66.4,1261.6,257.6,Debit Card,Same Day,248,0,Delivered,No Return,5
O02045,C0212,P0062,2026-05-01,4,3173,126.92,12565.08,2045.08,Credit Card,Express,160,2,Delivered,No Return,4
O02046,C0122,P0194,2025-07-30,10,1650,1815.0,14685.0,2990.0,UPI,Same Day,275,0,Delivered,No Return,4
O02047,C0195,P0152,2025-11-23,6,4983,2690.82,27207.18,6375.18,Credit Card,Standard,54,5,Delivered,No Return,2
O02048,C0492,P0018,2026-03-11,1,1528,122.24,1405.76,246.76,Debit Card,Express,111,2,Delivered,No Return,3
O02049,C0343,P0154,2026-02-24,7,6972,1952.16,46851.84,16797.84,Cash on Delivery,Same Day,241,1,Delivered,No Return,1
O02050,C0119,P0014,2026-01-20,8,7602,3040.8,57775.2,19514.2,Debit Card,Same Day,293,1,Delivered,No Return,4
O02051,C0322,P0065,2025-06-06,1,4692,1219.92,3472.08,177.08,Net Banking,Standard,52,5,Delivered,No Return,2
O02052,C0419,P0113,2026-02-22,6,2557,153.42,15188.58,3190.58,Cash on Delivery,Standard,88,3,Delivered,No Return,4
O02053,C0336,P0114,2025-09-26,8,2450,1176.0,18424.0,6751.0,Cash on Delivery,Standard,65,6,Delivered,No Return,3
O02054,C0278,P0101,2025-10-07,1,464,51.04,412.96,57.96,Net Banking,Standard,60,3,Delivered,No Return,5
O02055,C0044,P0222,2025-09-30,9,3656,7896.96,25007.04,5143.04,Cash on Delivery,Express,118,2,Delivered,No Return,2
O02056,C0012,P0068,2025-10-07,8,4482,7888.32,27967.68,-131.32,Debit Card,Standard,75,3,Delivered,No Return,2
O02057,C0491,P0086,2025-12-31,9,426,230.04,3603.96,1034.96,Net Banking,Standard,76,4,Returned,Returned,5
O02058,C0463,P0151,2026-04-08,9,3540,9239.4,22620.6,2541.6,Credit Card,Same Day,216,1,Delivered,No Return,1
O02059,C0210,P0099,2025-11-20,1,2876,57.52,2818.48,608.48,Debit Card,Standard,72,7,Delivered,No Return,5
O02060,C0421,P0096,2025-06-16,7,170,107.1,1082.9,207.9,Credit Card,Standard,70,5,Delivered,No Return,4
O02061,C0013,P0222,2025-11-24,6,3656,5264.64,16671.36,3258.36,Cash on Delivery,Same Day,249,1,Cancelled,No Return,2
O02062,C0364,P0133,2025-05-30,5,846,0.0,4230.0,1498.0,Credit Card,Standard,77,7,Delivered,No Return,3
O02063,C0057,P0203,2025-10-07,2,4865,875.7,8854.3,1751.3,Credit Card,Same Day,181,0,Delivered,No Return,5
O02064,C0264,P0085,2025-08-16,9,1052,473.4,8994.6,3249.6,Cash on Delivery,Standard,75,7,Delivered,No Return,4
O02065,C0224,P0218,2025-07-11,8,626,751.2,4256.8,838.8,Net Banking,Standard,74,5,Delivered,No Return,1
O02066,C0334,P0146,2025-06-23,3,6308,0.0,18924.0,6558.0,Credit Card,Standard,57,6,Delivered,No Return,5
O02067,C0303,P0104,2025-08-20,9,3932,3538.8,31849.2,11682.2,Cash on Delivery,Express,124,1,Delivered,No Return,5
O02068,C0053,P0095,2025-11-05,5,2505,1628.25,10896.75,1307.75,Net Banking,Express,179,2,Delivered,No Return,1
O02069,C0203,P0065,2025-06-02,3,4692,3659.76,10416.24,641.24,Credit Card,Standard,46,4,Delivered,No Return,4
O02070,C0354,P0050,2025-06-06,6,4133,8431.32,16366.68,-1195.32,Cash on Delivery,Standard,42,6,Delivered,No Return,5
O02071,C0077,P0002,2025-12-17,2,7498,1499.6,13496.4,4747.4,UPI,Same Day,231,0,Delivered,No Return,1
O02072,C0408,P0196,2026-02-13,9,2968,1335.6,25376.4,6555.4,Net Banking,Standard,83,7,Returned,Returned,1
O02073,C0030,P0164,2026-03-24,4,4179,1170.12,15545.880000000001,4686.88,Net Banking,Standard,43,4,Delivered,No Return,5
O02074,C0304,P0195,2026-05-12,3,6087,5660.91,12600.09,-823.91,Debit Card,Express,164,1,Delivered,No Return,5
O02075,C0376,P0193,2025-09-12,9,6231,19066.86,37012.14,-5111.86,Cash on Delivery,Standard,76,5,Cancelled,No Return,2
O02076,C0433,P0070,2026-01-07,9,3336,5404.32,24619.68,5568.68,Cash on Delivery,Standard,61,4,Returned,Returned,1
O02077,C0341,P0124,2026-02-24,9,7890,5680.8,65329.2,25130.2,Net Banking,Standard,68,4,Delivered,No Return,3
O02078,C0178,P0205,2025-10-11,4,3938,1260.16,14491.84,4771.84,Net Banking,Standard,56,6,Delivered,No Return,5
O02079,C0389,P0167,2025-09-28,6,869,364.98,4849.02,470.02,Debit Card,Standard,83,4,Delivered,No Return,5
O02080,C0127,P0118,2025-07-25,5,280,280.0,1120.0,68.0,Cash on Delivery,Express,152,3,Delivered,No Return,4
O02081,C0220,P0155,2025-10-11,9,5188,5136.12,41555.88,14780.88,Net Banking,Same Day,270,0,Delivered,No Return,2
O02082,C0408,P0214,2025-07-16,8,3317,6368.64,20167.36,-1484.64,Net Banking,Standard,84,7,Delivered,No Return,3
O02083,C0041,P0221,2025-10-26,4,3062,734.88,11513.12,3290.12,Debit Card,Express,111,1,Delivered,No Return,3
O02084,C0407,P0014,2025-12-05,9,7602,3420.9,64997.1,22239.1,Credit Card,Standard,44,6,Cancelled,No Return,2
O02085,C0246,P0006,2025-12-21,9,2734,1722.42,22883.58,5441.58,Credit Card,Express,126,3,Returned,Returned,2
O02086,C0002,P0201,2025-10-25,1,2475,74.25,2400.75,766.75,Cash on Delivery,Express,105,1,Delivered,No Return,5
O02087,C0327,P0183,2025-10-04,1,1443,43.29,1399.71,341.71,UPI,Standard,83,4,Delivered,No Return,4
O02088,C0217,P0057,2025-11-04,10,1654,2150.2,14389.8,1303.8,Debit Card,Standard,76,3,Delivered,No Return,3
O02089,C0091,P0047,2026-05-22,10,6767,8120.4,59549.6,10818.6,UPI,Express,111,1,Delivered,No Return,3
O02090,C0132,P0042,2025-08-30,9,3239,10202.85,18948.15,1975.15,Net Banking,Express,143,2,Delivered,No Return,4
O02091,C0364,P0017,2026-04-17,1,4619,184.76,4434.24,1664.24,Credit Card,Express,162,2,Delivered,No Return,5
O02092,C0244,P0190,2025-10-11,3,5515,661.8,15883.2,4226.2,Net Banking,Standard,86,4,Delivered,No Return,4
O02093,C0218,P0205,2025-12-08,5,3938,1575.2,18114.8,5987.8,Debit Card,Standard,47,5,Delivered,No Return,2
O02094,C0169,P0066,2025-12-09,7,2503,1576.89,15944.11,1405.11,Debit Card,Standard,84,5,Delivered,No Return,2
O02095,C0297,P0184,2025-06-24,2,953,343.08,1562.92,3.92,UPI,Standard,51,3,Delivered,No Return,5
O02096,C0360,P0009,2026-03-24,8,965,154.4,7565.6,1819.6,Net Banking,Standard,90,3,Delivered,No Return,2
O02097,C0126,P0159,2025-08-31,6,1877,1464.06,9797.94,630.94,Debit Card,Standard,89,4,Delivered,No Return,5
O02098,C0317,P0158,2026-01-24,7,4981,10460.1,24406.9,-4489.1,Credit Card,Standard,63,3,Delivered,No Return,3
O02099,C0126,P0049,2025-08-20,8,2596,2907.52,17860.48,945.48,Debit Card,Standard,43,6,Delivered,No Return,1
O02100,C0180,P0213,2025-05-25,3,6781,5492.61,14850.39,2286.39,Credit Card,Express,102,2,Returned,Returned,3
O02101,C0055,P0014,2025-11-05,9,7602,3420.9,64997.1,22201.1,Cash on Delivery,Standard,82,3,Delivered,No Return,2
O02102,C0365,P0157,2025-07-09,9,3666,2309.58,30684.42,10329.42,UPI,Standard,51,6,Cancelled,No Return,1
O02103,C0389,P0137,2025-12-19,9,3932,3892.68,31495.32,11304.32,Debit Card,Express,139,1,Delivered,No Return,5
O02104,C0047,P0161,2025-09-21,7,5000,2100.0,32900.0,12707.0,Credit Card,Standard,68,6,Delivered,No Return,4
O02105,C0059,P0166,2025-08-24,5,1956,2738.4,7041.6,767.6,Cash on Delivery,Express,114,3,Delivered,No Return,2
O02106,C0032,P0016,2025-06-25,7,459,803.25,2409.75,554.75,Debit Card,Standard,63,7,Delivered,No Return,1
O02107,C0342,P0181,2026-02-24,10,4500,4500.0,40500.0,7248.0,Cash on Delivery,Standard,72,5,Delivered,No Return,3
O02108,C0294,P0178,2025-07-28,10,3881,3492.9,35317.1,10202.1,Debit Card,Standard,65,4,Returned,Returned,5
O02109,C0409,P0076,2026-03-22,7,194,54.32,1303.68,270.68,Debit Card,Express,130,3,Delivered,No Return,5
O02110,C0327,P0071,2025-09-04,2,1828,548.4,3107.6,389.6,UPI,Standard,54,6,Delivered,No Return,1
O02111,C0151,P0103,2026-05-14,8,7245,10432.8,47527.2,13307.2,Debit Card,Standard,84,6,Delivered,No Return,5
O02112,C0052,P0170,2026-05-10,2,2190,481.8,3898.2,450.2,Credit Card,Same Day,244,1,Delivered,No Return,5
O02113,C0274,P0087,2026-03-19,9,8418,4545.72,71216.28,28025.28,UPI,Standard,63,5,Delivered,No Return,5
O02114,C0304,P0171,2025-12-24,8,3470,1943.2,25816.8,7668.8,Debit Card,Standard,52,7,Delivered,No Return,4
O02115,C0123,P0152,2025-09-21,3,4983,1345.41,13603.59,3114.59,UPI,Express,100,3,Delivered,No Return,5
O02116,C0174,P0039,2026-04-04,2,4933,1085.26,8780.74,3036.74,Debit Card,Standard,52,3,Delivered,No Return,2
O02117,C0351,P0094,2025-09-30,1,2619,576.18,2042.8200000000002,417.82,Net Banking,Standard,60,6,Delivered,No Return,3
O02118,C0317,P0136,2025-12-30,4,6244,2747.36,22228.64,5420.64,Credit Card,Same Day,236,1,Delivered,No Return,5
O02119,C0475,P0155,2026-03-16,7,5188,3994.76,32321.239999999998,11532.24,Credit Card,Express,174,2,Returned,Returned,5
O02120,C0174,P0110,2025-11-02,2,6219,870.66,11567.34,3583.34,Debit Card,Standard,74,3,Delivered,No Return,1
O02121,C0043,P0189,2025-11-25,1,804,257.28,546.72,-19.28,UPI,Standard,77,5,Delivered,No Return,4
O02122,C0250,P0163,2026-01-17,1,743,7.43,735.57,158.57,Cash on Delivery,Standard,45,4,Delivered,No Return,4
O02123,C0400,P0116,2025-11-14,3,3102,2233.44,7072.5599999999995,1289.56,UPI,Standard,83,5,Delivered,No Return,3
O02124,C0315,P0007,2026-02-10,10,6448,20633.6,43846.4,969.4,UPI,Standard,47,6,Delivered,No Return,5
O02125,C0097,P0218,2025-08-19,2,626,187.8,1064.2,171.2,Credit Card,Standard,57,5,Delivered,No Return,3
O02126,C0442,P0115,2025-12-15,10,1708,3586.8,13493.2,-542.8,Cash on Delivery,Standard,66,4,Delivered,No Return,3
O02127,C0356,P0079,2026-03-27,1,5618,224.72,5393.28,975.28,Debit Card,Express,110,1,Delivered,No Return,5
O02128,C0072,P0134,2025-06-01,2,690,165.6,1214.4,315.4,Debit Card,Standard,49,6,Delivered,No Return,5
O02129,C0419,P0175,2025-06-30,7,1304,1277.92,7850.08,1487.08,Cash on Delivery,Standard,84,3,Delivered,No Return,4
O02130,C0020,P0148,2026-03-04,10,3494,0.0,34940.0,14429.0,Cash on Delivery,Standard,61,3,Delivered,No Return,3
O02131,C0324,P0120,2025-08-26,10,3123,1561.5,29668.5,6822.5,Net Banking,Standard,86,3,Delivered,No Return,3
O02132,C0061,P0033,2025-09-28,5,3673,1469.2,16895.8,2367.8,Credit Card,Standard,83,3,Delivered,No Return,2
O02133,C0143,P0012,2025-06-24,3,328,127.92,856.08,11.08,Debit Card,Express,104,1,Delivered,No Return,5
O02134,C0408,P0177,2026-02-17,5,3681,1840.5,16564.5,4307.5,Net Banking,Standard,67,3,Delivered,No Return,2
O02135,C0087,P0133,2026-04-16,7,846,0.0,5922.0,1913.0,UPI,Same Day,292,0,Delivered,No Return,4
O02136,C0407,P0163,2025-10-19,7,743,52.01,5148.99,1158.99,Credit Card,Same Day,266,0,Delivered,No Return,3
O02137,C0258,P0011,2025-05-24,3,2292,206.28,6669.72,976.72,Cash on Delivery,Same Day,200,0,Delivered,No Return,3
O02138,C0094,P0161,2025-10-06,5,5000,1500.0,23500.0,9054.0,UPI,Standard,71,4,Delivered,No Return,5
O02139,C0026,P0115,2025-11-06,4,1708,1434.72,5397.28,-253.72,Credit Card,Standard,63,7,Delivered,No Return,1
O02140,C0500,P0145,2025-10-10,8,6549,15717.6,36674.4,6148.4,Cash on Delivery,Standard,54,6,Delivered,No Return,3
O02141,C0168,P0180,2026-03-10,3,8100,3159.0,21141.0,7107.0,Cash on Delivery,Standard,66,5,Delivered,No Return,5
O02142,C0424,P0048,2026-03-04,8,7838,5016.32,57687.68,21483.68,Debit Card,Same Day,260,1,Delivered,No Return,5
O02143,C0068,P0188,2025-07-09,5,899,1483.35,3011.65,433.65,Credit Card,Standard,43,5,Delivered,No Return,4
O02144,C0386,P0170,2025-09-26,1,2190,240.9,1949.1,270.1,UPI,Standard,77,3,Delivered,No Return,2
O02145,C0198,P0192,2026-02-05,2,1872,336.96,3407.04,407.04,UPI,Same Day,256,0,Delivered,No Return,3
O02146,C0165,P0036,2025-10-18,8,7488,8386.56,51517.44,16462.44,Credit Card,Standard,55,7,Returned,Returned,5
O02147,C0352,P0027,2025-10-17,10,831,166.2,8143.8,3365.8,Debit Card,Standard,88,6,Delivered,No Return,2
O02148,C0372,P0005,2025-06-03,10,676,0.0,6760.0,1626.0,Debit Card,Standard,84,5,Delivered,No Return,1
O02149,C0465,P0217,2026-05-06,8,4041,2586.24,29741.760000000002,10466.76,UPI,Standard,59,4,Delivered,No Return,4
O02150,C0363,P0133,2025-09-08,4,846,0.0,3384.0,1142.0,Net Banking,Express,118,1,Returned,Returned,1
O02151,C0318,P0155,2025-06-01,7,5188,3994.76,32321.239999999998,11648.24,UPI,Standard,58,3,Delivered,No Return,2
O02152,C0135,P0160,2025-10-31,3,2859,1286.55,7290.45,265.45,Debit Card,Standard,56,5,Delivered,No Return,1
O02153,C0331,P0025,2025-06-30,10,5276,5276.0,47484.0,16242.0,UPI,Standard,72,7,Delivered,No Return,3
O02154,C0440,P0133,2026-01-05,8,846,0.0,6768.0,2470.0,Debit Card,Standard,50,4,Delivered,No Return,4
O02155,C0364,P0054,2025-06-13,5,4394,5712.2,16257.8,-2059.2,Credit Card,Standard,42,5,Delivered,No Return,5
O02156,C0360,P0116,2025-07-04,6,3102,4466.88,14145.119999999999,2657.12,Net Banking,Standard,88,6,Returned,Returned,5
O02157,C0055,P0043,2025-08-03,7,4925,1723.75,32751.25,5928.25,Cash on Delivery,Express,118,2,Delivered,No Return,5
O02158,C0389,P0212,2026-04-23,7,3787,1060.36,25448.64,9524.64,Debit Card,Express,139,2,Delivered,No Return,2
O02159,C0312,P0192,2025-06-13,3,1872,505.44,5110.56,919.56,UPI,Standard,75,4,Delivered,No Return,3
O02160,C0187,P0010,2025-09-25,10,5781,5781.0,52029.0,11183.0,Cash on Delivery,Standard,66,7,Cancelled,No Return,5
O02161,C0229,P0141,2026-02-19,3,7462,447.72,21938.28,7091.28,Credit Card,Standard,63,4,Delivered,No Return,5
O02162,C0214,P0116,2025-10-30,3,3102,2233.44,7072.5599999999995,1183.56,Credit Card,Same Day,189,0,Delivered,No Return,4
O02163,C0053,P0107,2025-10-30,4,3023,604.6,11487.4,3390.4,Net Banking,Standard,65,5,Delivered,No Return,1
O02164,C0461,P0040,2026-02-16,3,5107,919.26,14401.74,3770.74,UPI,Same Day,272,0,Delivered,No Return,1
O02165,C0494,P0008,2026-05-03,5,5727,2290.8,26344.2,7764.2,Credit Card,Standard,85,6,Delivered,No Return,3
O02166,C0353,P0151,2025-09-12,8,3540,8212.8,20107.2,2173.2,Credit Card,Same Day,278,1,Delivered,No Return,1
O02167,C0158,P0216,2026-03-31,10,3133,0.0,31330.0,10554.0,UPI,Standard,56,4,Delivered,No Return,4
O02168,C0361,P0182,2025-07-22,7,3298,4155.48,18930.52,2683.52,Credit Card,Express,133,3,Delivered,No Return,1
O02169,C0032,P0162,2026-01-20,10,5708,6278.8,50801.2,13611.2,Debit Card,Standard,40,4,Delivered,No Return,3
O02170,C0281,P0003,2025-11-18,1,1423,71.15,1351.85,220.85,Net Banking,Standard,45,3,Delivered,No Return,1
O02171,C0452,P0063,2026-01-15,10,1723,1206.1,16023.9,5921.9,Cash on Delivery,Standard,82,5,Delivered,No Return,5
O02172,C0008,P0179,2025-07-13,10,7966,5576.2,74083.8,28839.8,Credit Card,Standard,84,6,Delivered,No Return,5
O02173,C0040,P0020,2026-01-15,10,3746,4869.8,32590.2,2716.2,Cash on Delivery,Standard,64,7,Delivered,No Return,1
O02174,C0105,P0090,2025-06-17,9,1252,450.72,10817.28,3265.28,Credit Card,Standard,46,7,Delivered,No Return,3
O02175,C0191,P0134,2026-01-23,2,690,165.6,1214.4,291.4,Cash on Delivery,Standard,73,7,Returned,Returned,5
O02176,C0432,P0056,2025-10-12,3,7819,4925.97,18531.03,5339.03,Net Banking,Standard,43,7,Delivered,No Return,4
O02177,C0362,P0004,2025-11-30,2,2253,450.6,4055.4,357.4,UPI,Standard,56,7,Delivered,No Return,4
O02178,C0425,P0195,2026-03-30,9,6087,16982.73,37800.270000000004,-2054.73,UPI,Standard,75,4,Delivered,No Return,2
O02179,C0497,P0133,2025-12-19,6,846,0.0,5076.0,1841.0,Debit Card,Standard,49,7,Delivered,No Return,4
O02180,C0103,P0037,2025-11-06,2,4335,1734.0,6936.0,1809.0,Cash on Delivery,Express,165,2,Delivered,No Return,1
O02181,C0332,P0069,2026-02-21,7,732,666.12,4457.88,974.88,Cash on Delivery,Standard,74,7,Delivered,No Return,3
O02182,C0376,P0182,2025-08-06,3,3298,1780.92,8113.08,1136.08,Cash on Delivery,Standard,71,5,Delivered,No Return,3
O02183,C0077,P0113,2025-07-08,2,2557,51.14,5062.86,1030.86,UPI,Standard,62,6,Delivered,No Return,5
O02184,C0204,P0088,2025-10-20,5,599,419.3,2575.7,237.7,UPI,Standard,53,6,Delivered,No Return,4
O02185,C0432,P0051,2026-03-16,4,4297,1031.28,16156.72,6244.72,Net Banking,Standard,56,6,Delivered,No Return,4
O02186,C0416,P0013,2025-09-22,4,6597,1583.28,24804.72,6039.72,UPI,Standard,45,7,Delivered,No Return,5
O02187,C0340,P0098,2026-05-08,9,6571,8279.46,50859.54,13525.54,Net Banking,Standard,74,4,Delivered,No Return,5
O02188,C0168,P0127,2025-05-25,6,6609,6741.18,32912.82,6014.82,Cash on Delivery,Standard,90,6,Delivered,No Return,3
O02189,C0251,P0116,2025-09-09,4,3102,2977.92,9430.08,1788.08,Debit Card,Standard,42,4,Delivered,No Return,5
O02190,C0308,P0171,2026-04-27,7,3470,1700.3,22589.7,6708.7,Debit Card,Standard,47,7,Delivered,No Return,1
O02191,C0026,P0042,2025-08-29,2,3239,2267.3,4210.7,384.7,Credit Card,Standard,86,3,Delivered,No Return,5
O02192,C0019,P0190,2025-06-24,6,5515,1323.6,31766.4,8574.4,Cash on Delivery,Standard,50,4,Delivered,No Return,1
O02193,C0085,P0207,2025-08-08,3,944,226.56,2605.44,569.44,Credit Card,Standard,65,7,Delivered,No Return,4
O02194,C0277,P0107,2025-08-15,5,3023,755.75,14359.25,4234.25,Credit Card,Standard,85,7,Delivered,No Return,5
O02195,C0172,P0169,2025-08-05,5,2170,1302.0,9548.0,3297.0,Credit Card,Standard,51,6,Delivered,No Return,2
O02196,C0414,P0069,2026-03-05,10,732,951.6,6368.4,1345.4,UPI,Express,153,2,Delivered,No Return,1
O02197,C0209,P0001,2026-05-11,1,5468,437.44,5030.56,496.56,UPI,Standard,55,7,Delivered,No Return,3
O02198,C0094,P0077,2025-06-04,9,5552,7495.2,42472.8,9832.8,UPI,Express,114,3,Delivered,No Return,2
O02199,C0019,P0164,2026-01-23,8,4179,2340.24,31091.760000000002,9392.76,Cash on Delivery,Standard,67,6,Returned,Returned,2
O02200,C0079,P0130,2026-04-29,6,487,379.86,2542.14,-4.86,UPI,Same Day,261,0,Delivered,No Return,5
O02201,C0179,P0111,2025-10-10,5,4343,651.45,21063.55,7032.55,Debit Card,Express,126,1,Delivered,No Return,1
O02202,C0304,P0175,2025-05-28,6,1304,1095.36,6728.64,1303.64,Debit Card,Standard,43,7,Delivered,No Return,2
O02203,C0360,P0087,2025-11-01,4,8418,2020.32,31651.68,12428.68,Net Banking,Standard,55,5,Delivered,No Return,3
O02204,C0250,P0152,2026-02-06,8,4983,3587.76,36276.24,8500.24,Cash on Delivery,Standard,72,7,Delivered,No Return,3
O02205,C0387,P0146,2026-04-20,5,6308,0.0,31540.0,10959.0,Cash on Delivery,Standard,66,7,Cancelled,No Return,5
O02206,C0400,P0056,2026-03-18,7,7819,11493.93,43239.07,12386.07,UPI,Express,172,3,Delivered,No Return,1
O02207,C0348,P0094,2026-03-23,8,2619,4609.44,16342.560000000001,3651.56,Net Banking,Express,171,3,Delivered,No Return,5
O02208,C0003,P0087,2025-10-17,6,8418,3030.48,47477.52,18514.52,UPI,Same Day,211,0,Delivered,No Return,4
O02209,C0278,P0160,2025-06-09,4,2859,1715.4,9720.6,290.6,Net Banking,Express,138,3,Delivered,No Return,4
O02210,C0432,P0158,2026-04-29,10,4981,14943.0,34867.0,-6482.0,Net Banking,Express,159,1,Delivered,No Return,5
O02211,C0345,P0107,2026-05-10,1,3023,151.15,2871.85,817.85,Credit Card,Standard,46,6,Returned,Returned,5
O02212,C0194,P0196,2025-05-30,3,2968,445.2,8458.8,2165.8,Credit Card,Standard,47,7,Delivered,No Return,5
O02213,C0244,P0133,2026-03-17,7,846,0.0,5922.0,2124.0,Net Banking,Standard,81,7,Delivered,No Return,1
O02214,C0433,P0097,2026-01-22,5,5139,3083.4,22611.6,6444.6,Cash on Delivery,Standard,82,3,Delivered,No Return,5
O02215,C0359,P0023,2025-05-26,1,7317,878.04,6438.96,1959.96,Debit Card,Express,116,1,Delivered,No Return,2
O02216,C0044,P0122,2025-06-10,6,1327,1194.3,6767.7,651.7,Cash on Delivery,Standard,62,3,Returned,Returned,2
O02217,C0041,P0015,2025-12-31,6,4156,4239.12,20696.88,3324.88,Debit Card,Express,164,3,Delivered,No Return,2
O02218,C0424,P0109,2026-02-26,1,819,114.66,704.34,-31.66,Debit Card,Standard,77,6,Delivered,No Return,1
O02219,C0073,P0099,2025-05-30,10,2876,575.2,28184.8,6679.8,UPI,Express,125,3,Delivered,No Return,2
O02220,C0294,P0168,2026-04-12,3,3397,2547.75,7643.25,596.25,Debit Card,Standard,45,4,Delivered,No Return,1
O02221,C0144,P0211,2025-09-01,8,3969,2857.68,28894.32,7667.32,Cash on Delivery,Standard,75,3,Cancelled,No Return,1
O02222,C0489,P0090,2025-08-19,5,1252,250.4,6009.6,1779.6,Debit Card,Standard,60,3,Delivered,No Return,4
O02223,C0346,P0091,2025-06-08,4,2647,0.0,10588.0,1992.0,Cash on Delivery,Standard,68,4,Delivered,No Return,1
O02224,C0135,P0094,2025-07-30,6,2619,3457.08,12256.92,2782.92,Debit Card,Standard,84,7,Delivered,No Return,2
O02225,C0489,P0147,2026-01-03,2,2350,1598.0,3102.0,-47.0,Debit Card,Standard,61,3,Delivered,No Return,5
O02226,C0010,P0039,2025-10-04,1,4933,542.63,4390.37,1347.37,Cash on Delivery,Same Day,197,1,Delivered,No Return,3
O02227,C0301,P0089,2025-07-16,1,6139,1289.19,4849.8099999999995,259.81,Credit Card,Express,151,2,Delivered,No Return,2
O02228,C0349,P0147,2025-07-05,8,2350,6392.0,12408.0,-48.0,Cash on Delivery,Express,104,1,Delivered,No Return,1
O02229,C0030,P0104,2025-07-26,1,3932,393.2,3538.8,1245.8,Net Banking,Standard,66,5,Delivered,No Return,5
O02230,C0281,P0130,2026-05-01,6,487,379.86,2542.14,211.14,Net Banking,Standard,45,6,Delivered,No Return,2
O02231,C0380,P0037,2025-10-24,7,4335,6069.0,24276.0,6851.0,Cash on Delivery,Standard,58,7,Delivered,No Return,4
O02232,C0463,P0209,2025-07-12,6,7780,933.6,45746.4,17662.4,Credit Card,Standard,82,3,Delivered,No Return,3
O02233,C0150,P0135,2025-09-12,4,1751,560.32,6443.68,2320.68,Debit Card,Same Day,191,1,Returned,Returned,2
O02234,C0342,P0037,2025-07-22,2,4335,1734.0,6936.0,1918.0,Cash on Delivery,Standard,56,6,Delivered,No Return,1
O02235,C0304,P0147,2025-07-15,1,2350,799.0,1551.0,-55.0,Debit Card,Standard,62,6,Delivered,No Return,4
O02236,C0471,P0068,2025-06-29,4,4482,3944.16,13983.84,-162.16,Credit Card,Express,134,3,Delivered,No Return,2
O02237,C0171,P0156,2026-02-01,1,6933,277.32,6655.68,2070.68,Debit Card,Standard,44,4,Delivered,No Return,4
O02238,C0492,P0018,2026-03-26,10,1528,1222.4,14057.6,3521.6,Debit Card,Standard,56,7,Delivered,No Return,1
O02239,C0043,P0122,2026-01-02,5,1327,995.25,5639.75,539.75,UPI,Standard,55,7,Delivered,No Return,1
O02240,C0271,P0098,2025-11-29,4,6571,3679.76,22604.239999999998,5973.24,Debit Card,Standard,71,7,Delivered,No Return,4
O02241,C0431,P0098,2025-10-25,3,6571,2759.82,16953.18,4463.18,UPI,Standard,70,4,Delivered,No Return,5
O02242,C0463,P0069,2026-03-20,1,732,95.16,636.84,86.84,Credit Card,Standard,63,3,Delivered,No Return,4
O02243,C0238,P0065,2025-06-07,9,4692,10979.28,31248.72,2019.72,UPI,Standard,42,4,Delivered,No Return,2
O02244,C0336,P0135,2026-05-17,1,1751,140.08,1610.92,558.92,Cash on Delivery,Standard,69,3,Delivered,No Return,5
O02245,C0417,P0070,2025-09-20,10,3336,6004.8,27355.2,6139.2,Net Banking,Express,116,1,Delivered,No Return,3
O02246,C0097,P0130,2025-09-24,6,487,379.86,2542.14,194.14,Credit Card,Standard,62,3,Delivered,No Return,5
O02247,C0249,P0203,2025-10-31,1,4865,437.85,4427.15,898.15,UPI,Standard,68,3,Delivered,No Return,4
O02248,C0221,P0003,2026-03-11,8,1423,569.2,10814.8,1844.8,Debit Card,Same Day,282,1,Delivered,No Return,1
O02249,C0096,P0181,2025-11-27,5,4500,2250.0,20250.0,3475.0,Debit Card,Same Day,185,0,Delivered,No Return,4
O02250,C0204,P0014,2026-01-17,8,7602,3040.8,57775.2,19735.2,UPI,Standard,72,7,Cancelled,No Return,1
O02251,C0079,P0218,2025-08-26,6,626,563.4,3192.6,610.6,UPI,Standard,74,6,Delivered,No Return,2
O02252,C0194,P0054,2025-06-06,8,4394,9139.52,26012.48,-3311.52,Credit Card,Standard,84,3,Delivered,No Return,3
O02253,C0121,P0144,2026-01-09,3,2605,547.05,7267.95,1527.95,Debit Card,Standard,61,3,Delivered,No Return,1
O02254,C0354,P0163,2025-12-24,1,743,7.43,735.57,98.57,Cash on Delivery,Express,105,3,Delivered,No Return,2
O02255,C0040,P0093,2025-05-22,2,664,66.4,1261.6,454.6,Cash on Delivery,Standard,51,7,Delivered,No Return,4
O02256,C0142,P0065,2026-02-28,7,4692,8539.44,24304.559999999998,1547.56,UPI,Standard,56,7,Returned,Returned,3
O02257,C0351,P0065,2025-09-02,8,4692,9759.36,27776.64,1655.64,Net Banking,Express,177,3,Returned,Returned,2
O02258,C0434,P0071,2025-12-13,9,1828,2467.8,13984.2,1886.2,UPI,Express,110,1,Delivered,No Return,4
O02259,C0146,P0089,2025-06-06,6,6139,7735.14,29098.86,2418.86,Net Banking,Standard,46,4,Delivered,No Return,5
O02260,C0086,P0010,2026-02-18,9,5781,5202.9,46826.1,9932.1,Credit Card,Same Day,192,0,Delivered,No Return,4
O02261,C0055,P0083,2025-07-29,5,2213,1327.8,9737.2,3520.2,Cash on Delivery,Standard,67,5,Delivered,No Return,1
O02262,C0327,P0035,2025-08-20,2,1231,172.34,2289.66,45.66,UPI,Same Day,286,1,Delivered,No Return,4
O02263,C0066,P0045,2026-02-23,5,3224,1128.4,14991.6,2542.6,Net Banking,Standard,89,4,Delivered,No Return,3
O02264,C0340,P0099,2025-06-20,2,2876,115.04,5636.96,1310.96,Net Banking,Standard,50,4,Delivered,No Return,5
O02265,C0170,P0040,2026-05-22,2,5107,612.84,9601.16,2617.16,Credit Card,Standard,78,6,Cancelled,No Return,3
O02266,C0317,P0023,2025-11-08,3,7317,2634.12,19316.88,6174.88,Credit Card,Standard,53,3,Returned,Returned,3
O02267,C0250,P0031,2026-01-03,6,5801,3132.54,31673.46,8028.46,Cash on Delivery,Standard,41,7,Delivered,No Return,5
O02268,C0404,P0008,2026-05-13,1,5727,458.16,5268.84,1479.84,UPI,Standard,90,4,Cancelled,No Return,4
O02269,C0361,P0150,2025-06-27,4,203,105.56,706.44,71.44,Credit Card,Standard,83,3,Delivered,No Return,1
O02270,C0236,P0014,2025-07-15,8,7602,3040.8,57775.2,19723.2,Credit Card,Standard,84,7,Delivered,No Return,4
O02271,C0327,P0179,2026-01-23,6,7966,3345.72,44450.28,17285.28,UPI,Standard,69,3,Delivered,No Return,2
O02272,C0421,P0092,2025-10-15,10,4115,411.5,40738.5,16557.5,Credit Card,Standard,61,4,Delivered,No Return,1
O02273,C0193,P0150,2025-08-10,5,203,131.95,883.05,120.05,Debit Card,Standard,73,6,Delivered,No Return,1
O02274,C0044,P0168,2025-06-09,4,3397,3397.0,10191.0,710.0,Cash on Delivery,Express,145,3,Delivered,No Return,3
O02275,C0484,P0061,2025-10-29,1,6547,523.76,6023.24,1517.24,Credit Card,Standard,73,6,Delivered,No Return,4
O02276,C0143,P0116,2025-11-11,4,3102,2977.92,9430.08,1790.08,Debit Card,Standard,40,6,Delivered,No Return,2
O02277,C0053,P0138,2025-07-04,6,1269,380.7,7233.3,1331.3,Net Banking,Standard,82,7,Delivered,No Return,1
O02278,C0304,P0020,2025-10-22,6,3746,2921.88,19554.12,1604.12,Debit Card,Standard,64,6,Delivered,No Return,5
O02279,C0238,P0209,2025-12-14,4,7780,622.4,30497.6,11776.6,UPI,Standard,53,5,Delivered,No Return,2
O02280,C0049,P0163,2025-08-26,6,743,44.58,4413.42,1170.42,Credit Card,Standard,51,6,Delivered,No Return,2
O02281,C0233,P0190,2026-04-21,2,5515,441.2,10588.8,2769.8,UPI,Express,105,1,Delivered,No Return,4
O02282,C0420,P0050,2025-10-24,6,4133,8431.32,16366.68,-1217.32,Net Banking,Standard,64,4,Delivered,No Return,4
O02283,C0438,P0146,2025-12-26,8,6308,0.0,50464.0,17529.0,Cash on Delivery,Express,111,3,Delivered,No Return,5
O02284,C0195,P0077,2026-02-20,4,5552,3331.2,18876.8,4274.8,Credit Card,Express,146,3,Delivered,No Return,4
O02285,C0419,P0094,2025-07-14,7,2619,4033.26,14299.74,3201.74,Cash on Delivery,Express,143,2,Delivered,No Return,3
O02286,C0412,P0123,2025-08-07,1,455,68.25,386.75,-14.25,Debit Card,Standard,90,3,Delivered,No Return,3
O02287,C0227,P0148,2026-02-25,6,3494,0.0,20964.0,8416.0,Debit Card,Same Day,278,0,Delivered,No Return,2
O02288,C0467,P0188,2026-05-15,2,899,593.34,1204.6599999999999,143.66,UPI,Standard,47,5,Delivered,No Return,5
O02289,C0077,P0144,2025-09-30,9,2605,1641.15,21803.85,4718.85,UPI,Standard,48,7,Delivered,No Return,3
O02290,C0109,P0037,2025-10-01,9,4335,7803.0,31212.0,8814.0,Cash on Delivery,Standard,69,7,Returned,Returned,4
O02291,C0392,P0111,2026-04-07,3,4343,390.87,12638.13,4251.13,Debit Card,Standard,44,3,Delivered,No Return,3
O02292,C0249,P0068,2026-01-12,8,4482,7888.32,27967.68,-116.32,UPI,Standard,60,6,Delivered,No Return,3
O02293,C0470,P0117,2025-09-12,10,1146,1489.8,9970.2,3155.2,Debit Card,Standard,45,6,Delivered,No Return,3
O02294,C0434,P0101,2025-09-02,2,464,102.08,825.92,158.92,UPI,Standard,77,6,Delivered,No Return,5
O02295,C0282,P0126,2025-10-14,10,6229,14326.7,47963.3,2244.3,Credit Card,Express,179,2,Delivered,No Return,5
O02296,C0359,P0110,2026-01-06,7,6219,3047.31,40485.69,12747.69,Debit Card,Standard,53,6,Delivered,No Return,1
O02297,C0104,P0051,2025-09-24,1,4297,257.82,4039.18,1535.18,Cash on Delivery,Standard,40,3,Delivered,No Return,2
O02298,C0274,P0144,2026-05-17,10,2605,1823.5,24226.5,5212.5,UPI,Standard,84,6,Delivered,No Return,3
O02299,C0155,P0092,2025-08-15,2,4115,82.3,8147.7,3155.7,Debit Card,Express,168,1,Delivered,No Return,4
O02300,C0474,P0096,2025-06-26,2,170,30.6,309.4,-83.6,Net Banking,Express,163,1,Delivered,No Return,1
O02301,C0055,P0122,2026-05-21,4,1327,796.2,4511.8,421.8,Cash on Delivery,Standard,54,3,Delivered,No Return,5
O02302,C0343,P0067,2025-12-30,3,2552,382.8,7273.2,2698.2,Cash on Delivery,Standard,42,3,Delivered,No Return,3
O02303,C0170,P0137,2025-07-24,10,3932,4325.2,34994.8,12627.8,Credit Card,Standard,87,4,Delivered,No Return,5
O02304,C0093,P0037,2025-06-20,4,4335,3468.0,13872.0,3778.0,Debit Card,Express,170,2,Returned,Returned,3
O02305,C0147,P0098,2026-01-24,1,6571,919.94,5651.0599999999995,1371.06,Net Banking,Express,140,2,Delivered,No Return,4
O02306,C0356,P0053,2026-03-20,5,1082,595.1,4814.9,1530.9,Debit Card,Standard,89,3,Delivered,No Return,5
O02307,C0271,P0222,2025-11-11,6,3656,5264.64,16671.36,3455.36,Debit Card,Standard,52,6,Delivered,No Return,5
O02308,C0325,P0216,2025-07-15,1,3133,0.0,3133.0,996.0,Debit Card,Standard,65,3,Delivered,No Return,1
O02309,C0395,P0026,2025-06-08,4,1204,385.28,4430.72,1062.72,Debit Card,Standard,80,7,Delivered,No Return,3
O02310,C0461,P0060,2026-02-25,9,1681,756.45,14372.55,2876.55,UPI,Standard,75,4,Delivered,No Return,4
O02311,C0021,P0110,2025-08-06,3,6219,1305.99,17351.01,5421.01,Net Banking,Standard,65,5,Delivered,No Return,5
O02312,C0213,P0099,2025-07-16,1,2876,57.52,2818.48,638.48,Net Banking,Standard,42,6,Delivered,No Return,4
O02313,C0135,P0164,2026-04-13,5,4179,1462.65,19432.35,5653.35,Debit Card,Same Day,259,1,Delivered,No Return,3
O02314,C0087,P0125,2026-05-21,4,4762,2476.24,16571.760000000002,5609.76,UPI,Standard,66,7,Delivered,No Return,4
O02315,C0065,P0079,2025-11-14,1,5618,224.72,5393.28,1022.28,Net Banking,Standard,63,5,Delivered,No Return,5
O02316,C0255,P0044,2026-02-01,7,6666,4199.58,42462.42,13749.42,Net Banking,Standard,83,3,Delivered,No Return,2
O02317,C0243,P0152,2025-09-14,7,4983,3139.29,31741.71,7457.71,Debit Card,Standard,43,3,Delivered,No Return,4
O02318,C0375,P0014,2025-07-16,8,7602,3040.8,57775.2,19610.2,Credit Card,Same Day,197,0,Returned,Returned,1
O02319,C0053,P0008,2026-03-01,4,5727,1832.64,21075.36,6238.36,Net Banking,Standard,41,5,Returned,Returned,1
O02320,C0460,P0200,2025-07-24,10,7049,9163.7,61326.3,20783.3,Debit Card,Standard,53,6,Delivered,No Return,4
O02321,C0172,P0029,2025-06-12,8,6069,4855.2,43696.8,16505.8,Credit Card,Express,159,3,Delivered,No Return,5
O02322,C0095,P0180,2025-08-10,9,8100,9477.0,63423.0,21461.0,Cash on Delivery,Standard,58,5,Delivered,No Return,3
O02323,C0149,P0136,2025-09-18,5,6244,3434.2,27785.8,7020.8,UPI,Standard,50,3,Delivered,No Return,4
O02324,C0250,P0033,2025-10-24,8,3673,2350.72,27033.28,3847.28,Cash on Delivery,Standard,74,5,Delivered,No Return,4
O02325,C0094,P0082,2025-07-17,5,1777,799.65,8085.35,2786.35,UPI,Standard,59,4,Delivered,No Return,3
O02326,C0044,P0051,2026-05-09,4,4297,1031.28,16156.72,6121.72,Cash on Delivery,Express,179,3,Delivered,No Return,1
O02327,C0043,P0127,2026-04-03,8,6609,8988.24,43883.76,8078.76,UPI,Standard,61,6,Returned,Returned,1
O02328,C0207,P0163,2025-07-21,3,743,22.29,2206.71,543.71,Cash on Delivery,Standard,67,6,Delivered,No Return,2
O02329,C0322,P0035,2026-03-01,3,1231,258.51,3434.49,436.49,Net Banking,Standard,61,3,Delivered,No Return,5
O02330,C0294,P0019,2026-03-03,4,7081,3965.36,24358.64,5302.64,Debit Card,Express,128,3,Delivered,No Return,4
O02331,C0378,P0006,2026-02-16,9,2734,1722.42,22883.58,5486.58,Cash on Delivery,Standard,81,5,Delivered,No Return,5
O02332,C0346,P0003,2025-12-16,6,1423,426.9,8111.1,1366.1,Cash on Delivery,Same Day,229,0,Delivered,No Return,3
O02333,C0214,P0163,2026-02-18,4,743,29.72,2942.28,753.28,Credit Card,Standard,61,5,Returned,Returned,2
O02334,C0410,P0079,2025-12-28,10,5618,2247.2,53932.8,10701.8,Credit Card,Express,151,2,Returned,Returned,5
O02335,C0052,P0205,2025-09-08,9,3938,2835.36,32606.64,10812.64,Credit Card,Standard,50,7,Delivered,No Return,4
O02336,C0437,P0151,2026-03-31,7,3540,7186.2,17593.8,2058.8,Net Banking,Standard,86,3,Delivered,No Return,2
O02337,C0461,P0061,2025-10-12,1,6547,523.76,6023.24,1534.24,UPI,Standard,56,5,Delivered,No Return,3
O02338,C0236,P0148,2026-04-10,2,3494,0.0,6988.0,2795.0,Credit Card,Express,103,2,Delivered,No Return,2
O02339,C0053,P0131,2025-09-09,9,2477,1783.44,20509.56,3517.56,Net Banking,Standard,54,6,Returned,Returned,3
O02340,C0131,P0213,2025-05-28,5,6781,9154.35,24750.65,3879.65,Cash on Delivery,Express,101,3,Cancelled,No Return,5
O02341,C0060,P0157,2025-08-16,3,3666,769.86,10228.14,3401.14,Credit Card,Standard,59,3,Delivered,No Return,5
O02342,C0292,P0085,2025-08-02,10,1052,526.0,9994.0,3647.0,Net Banking,Standard,47,6,Delivered,No Return,3
O02343,C0013,P0200,2026-01-22,8,7049,7330.96,49061.04,16381.04,Cash on Delivery,Same Day,288,1,Delivered,No Return,3
O02344,C0180,P0218,2026-01-28,2,626,187.8,1064.2,156.2,Credit Card,Standard,72,6,Delivered,No Return,1
O02345,C0425,P0108,2026-01-11,5,738,627.3,3062.7,888.7,UPI,Standard,54,6,Delivered,No Return,2
O02346,C0316,P0009,2026-05-22,5,965,96.5,4728.5,1127.5,Net Banking,Standard,66,3,Delivered,No Return,3
O02347,C0169,P0004,2026-05-05,6,2253,1351.8,12166.2,958.2,Debit Card,Same Day,282,0,Delivered,No Return,4
O02348,C0208,P0049,2026-04-20,4,2596,1453.76,8930.24,438.24,Debit Card,Standard,56,7,Delivered,No Return,5
O02349,C0157,P0136,2025-11-07,8,6244,5494.72,44457.28,11251.28,UPI,Standard,62,5,Delivered,No Return,1
O02350,C0291,P0200,2025-10-23,10,7049,9163.7,61326.3,20781.3,Debit Card,Standard,55,6,Delivered,No Return,1
O02351,C0334,P0112,2026-05-09,1,4468,223.4,4244.6,1238.6,Credit Card,Same Day,262,1,Delivered,No Return,5
O02352,C0472,P0094,2026-01-30,9,2619,5185.62,18385.38,4252.38,Credit Card,Standard,48,5,Delivered,No Return,1
O02353,C0291,P0132,2025-06-14,8,6789,3801.84,50510.16,14537.16,Debit Card,Standard,61,6,Delivered,No Return,3
O02354,C0149,P0089,2025-11-14,6,6139,7735.14,29098.86,2378.86,UPI,Standard,86,4,Returned,Returned,3
O02355,C0053,P0182,2025-05-30,3,3298,1780.92,8113.08,1144.08,Net Banking,Standard,63,6,Delivered,No Return,5
O02356,C0367,P0059,2025-06-19,10,7395,4437.0,69513.0,19894.0,Net Banking,Standard,89,5,Delivered,No Return,1
O02357,C0111,P0066,2025-06-16,3,2503,675.81,6833.1900000000005,563.19,Debit Card,Standard,75,5,Delivered,No Return,4
O02358,C0149,P0020,2025-12-06,10,3746,4869.8,32590.2,2717.2,UPI,Standard,63,6,Delivered,No Return,2
O02359,C0243,P0103,2025-09-11,6,7245,7824.6,35645.4,9793.4,Debit Card,Same Day,250,0,Cancelled,No Return,1
O02360,C0052,P0099,2025-07-04,5,2876,287.6,14092.4,3321.4,Credit Card,Standard,81,5,Delivered,No Return,2
O02361,C0238,P0064,2025-10-29,7,6488,4995.76,40420.24,11967.24,UPI,Standard,68,6,Delivered,No Return,4
O02362,C0346,P0180,2025-08-25,7,8100,7371.0,49329.0,16667.0,Cash on Delivery,Standard,70,3,Delivered,No Return,1
O02363,C0195,P0020,2025-11-07,4,3746,1947.92,13036.08,943.08,Credit Card,Express,169,3,Delivered,No Return,4
O02364,C0082,P0144,2025-06-13,1,2605,182.35,2422.65,484.65,Cash on Delivery,Standard,45,6,Delivered,No Return,4
O02365,C0383,P0169,2025-11-20,5,2170,1302.0,9548.0,3306.0,UPI,Standard,42,7,Delivered,No Return,5
O02366,C0444,P0159,2025-06-13,4,1877,976.04,6531.96,315.96,UPI,Express,164,3,Delivered,No Return,1
O02367,C0048,P0126,2026-01-02,4,6229,5730.68,19185.32,927.32,UPI,Standard,42,3,Delivered,No Return,4
O02368,C0096,P0110,2026-03-03,5,6219,2176.65,28918.35,9061.35,Debit Card,Standard,82,6,Delivered,No Return,3
O02369,C0429,P0035,2025-08-15,3,1231,258.51,3434.49,334.49,Debit Card,Express,163,3,Delivered,No Return,2
O02370,C0357,P0033,2026-03-08,7,3673,2056.88,23654.12,3359.12,Debit Card,Standard,72,5,Delivered,No Return,5
O02371,C0097,P0109,2025-07-24,6,819,687.96,4226.04,217.04,Credit Card,Standard,55,5,Delivered,No Return,4
O02372,C0325,P0072,2025-05-30,4,7190,2588.4,26171.6,6373.6,Debit Card,Standard,78,6,Delivered,No Return,5
O02373,C0494,P0163,2026-02-22,8,743,59.44,5884.56,1577.56,Credit Card,Standard,51,3,Cancelled,No Return,4
O02374,C0128,P0184,2025-10-29,5,953,857.7,3907.3,81.3,Net Banking,Standard,56,7,Returned,Returned,5
O02375,C0110,P0054,2025-12-14,1,4394,1142.44,3251.56,-464.44,Cash on Delivery,Standard,61,3,Delivered,No Return,5
O02376,C0093,P0092,2025-12-15,5,4115,205.75,20369.25,8224.25,Debit Card,Standard,85,7,Delivered,No Return,5
O02377,C0267,P0080,2025-09-13,3,7630,3433.5,19456.5,6559.5,Credit Card,Standard,66,5,Returned,Returned,5
O02378,C0100,P0124,2026-01-27,7,7890,4418.4,50811.6,19524.6,Net Banking,Standard,74,5,Delivered,No Return,2
O02379,C0260,P0211,2025-11-16,1,3969,357.21,3611.79,917.79,Credit Card,Standard,50,5,Delivered,No Return,1
O02380,C0360,P0169,2025-07-02,8,2170,2083.2,15276.8,5240.8,Net Banking,Express,116,1,Returned,Returned,4
O02381,C0019,P0099,2026-01-01,8,2876,460.16,22547.84,5386.84,Cash on Delivery,Standard,57,5,Cancelled,No Return,3
O02382,C0274,P0048,2026-01-13,1,7838,627.04,7210.96,2605.96,UPI,Express,112,1,Delivered,No Return,4
O02383,C0040,P0212,2026-02-23,2,3787,302.96,7271.04,2506.04,Cash on Delivery,Same Day,255,0,Delivered,No Return,5
O02384,C0463,P0095,2025-08-16,2,2505,651.3,4358.7,523.7,Credit Card,Standard,71,5,Delivered,No Return,5
O02385,C0272,P0086,2025-06-20,5,426,127.8,2002.2,500.2,Net Banking,Express,117,3,Delivered,No Return,3
O02386,C0472,P0056,2025-10-28,7,7819,11493.93,43239.07,12510.07,Credit Card,Standard,48,5,Delivered,No Return,3
O02387,C0401,P0190,2026-04-22,1,5515,220.6,5294.4,1359.4,Net Banking,Standard,78,6,Cancelled,No Return,5
O02388,C0325,P0069,2026-04-12,10,732,951.6,6368.4,1453.4,Debit Card,Standard,45,7,Delivered,No Return,5
O02389,C0099,P0043,2025-09-10,3,4925,738.75,14036.25,2451.25,Credit Card,Express,140,1,Delivered,No Return,4
O02390,C0362,P0172,2025-07-22,2,3407,681.4,6132.6,634.6,UPI,Express,176,1,Delivered,No Return,3
O02391,C0201,P0061,2025-06-30,9,6547,4713.84,54209.16,14173.16,UPI,Express,139,2,Returned,Returned,3
O02392,C0078,P0084,2025-08-05,5,6457,4197.05,28087.95,5324.95,Debit Card,Standard,68,7,Delivered,No Return,5
O02393,C0194,P0161,2025-11-04,10,5000,3000.0,47000.0,18199.0,Credit Card,Standard,51,5,Delivered,No Return,3
O02394,C0267,P0091,2026-02-02,6,2647,0.0,15882.0,3003.0,Credit Card,Standard,87,6,Delivered,No Return,3
O02395,C0300,P0111,2025-09-08,6,4343,781.74,25276.26,8533.26,UPI,Standard,57,4,Delivered,No Return,1
O02396,C0389,P0048,2026-03-08,1,7838,627.04,7210.96,2660.96,Debit Card,Standard,57,7,Delivered,No Return,4
O02397,C0478,P0187,2026-02-20,6,7198,863.76,42324.24,16453.24,UPI,Standard,83,6,Delivered,No Return,5
O02398,C0013,P0044,2026-01-25,2,6666,1199.88,12132.119999999999,3820.12,Cash on Delivery,Express,132,3,Delivered,No Return,2
O02399,C0461,P0130,2025-08-13,6,487,379.86,2542.14,191.14,UPI,Standard,65,6,Delivered,No Return,5
O02400,C0362,P0159,2025-08-02,5,1877,1220.05,8164.95,554.95,UPI,Standard,45,4,Delivered,No Return,5
O02401,C0333,P0079,2026-04-24,8,5618,1797.76,43146.24,8615.24,UPI,Standard,67,5,Delivered,No Return,1
O02402,C0467,P0109,2026-05-14,9,819,1031.94,6339.0599999999995,170.06,UPI,Same Day,238,1,Delivered,No Return,4
O02403,C0308,P0128,2026-04-24,10,2737,1368.5,26001.5,7724.5,Debit Card,Same Day,217,1,Delivered,No Return,5
O02404,C0491,P0024,2025-07-10,6,7991,13904.34,34041.66,5723.66,Net Banking,Standard,88,3,Delivered,No Return,4
O02405,C0065,P0130,2025-08-13,10,487,633.1,4236.9,200.9,Net Banking,Same Day,226,0,Delivered,No Return,1
O02406,C0161,P0010,2026-01-31,10,5781,5781.0,52029.0,11201.0,Credit Card,Standard,48,6,Delivered,No Return,5
O02407,C0162,P0173,2026-05-08,3,3487,1569.15,8891.85,1374.85,UPI,Standard,80,7,Delivered,No Return,2
O02408,C0167,P0043,2025-07-21,6,4925,1477.5,28072.5,5055.5,Debit Card,Express,127,3,Delivered,No Return,5
O02409,C0434,P0092,2026-04-27,9,4115,370.35,36664.65,14910.65,UPI,Standard,46,6,Delivered,No Return,5
O02410,C0218,P0168,2025-07-22,6,3397,5095.5,15286.5,1230.5,Debit Card,Standard,52,6,Delivered,No Return,3
O02411,C0346,P0016,2025-06-23,4,459,459.0,1377.0,264.0,Cash on Delivery,Standard,89,7,Delivered,No Return,4
O02412,C0256,P0022,2025-06-30,9,828,670.68,6781.32,629.32,Net Banking,Standard,59,3,Cancelled,No Return,3
O02413,C0284,P0166,2025-07-17,6,1956,3286.08,8449.92,1008.92,Credit Card,Standard,49,3,Delivered,No Return,2
O02414,C0207,P0196,2026-05-14,4,2968,593.6,11278.4,2862.4,Cash on Delivery,Standard,88,4,Cancelled,No Return,1
O02415,C0389,P0212,2025-09-24,3,3787,454.44,10906.56,4066.56,Debit Card,Standard,75,7,Delivered,No Return,5
O02416,C0335,P0169,2025-07-19,7,2170,1822.8,13367.2,4585.2,Cash on Delivery,Express,102,3,Delivered,No Return,4
O02417,C0015,P0179,2025-12-01,4,7966,2230.48,29633.52,11511.52,UPI,Standard,58,5,Delivered,No Return,2
O02418,C0352,P0124,2025-10-30,6,7890,3787.2,43552.8,16724.8,Debit Card,Standard,74,7,Delivered,No Return,3
O02419,C0463,P0084,2025-12-04,2,6457,1678.82,11235.18,2091.18,Credit Card,Standard,66,3,Delivered,No Return,1
O02420,C0067,P0124,2025-08-09,10,7890,6312.0,72588.0,27712.0,Cash on Delivery,Same Day,286,1,Delivered,No Return,4
O02421,C0203,P0034,2026-01-28,4,5437,2609.76,19138.239999999998,4280.24,Credit Card,Standard,58,4,Delivered,No Return,1
O02422,C0161,P0150,2026-01-25,4,203,105.56,706.44,22.44,Credit Card,Express,132,3,Delivered,No Return,4
O02423,C0346,P0050,2025-09-02,2,4133,2810.44,5455.5599999999995,-435.44,Cash on Delivery,Standard,51,3,Delivered,No Return,3
O02424,C0327,P0044,2025-11-20,10,6666,5999.4,60660.6,19697.6,UPI,Standard,63,3,Returned,Returned,1
O02425,C0500,P0149,2025-06-22,3,4295,1030.8,11854.2,1816.2,Cash on Delivery,Standard,63,6,Delivered,No Return,5
O02426,C0408,P0186,2026-03-09,3,2500,900.0,6600.0,727.0,Net Banking,Standard,83,3,Delivered,No Return,5
O02427,C0474,P0021,2026-03-21,8,4876,3120.64,35887.36,5511.36,Net Banking,Express,136,3,Delivered,No Return,1
O02428,C0127,P0187,2025-11-20,6,7198,863.76,42324.24,16475.24,Cash on Delivery,Standard,61,5,Delivered,No Return,5
O02429,C0132,P0019,2025-09-01,4,7081,3965.36,24358.64,5280.64,Net Banking,Express,150,2,Delivered,No Return,4
O02430,C0135,P0091,2025-12-06,3,2647,0.0,7941.0,1468.0,Debit Card,Standard,77,6,Returned,Returned,3
O02431,C0168,P0169,2025-07-22,6,2170,1562.4,11457.6,3972.6,Cash on Delivery,Standard,45,3,Delivered,No Return,5
O02432,C0324,P0179,2026-04-08,5,7966,2788.1,37041.9,14257.9,Net Banking,Same Day,204,1,Delivered,No Return,4
O02433,C0271,P0023,2026-04-04,3,7317,2634.12,19316.88,6123.88,Debit Card,Express,104,1,Delivered,No Return,2
O02434,C0294,P0196,2026-03-20,3,2968,445.2,8458.8,2140.8,Debit Card,Standard,72,7,Delivered,No Return,3
O02435,C0324,P0117,2026-01-16,1,1146,148.98,997.02,255.02,Net Banking,Standard,65,7,Delivered,No Return,1
O02436,C0498,P0034,2026-01-18,9,5437,5871.96,43061.04,9709.04,Net Banking,Standard,52,7,Delivered,No Return,4
O02437,C0456,P0131,2026-03-27,4,2477,792.64,9115.36,1501.36,UPI,Standard,86,4,Delivered,No Return,1
O02438,C0388,P0199,2025-11-26,6,3906,468.72,22967.28,6237.28,Net Banking,Standard,86,5,Delivered,No Return,5
O02439,C0368,P0206,2026-01-09,1,3236,388.32,2847.68,856.68,Credit Card,Standard,46,3,Returned,Returned,1
O02440,C0191,P0162,2025-11-06,1,5708,627.88,5080.12,1278.12,Cash on Delivery,Standard,87,4,Returned,Returned,1
O02441,C0132,P0108,2025-10-17,4,738,501.84,2450.16,710.16,Net Banking,Standard,44,5,Delivered,No Return,2
O02442,C0249,P0021,2025-09-29,9,4876,3510.72,40373.28,6295.28,UPI,Standard,58,6,Delivered,No Return,5
O02443,C0168,P0156,2026-02-18,3,6933,831.96,19967.04,6294.04,Cash on Delivery,Standard,50,3,Delivered,No Return,5
O02444,C0352,P0089,2026-04-18,7,6139,9024.33,33948.67,2820.67,Debit Card,Standard,55,3,Delivered,No Return,3
O02445,C0030,P0028,2025-08-30,10,6457,4519.9,60050.1,11819.1,Net Banking,Standard,51,4,Returned,Returned,2
O02446,C0434,P0066,2025-09-24,8,2503,1802.16,18221.84,1661.84,UPI,Standard,40,5,Delivered,No Return,3
O02447,C0370,P0003,2025-10-18,10,1423,711.5,13518.5,2572.5,Debit Card,Standard,86,4,Delivered,No Return,4
O02448,C0275,P0042,2025-07-03,6,3239,6801.9,12632.1,1368.1,Credit Card,Standard,44,7,Delivered,No Return,1
O02449,C0143,P0128,2026-01-27,7,2737,957.95,18201.05,5503.05,Debit Card,Standard,56,3,Delivered,No Return,5
O02450,C0450,P0126,2026-03-16,5,6229,7163.35,23981.65,952.65,UPI,Same Day,259,1,Delivered,No Return,2
O02451,C0017,P0045,2026-02-11,3,3224,677.04,8994.96,1537.96,Debit Card,Standard,41,3,Delivered,No Return,4
O02452,C0360,P0009,2025-05-23,2,965,38.6,1891.4,314.4,Net Banking,Express,163,1,Delivered,No Return,5
O02453,C0210,P0191,2025-12-28,3,6416,1924.8,17323.2,4313.2,Debit Card,Same Day,185,0,Delivered,No Return,4
O02454,C0375,P0017,2025-10-18,10,4619,1847.6,44342.4,18201.4,Credit Card,Standard,61,5,Delivered,No Return,2
O02455,C0298,P0153,2025-09-05,4,1099,263.76,4132.24,1105.24,Credit Card,Standard,63,3,Delivered,No Return,5
O02456,C0496,P0102,2025-05-27,9,5734,7224.84,44381.16,11724.16,Debit Card,Standard,59,3,Delivered,No Return,5
O02457,C0195,P0166,2026-02-25,1,1956,547.68,1408.3200000000002,-57.68,Credit Card,Same Day,234,1,Delivered,No Return,4
O02458,C0116,P0104,2025-11-18,6,3932,2359.2,21232.8,7571.8,Debit Card,Same Day,299,1,Returned,Returned,3
O02459,C0369,P0189,2025-05-26,9,804,2315.52,4920.48,369.48,Cash on Delivery,Express,150,1,Delivered,No Return,3
O02460,C0284,P0107,2026-01-10,9,3023,1360.35,25846.65,7703.65,Credit Card,Standard,71,7,Delivered,No Return,5
O02461,C0317,P0218,2025-08-08,3,626,281.7,1596.3,200.3,Credit Card,Express,142,2,Delivered,No Return,1
O02462,C0249,P0021,2026-05-03,6,4876,2340.48,26915.52,4148.52,UPI,Standard,87,5,Delivered,No Return,4
O02463,C0253,P0150,2026-02-10,3,203,79.17,529.83,27.83,Credit Card,Standard,88,4,Delivered,No Return,2
O02464,C0353,P0037,2025-09-29,10,4335,8670.0,34680.0,9783.0,Credit Card,Standard,87,5,Returned,Returned,1
O02465,C0082,P0101,2026-03-04,9,464,459.36,3716.64,896.64,Cash on Delivery,Express,165,2,Delivered,No Return,4
O02466,C0143,P0203,2025-05-27,2,4865,875.7,8854.3,1865.3,Debit Card,Standard,67,4,Delivered,No Return,2
O02467,C0398,P0196,2025-08-06,5,2968,742.0,14098.0,3618.0,Net Banking,Standard,70,3,Cancelled,No Return,5
O02468,C0151,P0149,2025-10-01,9,4295,3092.4,35562.6,5584.6,Debit Card,Standard,53,5,Delivered,No Return,3
O02469,C0315,P0056,2025-10-18,9,7819,14777.91,55593.09,15990.09,UPI,Express,156,3,Delivered,No Return,3
O02470,C0411,P0171,2025-09-24,8,3470,1943.2,25816.8,7661.8,Debit Card,Standard,59,5,Delivered,No Return,3
O02471,C0322,P0045,2026-03-29,9,3224,2031.12,26984.88,4676.88,Net Banking,Standard,60,6,Delivered,No Return,5
O02472,C0043,P0040,2025-10-13,3,5107,919.26,14401.74,3999.74,UPI,Standard,43,5,Delivered,No Return,2
O02473,C0240,P0110,2025-08-05,5,6219,2176.65,28918.35,9010.35,Cash on Delivery,Express,133,3,Delivered,No Return,4
O02474,C0381,P0001,2025-12-23,2,5468,874.88,10061.12,1015.12,Credit Card,Standard,88,4,Delivered,No Return,3
O02475,C0271,P0090,2025-07-29,5,1252,250.4,6009.6,1783.6,Debit Card,Standard,56,7,Delivered,No Return,5
O02476,C0458,P0210,2025-09-29,7,3846,2692.2,24229.8,6046.8,Cash on Delivery,Standard,60,7,Delivered,No Return,1
O02477,C0338,P0161,2026-04-03,6,5000,1800.0,28200.0,10880.0,Cash on Delivery,Standard,70,6,Delivered,No Return,4
O02478,C0238,P0028,2026-01-17,1,6457,451.99,6005.01,1139.01,UPI,Standard,48,4,Delivered,No Return,2
O02479,C0267,P0199,2025-08-02,4,3906,312.48,15311.52,4044.52,Credit Card,Express,171,1,Delivered,No Return,1
O02480,C0275,P0205,2026-04-26,8,3938,2520.32,28983.68,9607.68,Credit Card,Standard,48,6,Delivered,No Return,3
O02481,C0041,P0044,2026-02-05,1,6666,599.94,6066.0599999999995,1907.06,Debit Card,Standard,69,7,Returned,Returned,1
O02482,C0097,P0116,2026-01-02,4,3102,2977.92,9430.08,1692.08,Credit Card,Express,138,1,Delivered,No Return,3
O02483,C0073,P0076,2026-02-17,4,194,31.04,744.96,167.96,UPI,Standard,61,7,Delivered,No Return,1
O02484,C0437,P0038,2025-09-10,3,5758,2245.62,15028.380000000001,984.38,Net Banking,Standard,70,7,Delivered,No Return,3
O02485,C0327,P0102,2026-01-26,3,5734,2408.28,14793.72,3857.72,UPI,Standard,70,5,Delivered,No Return,5
O02486,C0426,P0178,2026-04-18,10,3881,3492.9,35317.1,10187.1,Credit Card,Standard,80,5,Delivered,No Return,3
O02487,C0256,P0158,2025-11-28,5,4981,7471.5,17433.5,-3227.5,Net Banking,Standard,66,4,Cancelled,No Return,3
O02488,C0342,P0117,2025-12-29,10,1146,1489.8,9970.2,3054.2,Cash on Delivery,Express,146,3,Delivered,No Return,2
O02489,C0463,P0015,2025-08-05,1,4156,706.52,3449.48,508.48,Credit Card,Standard,73,3,Delivered,No Return,1
O02490,C0103,P0023,2025-05-30,2,7317,1756.08,12877.92,4087.92,Cash on Delivery,Standard,64,7,Returned,Returned,1
O02491,C0076,P0187,2026-01-24,1,7198,143.96,7054.04,2711.04,Cash on Delivery,Standard,45,3,Delivered,No Return,1
O02492,C0272,P0062,2025-06-06,8,3173,253.84,25130.16,4364.16,Net Banking,Standard,46,3,Delivered,No Return,2
O02493,C0450,P0076,2025-05-25,8,194,62.08,1489.92,186.92,UPI,Same Day,271,1,Delivered,No Return,3
O02494,C0291,P0218,2025-12-17,10,626,939.0,5321.0,1012.0,Debit Card,Express,129,3,Delivered,No Return,5
O02495,C0201,P0003,2025-11-04,8,1423,569.2,10814.8,2082.8,UPI,Standard,44,3,Delivered,No Return,2
O02496,C0128,P0117,2025-08-12,5,1146,744.9,4985.1,1420.1,Net Banking,Express,180,1,Delivered,No Return,1
O02497,C0117,P0222,2025-10-16,9,3656,7896.96,25007.04,5198.04,Cash on Delivery,Standard,63,6,Delivered,No Return,5
O02498,C0317,P0026,2025-09-29,5,1204,481.6,5538.4,1270.4,Credit Card,Express,158,2,Delivered,No Return,2
O02499,C0460,P0162,2025-09-06,5,5708,3139.4,25400.6,6738.6,Debit Card,Standard,87,6,Delivered,No Return,1
O02500,C0319,P0026,2025-08-03,3,1204,288.96,3323.04,723.04,Debit Card,Express,134,2,Delivered,No Return,2
O02501,C0429,P0041,2025-06-25,2,6032,3016.0,9048.0,938.0,Debit Card,Standard,84,7,Delivered,No Return,4
O02502,C0251,P0018,2025-10-13,5,1528,611.2,7028.8,1562.8,Debit Card,Same Day,226,0,Cancelled,No Return,2
O02503,C0361,P0099,2025-12-08,6,2876,345.12,16910.88,3999.88,Credit Card,Standard,83,3,Delivered,No Return,2
O02504,C0261,P0084,2025-06-30,3,6457,2518.23,16852.77,3145.77,Credit Card,Standard,90,6,Delivered,No Return,5
O02505,C0361,P0021,2025-08-04,8,4876,3120.64,35887.36,5583.36,Credit Card,Standard,64,6,Cancelled,No Return,2
O02506,C0181,P0039,2025-10-07,8,4933,4341.04,35122.96,12239.96,Cash on Delivery,Express,115,3,Delivered,No Return,4
O02507,C0317,P0087,2026-01-27,10,8418,5050.8,79129.2,31097.2,Credit Card,Express,112,2,Delivered,No Return,2
O02508,C0356,P0179,2026-04-20,5,7966,2788.1,37041.9,14420.9,Debit Card,Standard,41,3,Returned,Returned,1
O02509,C0088,P0135,2026-03-30,9,1751,1260.72,14498.28,5597.28,Net Banking,Standard,54,7,Delivered,No Return,1
O02510,C0287,P0090,2025-06-03,1,1252,50.08,1201.92,295.92,UPI,Standard,72,4,Delivered,No Return,4
O02511,C0396,P0081,2025-11-26,10,6621,5958.9,60251.1,20065.1,Cash on Delivery,Standard,86,3,Delivered,No Return,3
O02512,C0448,P0213,2025-12-29,4,6781,7323.48,19800.52,3144.52,Debit Card,Standard,40,4,Delivered,No Return,3
O02513,C0309,P0181,2025-11-05,2,4500,900.0,8100.0,1402.0,UPI,Standard,62,6,Delivered,No Return,3
O02514,C0250,P0082,2026-04-02,6,1777,959.58,9702.42,3369.42,Cash on Delivery,Standard,45,5,Delivered,No Return,3
O02515,C0358,P0131,2025-11-05,7,2477,1387.12,15951.880000000001,2599.88,Debit Card,Express,178,3,Delivered,No Return,5
O02516,C0314,P0053,2026-04-16,10,1082,1190.2,9629.8,3194.8,Credit Card,Standard,45,7,Returned,Returned,5
O02517,C0484,P0188,2025-10-29,8,899,2373.36,4818.639999999999,708.64,Credit Card,Standard,54,4,Delivered,No Return,3
O02518,C0354,P0034,2026-03-11,6,5437,3914.64,28707.36,6460.36,Cash on Delivery,Standard,47,6,Delivered,No Return,5
O02519,C0408,P0017,2026-02-04,6,4619,1108.56,26605.44,10872.44,Net Banking,Standard,85,7,Delivered,No Return,2
O02520,C0461,P0113,2025-12-03,1,2557,25.57,2531.43,483.43,UPI,Standard,63,3,Delivered,No Return,2
O02521,C0057,P0099,2025-12-03,9,2876,517.68,25366.32,6046.32,Credit Card,Standard,78,5,Delivered,No Return,2
O02522,C0296,P0078,2026-03-08,5,5877,2938.5,26446.5,6276.5,Debit Card,Standard,80,3,Delivered,No Return,1
O02523,C0216,P0095,2025-12-23,7,2505,2279.55,15255.45,2024.45,Net Banking,Standard,57,6,Delivered,No Return,4
O02524,C0279,P0012,2025-10-24,5,328,213.2,1426.8,116.8,Debit Card,Standard,75,4,Delivered,No Return,5
O02525,C0175,P0198,2025-07-06,9,1662,448.74,14509.26,4982.26,Cash on Delivery,Express,176,3,Delivered,No Return,4
O02526,C0473,P0051,2025-06-02,1,4297,257.82,4039.18,1431.18,Debit Card,Express,144,3,Delivered,No Return,1
O02527,C0334,P0209,2025-12-29,1,7780,155.6,7624.4,2871.4,Credit Card,Standard,86,6,Delivered,No Return,4
O02528,C0455,P0187,2026-03-07,10,7198,1439.6,70540.4,27423.4,Credit Card,Express,137,1,Delivered,No Return,3
O02529,C0107,P0023,2025-09-14,3,7317,2634.12,19316.88,6178.88,Net Banking,Standard,49,3,Delivered,No Return,1
O02530,C0194,P0035,2025-10-14,1,1231,86.17,1144.83,95.83,Credit Card,Standard,70,7,Delivered,No Return,3
O02531,C0195,P0147,2026-03-18,2,2350,1598.0,3102.0,-64.0,Credit Card,Standard,78,7,Delivered,No Return,4
O02532,C0149,P0099,2025-10-12,6,2876,345.12,16910.88,3980.88,UPI,Express,102,3,Delivered,No Return,4
O02533,C0097,P0209,2025-10-04,7,7780,1089.2,53370.8,20620.8,Credit Card,Standard,81,7,Delivered,No Return,1
O02534,C0313,P0035,2025-12-25,4,1231,344.68,4579.32,562.32,Debit Card,Express,101,2,Delivered,No Return,5
O02535,C0356,P0017,2025-09-17,5,4619,923.8,22171.2,9055.2,Debit Card,Standard,76,3,Delivered,No Return,3
O02536,C0242,P0182,2026-03-25,3,3298,1780.92,8113.08,1131.08,UPI,Standard,76,5,Delivered,No Return,3
O02537,C0133,P0165,2026-05-03,1,2842,881.02,1960.98,-135.02,Credit Card,Standard,87,3,Delivered,No Return,2
O02538,C0277,P0041,2025-10-17,3,6032,4524.0,13572.0,1470.0,Credit Card,Standard,63,7,Delivered,No Return,4
O02539,C0353,P0070,2025-08-06,5,3336,3002.4,13677.6,3054.6,Credit Card,Standard,73,5,Delivered,No Return,3
O02540,C0030,P0030,2025-09-17,4,2656,1381.12,9242.880000000001,2853.88,Net Banking,Standard,77,6,Delivered,No Return,3
O02541,C0060,P0122,2025-10-10,6,1327,1194.3,6767.7,640.7,Credit Card,Standard,73,4,Delivered,No Return,2
O02542,C0217,P0093,2026-03-16,10,664,332.0,6308.0,2441.0,Debit Card,Standard,87,7,Delivered,No Return,4
O02543,C0313,P0119,2025-09-03,2,2898,231.84,5564.16,1265.16,Debit Card,Express,113,1,Delivered,No Return,4
O02544,C0497,P0005,2025-11-03,6,676,0.0,4056.0,880.0,Debit Card,Express,146,3,Delivered,No Return,1
O02545,C0025,P0126,2026-05-13,2,6229,2865.34,9592.66,188.66,Net Banking,Same Day,296,0,Delivered,No Return,2
O02546,C0360,P0104,2025-11-11,3,3932,1179.6,10616.4,3846.4,Net Banking,Standard,89,5,Delivered,No Return,1
O02547,C0356,P0012,2025-06-13,5,328,213.2,1426.8,130.8,Debit Card,Standard,61,7,Delivered,No Return,3
O02548,C0432,P0193,2026-01-16,4,6231,8474.16,16449.84,-2399.16,Net Banking,Express,161,2,Delivered,No Return,5
O02549,C0339,P0209,2025-07-16,3,7780,466.8,22873.2,8812.2,UPI,Standard,60,4,Delivered,No Return,3
O02550,C0132,P0102,2025-08-28,1,5734,802.76,4931.24,1247.24,Net Banking,Standard,62,4,Delivered,No Return,3
O02551,C0389,P0156,2025-05-29,3,6933,831.96,19967.04,6301.04,Debit Card,Standard,43,4,Delivered,No Return,4
O02552,C0357,P0177,2025-05-23,7,3681,2576.7,23190.3,6036.3,Debit Card,Standard,88,7,Delivered,No Return,5
O02553,C0221,P0134,2025-09-06,3,690,248.4,1821.6,464.6,Debit Card,Standard,82,3,Delivered,No Return,5
O02554,C0364,P0199,2025-11-23,8,3906,624.96,30623.04,8366.04,Credit Card,Standard,65,4,Delivered,No Return,3
O02555,C0304,P0014,2026-03-09,9,7602,3420.9,64997.1,22221.1,Debit Card,Standard,62,3,Delivered,No Return,4
O02556,C0126,P0199,2025-12-05,8,3906,624.96,30623.04,8364.04,Debit Card,Standard,67,7,Delivered,No Return,2
O02557,C0282,P0035,2025-09-20,9,1231,775.53,10303.47,1431.47,Credit Card,Standard,61,7,Delivered,No Return,1
O02558,C0238,P0166,2025-08-14,6,1956,3286.08,8449.92,1016.92,UPI,Standard,41,4,Delivered,No Return,5
O02559,C0071,P0118,2025-10-04,8,280,448.0,1792.0,289.0,Debit Card,Standard,63,6,Delivered,No Return,4
O02560,C0414,P0101,2025-10-25,4,464,204.16,1651.84,413.84,UPI,Standard,58,7,Delivered,No Return,2
O02561,C0247,P0150,2026-03-31,6,203,158.34,1059.66,166.66,UPI,Standard,65,5,Returned,Returned,4
O02562,C0441,P0059,2025-07-01,4,7395,1774.8,27805.2,7932.2,Cash on Delivery,Standard,61,6,Delivered,No Return,2
O02563,C0376,P0134,2025-12-09,4,690,331.2,2428.8,675.8,Cash on Delivery,Standard,53,6,Delivered,No Return,1
O02564,C0351,P0147,2025-08-08,5,2350,3995.0,7755.0,-44.0,Net Banking,Standard,79,3,Returned,Returned,1
O02565,C0406,P0115,2025-10-31,6,1708,2152.08,8095.92,-365.08,Debit Card,Standard,79,5,Delivered,No Return,1
O02566,C0325,P0210,2026-03-01,5,3846,1923.0,17307.0,4290.0,Debit Card,Standard,72,6,Delivered,No Return,3
O02567,C0389,P0073,2026-03-05,3,5271,5060.16,10752.84,711.84,Debit Card,Standard,69,6,Delivered,No Return,5
O02568,C0077,P0123,2025-06-25,8,455,546.0,3094.0,536.0,UPI,Standard,70,6,Delivered,No Return,1
O02569,C0044,P0033,2025-12-06,3,3673,881.52,10137.48,1406.48,Cash on Delivery,Standard,64,7,Delivered,No Return,5
O02570,C0251,P0019,2025-07-09,6,7081,5948.04,36537.96,7937.96,Debit Card,Same Day,208,1,Delivered,No Return,5
O02571,C0194,P0221,2025-11-22,8,3062,1469.76,23026.24,6762.24,Credit Card,Standard,40,4,Delivered,No Return,1
O02572,C0288,P0140,2026-02-27,10,2972,1486.0,28234.0,7996.0,Credit Card,Standard,58,3,Delivered,No Return,5
O02573,C0440,P0003,2026-04-15,7,1423,498.05,9462.95,1793.95,Debit Card,Standard,67,6,Delivered,No Return,4
O02574,C0057,P0134,2026-01-03,10,690,828.0,6072.0,1780.0,Credit Card,Standard,42,7,Delivered,No Return,1
O02575,C0082,P0216,2025-07-18,3,3133,0.0,9399.0,3137.0,Cash on Delivery,Standard,46,5,Delivered,No Return,4
O02576,C0285,P0167,2025-06-15,3,869,182.49,2424.51,186.51,Cash on Delivery,Standard,90,5,Delivered,No Return,5
O02577,C0274,P0156,2026-03-02,5,6933,1386.6,33278.4,10502.4,UPI,Standard,71,7,Delivered,No Return,3
O02578,C0162,P0083,2026-05-15,2,2213,531.12,3894.88,1382.88,UPI,Standard,52,3,Delivered,No Return,5
O02579,C0338,P0219,2025-08-07,8,914,804.32,6507.68,2366.68,Cash on Delivery,Standard,77,4,Returned,Returned,1
O02580,C0281,P0164,2026-02-12,9,4179,2632.77,34978.23,10473.23,Net Banking,Express,169,3,Delivered,No Return,5
O02581,C0348,P0062,2025-10-27,9,3173,285.57,28271.43,4891.43,Net Banking,Standard,70,3,Delivered,No Return,1
O02582,C0176,P0140,2026-05-10,2,2972,297.2,5646.8,1544.8,Credit Card,Standard,66,5,Delivered,No Return,4
O02583,C0386,P0003,2025-12-20,10,1423,711.5,13518.5,2526.5,UPI,Express,132,2,Delivered,No Return,1
O02584,C0210,P0158,2025-10-12,7,4981,10460.1,24406.9,-4512.1,Debit Card,Standard,86,5,Delivered,No Return,2
O02585,C0243,P0191,2025-12-24,5,6416,3208.0,28872.0,7432.0,Debit Card,Standard,65,6,Returned,Returned,5
O02586,C0036,P0031,2025-09-27,3,5801,1566.27,15836.73,3992.73,Credit Card,Standard,42,4,Delivered,No Return,3
O02587,C0104,P0197,2026-02-26,5,5094,764.1,24705.9,4310.9,Cash on Delivery,Standard,85,3,Delivered,No Return,5
O02588,C0020,P0071,2026-04-21,1,1828,274.2,1553.8,160.8,Cash on Delivery,Standard,61,3,Delivered,No Return,3
O02589,C0097,P0104,2026-03-02,5,3932,1966.0,17694.0,6292.0,Credit Card,Same Day,267,1,Delivered,No Return,3
O02590,C0500,P0220,2025-11-14,3,7303,2190.9,19718.1,5123.1,Cash on Delivery,Standard,54,7,Delivered,No Return,1
O02591,C0370,P0114,2026-04-26,3,2450,441.0,6909.0,2429.0,Debit Card,Express,127,1,Delivered,No Return,1
O02592,C0329,P0207,2025-08-05,3,944,226.56,2605.44,556.44,Credit Card,Standard,78,7,Delivered,No Return,1
O02593,C0233,P0100,2025-09-09,8,7859,6915.92,55956.08,16031.08,UPI,Express,149,2,Returned,Returned,1
O02594,C0051,P0167,2025-07-06,4,869,243.32,3232.68,253.68,Cash on Delivery,Express,115,2,Delivered,No Return,2
O02595,C0271,P0102,2025-06-15,9,5734,7224.84,44381.16,11705.16,Debit Card,Standard,78,4,Delivered,No Return,4
O02596,C0420,P0213,2025-07-22,7,6781,12816.09,34650.91,5507.91,Net Banking,Standard,65,6,Delivered,No Return,1
O02597,C0364,P0036,2025-10-27,8,7488,8386.56,51517.44,16464.44,Credit Card,Standard,53,7,Delivered,No Return,2
O02598,C0143,P0152,2025-10-26,1,4983,448.47,4534.53,990.53,Debit Card,Standard,81,7,Delivered,No Return,4
O02599,C0431,P0050,2026-01-26,3,4133,4215.66,8183.34,-620.66,UPI,Standard,44,3,Returned,Returned,3
O02600,C0410,P0135,2026-05-06,4,1751,560.32,6443.68,2467.68,Credit Card,Standard,44,6,Delivered,No Return,1
O02601,C0295,P0041,2026-05-05,6,6032,9048.0,27144.0,3006.0,UPI,Standard,60,4,Cancelled,No Return,5
O02602,C0377,P0153,2026-04-07,7,1099,461.58,7231.42,1975.42,Net Banking,Standard,69,4,Delivered,No Return,1
O02603,C0348,P0102,2025-12-15,3,5734,2408.28,14793.72,3872.72,Net Banking,Standard,55,7,Cancelled,No Return,5
O02604,C0270,P0204,2025-10-13,1,4692,375.36,4316.64,1084.64,Cash on Delivery,Same Day,239,0,Cancelled,No Return,4
O02605,C0422,P0210,2025-09-13,1,3846,384.6,3461.4,816.4,Net Banking,Standard,56,3,Delivered,No Return,5
O02606,C0076,P0162,2025-07-02,6,5708,3767.28,30480.72,7901.72,Cash on Delivery,Same Day,289,1,Returned,Returned,2
O02607,C0222,P0094,2025-08-06,1,2619,576.18,2042.8200000000002,415.82,UPI,Standard,62,3,Delivered,No Return,5
O02608,C0247,P0006,2025-05-30,7,2734,1339.66,17798.34,4274.34,UPI,Standard,56,4,Delivered,No Return,4
O02609,C0211,P0007,2025-10-20,7,6448,14443.52,30692.48,545.48,UPI,Express,166,2,Delivered,No Return,2
O02610,C0100,P0194,2025-08-16,2,1650,363.0,2937.0,569.0,Net Banking,Standard,84,6,Delivered,No Return,2
O02611,C0230,P0105,2026-02-27,3,4619,277.14,13579.86,3914.86,Credit Card,Same Day,254,0,Delivered,No Return,3
O02612,C0271,P0010,2026-03-05,8,5781,4624.8,41623.2,8933.2,Debit Card,Standard,66,7,Delivered,No Return,3
O02613,C0156,P0188,2026-05-07,3,899,890.01,1806.99,211.99,Net Banking,Standard,74,3,Delivered,No Return,1
O02614,C0453,P0013,2026-05-16,2,6597,791.64,12402.36,2843.36,Credit Card,Same Day,199,1,Delivered,No Return,1
O02615,C0408,P0029,2025-06-15,2,6069,1213.8,10924.2,4101.2,Net Banking,Standard,65,5,Returned,Returned,2
O02616,C0397,P0080,2025-11-06,2,7630,2289.0,12971.0,4377.0,Net Banking,Standard,40,3,Delivered,No Return,5
O02617,C0212,P0187,2025-10-21,8,7198,1151.68,56432.32,21995.32,Credit Card,Standard,53,3,Delivered,No Return,5
O02618,C0151,P0163,2025-09-17,10,743,74.3,7355.7,1945.7,Debit Card,Standard,90,7,Delivered,No Return,1
O02619,C0329,P0025,2025-07-09,6,5276,3165.6,28490.4,9700.4,Credit Card,Standard,88,3,Delivered,No Return,2
O02620,C0386,P0182,2025-12-15,7,3298,4155.48,18930.52,2735.52,UPI,Standard,81,6,Delivered,No Return,3
O02621,C0440,P0054,2026-04-20,8,4394,9139.52,26012.48,-3277.52,Debit Card,Standard,50,4,Delivered,No Return,3
O02622,C0463,P0075,2025-12-01,7,1199,1510.74,6882.26,160.26,Credit Card,Standard,44,6,Delivered,No Return,2
O02623,C0221,P0060,2026-03-22,8,1681,672.4,12775.6,2568.6,Debit Card,Standard,55,4,Delivered,No Return,2
O02624,C0317,P0209,2026-04-01,7,7780,1089.2,53370.8,20656.8,Credit Card,Standard,45,3,Returned,Returned,2
O02625,C0003,P0097,2026-05-19,2,5139,1233.36,9044.64,2532.64,UPI,Standard,78,6,Delivered,No Return,4
O02626,C0473,P0021,2026-01-03,10,4876,3900.8,44859.2,6912.2,Debit Card,Express,147,1,Delivered,No Return,4
O02627,C0167,P0027,2025-12-22,1,831,16.62,814.38,147.38,Debit Card,Same Day,198,1,Delivered,No Return,1
O02628,C0388,P0118,2026-03-29,3,280,168.0,672.0,64.0,Net Banking,Standard,68,7,Delivered,No Return,5
O02629,C0090,P0043,2025-08-16,2,4925,492.5,9357.5,1641.5,Debit Card,Standard,86,4,Delivered,No Return,2
O02630,C0283,P0094,2026-02-28,8,2619,4609.44,16342.560000000001,3652.56,Credit Card,Express,170,1,Returned,Returned,4
O02631,C0020,P0118,2025-06-03,5,280,280.0,1120.0,132.0,Cash on Delivery,Standard,88,3,Delivered,No Return,3
O02632,C0333,P0100,2025-11-06,7,7859,6051.43,48961.57,13948.57,UPI,Same Day,209,0,Delivered,No Return,2
O02633,C0042,P0109,2026-03-21,7,819,802.62,4930.38,203.38,Credit Card,Express,114,2,Delivered,No Return,2
O02634,C0231,P0162,2026-04-05,1,5708,627.88,5080.12,1115.12,Net Banking,Same Day,250,1,Delivered,No Return,1
O02635,C0314,P0115,2026-03-30,9,1708,3228.12,12143.880000000001,-492.12,Credit Card,Standard,63,7,Delivered,No Return,5
O02636,C0479,P0160,2025-10-21,8,2859,3430.8,19441.2,687.2,Net Banking,Express,170,3,Returned,Returned,3
O02637,C0334,P0186,2026-01-04,9,2500,2700.0,19800.0,2352.0,Credit Card,Standard,78,3,Cancelled,No Return,4
O02638,C0325,P0203,2025-09-20,10,4865,4378.5,44271.5,9529.5,Debit Card,Express,132,3,Delivered,No Return,1
O02639,C0434,P0133,2025-12-29,7,846,0.0,5922.0,1987.0,UPI,Same Day,218,1,Delivered,No Return,5
O02640,C0373,P0037,2026-04-15,9,4335,7803.0,31212.0,8796.0,Debit Card,Standard,87,7,Cancelled,No Return,2
O02641,C0020,P0119,2026-02-14,1,2898,115.92,2782.08,404.08,Cash on Delivery,Same Day,285,1,Delivered,No Return,5
O02642,C0406,P0095,2025-06-07,5,2505,1628.25,10896.75,1352.75,Debit Card,Express,134,3,Delivered,No Return,2
O02643,C0381,P0043,2025-06-28,8,4925,1970.0,37430.0,6856.0,Credit Card,Standard,54,6,Delivered,No Return,5
O02644,C0325,P0196,2025-06-29,4,2968,593.6,11278.4,2772.4,Debit Card,Express,178,3,Delivered,No Return,4
O02645,C0055,P0165,2025-06-26,5,2842,4405.1,9804.9,-499.1,Cash on Delivery,Same Day,259,1,Delivered,No Return,5
O02646,C0411,P0030,2025-08-29,5,2656,1726.4,11553.6,3506.6,Debit Card,Express,157,2,Delivered,No Return,2
O02647,C0313,P0150,2026-03-24,7,203,184.73,1236.27,112.27,Debit Card,Express,158,3,Delivered,No Return,1
O02648,C0371,P0157,2026-02-07,6,3666,1539.72,20456.28,6835.28,Net Banking,Standard,85,7,Delivered,No Return,5
O02649,C0056,P0001,2026-01-02,7,5468,3062.08,35213.92,3739.92,Cash on Delivery,Express,121,2,Cancelled,No Return,2
O02650,C0179,P0079,2026-01-11,6,5618,1348.32,32359.68,6234.68,Debit Card,Same Day,277,0,Delivered,No Return,3
O02651,C0429,P0219,2025-12-06,2,914,201.08,1626.92,524.92,Debit Card,Standard,86,6,Delivered,No Return,1
O02652,C0031,P0023,2026-04-07,2,7317,1756.08,12877.92,4082.92,Credit Card,Standard,69,7,Delivered,No Return,4
O02653,C0035,P0069,2025-08-12,4,732,380.64,2547.36,512.36,Credit Card,Standard,87,4,Cancelled,No Return,5
O02654,C0061,P0190,2025-10-17,8,5515,1764.8,42355.2,11451.2,Credit Card,Standard,48,3,Delivered,No Return,5
O02655,C0410,P0131,2025-06-01,2,2477,396.32,4557.68,712.68,Credit Card,Standard,81,4,Delivered,No Return,1
O02656,C0372,P0104,2025-10-17,9,3932,3538.8,31849.2,11761.2,Debit Card,Standard,45,4,Delivered,No Return,4
O02657,C0279,P0015,2026-03-21,1,4156,706.52,3449.48,518.48,Debit Card,Standard,63,6,Delivered,No Return,5
O02658,C0431,P0066,2025-10-13,10,2503,2252.7,22777.3,2059.3,UPI,Standard,68,3,Returned,Returned,3
O02659,C0493,P0222,2025-07-05,8,3656,7019.52,22228.48,4476.48,Credit Card,Same Day,200,0,Delivered,No Return,2
O02660,C0233,P0214,2026-04-01,6,3317,4776.48,15125.52,-1165.48,UPI,Express,115,1,Delivered,No Return,1
O02661,C0334,P0138,2025-10-04,7,1269,444.15,8438.85,1561.85,Credit Card,Standard,87,6,Cancelled,No Return,2
O02662,C0468,P0201,2026-05-16,6,2475,445.5,14404.5,5157.5,Debit Card,Standard,73,5,Delivered,No Return,2
O02663,C0364,P0048,2026-03-05,6,7838,3762.24,43265.76,16227.76,Credit Card,Standard,80,4,Delivered,No Return,4
O02664,C0326,P0188,2025-06-23,7,899,2076.69,4216.3099999999995,488.31,Debit Card,Express,179,2,Delivered,No Return,4
O02665,C0091,P0129,2025-08-16,2,750,120.0,1380.0,468.0,UPI,Standard,44,5,Delivered,No Return,4
O02666,C0421,P0133,2025-10-08,5,846,0.0,4230.0,1489.0,Credit Card,Standard,86,5,Delivered,No Return,2
O02667,C0370,P0022,2025-06-06,3,828,223.56,2260.44,171.44,Debit Card,Standard,58,4,Returned,Returned,2
O02668,C0236,P0221,2026-04-03,7,3062,1286.04,20147.96,5898.96,Credit Card,Standard,53,3,Delivered,No Return,4
O02669,C0364,P0064,2025-06-02,1,6488,713.68,5774.32,1633.32,Credit Card,Standard,86,7,Delivered,No Return,2
O02670,C0327,P0198,2025-09-09,2,1662,99.72,3224.28,1091.28,UPI,Standard,55,3,Delivered,No Return,2
O02671,C0431,P0002,2025-07-05,7,7498,5248.6,47237.4,17140.4,UPI,Same Day,284,1,Delivered,No Return,5
O02672,C0323,P0204,2026-04-18,3,4692,1126.08,12949.92,3890.92,Debit Card,Standard,80,7,Delivered,No Return,3
O02673,C0348,P0122,2025-11-24,4,1327,796.2,4511.8,408.8,Net Banking,Standard,67,3,Delivered,No Return,3
O02674,C0460,P0047,2026-01-13,10,6767,8120.4,59549.6,10868.6,Debit Card,Standard,61,7,Delivered,No Return,1
O02675,C0424,P0093,2025-07-20,3,664,99.6,1892.4,543.4,Debit Card,Same Day,215,0,Delivered,No Return,4
O02676,C0013,P0180,2026-05-18,3,8100,3159.0,21141.0,7131.0,Cash on Delivery,Standard,42,5,Delivered,No Return,4
O02677,C0041,P0076,2025-10-11,1,194,7.76,186.24,-20.76,Debit Card,Standard,78,5,Delivered,No Return,4
O02678,C0199,P0026,2025-08-28,7,1204,674.24,7753.76,1915.76,Net Banking,Standard,84,3,Delivered,No Return,1
O02679,C0437,P0060,2025-07-06,9,1681,756.45,14372.55,2773.55,Net Banking,Express,178,1,Delivered,No Return,4
O02680,C0340,P0193,2025-08-13,7,6231,14829.78,28787.22,-4083.78,Net Banking,Express,167,3,Delivered,No Return,5
O02681,C0022,P0024,2025-12-18,6,7991,13904.34,34041.66,5610.66,Net Banking,Same Day,201,0,Delivered,No Return,2
O02682,C0198,P0179,2025-07-15,10,7966,5576.2,74083.8,28850.8,UPI,Standard,73,6,Delivered,No Return,5
O02683,C0390,P0049,2025-10-13,7,2596,2544.08,15627.92,799.92,Net Banking,Standard,65,6,Returned,Returned,4
O02684,C0143,P0152,2025-08-02,2,4983,896.94,9069.06,2069.06,Debit Card,Standard,74,6,Delivered,No Return,1
O02685,C0168,P0126,2025-08-01,2,6229,2865.34,9592.66,412.66,Cash on Delivery,Standard,72,3,Delivered,No Return,3
O02686,C0128,P0142,2026-01-16,2,4321,1037.04,7604.96,2254.96,Net Banking,Standard,46,4,Delivered,No Return,1
O02687,C0491,P0155,2025-12-17,9,5188,5136.12,41555.88,14964.88,Net Banking,Standard,86,3,Delivered,No Return,4
O02688,C0323,P0161,2025-06-19,9,5000,2700.0,42300.0,16382.0,Debit Card,Standard,43,3,Cancelled,No Return,4
O02689,C0181,P0171,2026-03-06,6,3470,1457.4,19362.6,5639.6,Cash on Delivery,Express,151,3,Delivered,No Return,5
O02690,C0401,P0009,2026-04-24,1,965,19.3,945.7,178.7,Net Banking,Standard,60,7,Delivered,No Return,1
O02691,C0327,P0173,2025-11-23,2,3487,1046.1,5927.9,888.9,UPI,Standard,81,6,Delivered,No Return,2
O02692,C0159,P0052,2025-10-09,6,5224,2820.96,28523.04,8765.04,Net Banking,Standard,54,5,Returned,Returned,4
O02693,C0231,P0094,2025-08-15,6,2619,3457.08,12256.92,2651.92,Net Banking,Same Day,215,1,Delivered,No Return,2
O02694,C0340,P0055,2025-08-21,2,2592,311.04,4872.96,1687.96,Net Banking,Standard,47,4,Delivered,No Return,4
O02695,C0313,P0120,2025-05-28,8,3123,1249.2,23734.8,5480.8,Debit Card,Standard,46,4,Delivered,No Return,4
O02696,C0188,P0016,2026-02-20,10,459,1147.5,3442.5,808.5,Credit Card,Standard,74,6,Delivered,No Return,4
O02697,C0096,P0160,2026-03-09,10,2859,4288.5,24301.5,1029.5,Debit Card,Standard,42,4,Delivered,No Return,5
O02698,C0478,P0044,2026-04-28,4,6666,2399.76,24264.239999999998,7785.24,UPI,Express,119,3,Delivered,No Return,4
O02699,C0229,P0066,2026-03-12,6,2503,1351.62,13666.380000000001,1199.38,Credit Card,Standard,77,7,Delivered,No Return,1
O02700,C0394,P0006,2025-12-13,10,2734,1913.8,25426.2,6136.2,Cash on Delivery,Standard,50,4,Delivered,No Return,4
O02701,C0220,P0044,2026-02-14,9,6666,5399.46,54594.54,17658.54,Net Banking,Express,126,1,Delivered,No Return,3
O02702,C0064,P0178,2025-11-13,1,3881,349.29,3531.71,853.71,Debit Card,Express,173,3,Delivered,No Return,3
O02703,C0149,P0037,2025-08-19,1,4335,867.0,3468.0,901.0,UPI,Standard,86,6,Returned,Returned,5
O02704,C0329,P0139,2026-01-25,5,7335,2200.5,34474.5,9783.5,Credit Card,Same Day,181,1,Delivered,No Return,5
O02705,C0083,P0086,2026-05-02,10,426,255.6,4004.4,1147.4,Net Banking,Standard,87,5,Delivered,No Return,2
O02706,C0214,P0209,2026-02-19,10,7780,1556.0,76244.0,29500.0,Credit Card,Standard,74,7,Returned,Returned,5
O02707,C0104,P0185,2026-02-12,3,4506,811.08,12706.92,2139.92,Cash on Delivery,Standard,70,5,Delivered,No Return,3
O02708,C0199,P0024,2025-10-23,1,7991,2317.39,5673.610000000001,728.61,Net Banking,Same Day,240,1,Delivered,No Return,5
O02709,C0323,P0107,2026-03-09,10,3023,1511.5,28718.5,8552.5,Debit Card,Standard,86,6,Delivered,No Return,4
O02710,C0484,P0061,2025-12-30,10,6547,5237.6,60232.4,15623.4,Credit Card,Same Day,279,1,Delivered,No Return,5
O02711,C0096,P0119,2026-05-02,3,2898,347.76,8346.24,2000.24,Debit Card,Standard,67,7,Delivered,No Return,4
O02712,C0188,P0007,2026-05-06,3,6448,6190.08,13153.92,214.92,Credit Card,Standard,90,6,Returned,Returned,3
O02713,C0057,P0162,2026-05-22,10,5708,6278.8,50801.2,13561.2,Credit Card,Standard,90,3,Delivered,No Return,1
O02714,C0026,P0167,2025-12-04,8,869,486.64,6465.36,539.36,Credit Card,Same Day,198,1,Delivered,No Return,1
O02715,C0013,P0222,2025-07-10,3,3656,2632.32,8335.68,1625.68,Cash on Delivery,Express,128,2,Delivered,No Return,3
O02716,C0339,P0058,2025-10-03,6,4201,504.12,24701.88,8373.88,UPI,Express,134,3,Delivered,No Return,1
O02717,C0323,P0044,2026-01-26,4,6666,2399.76,24264.239999999998,7845.24,Debit Card,Standard,59,4,Delivered,No Return,1
O02718,C0122,P0003,2025-07-24,6,1423,426.9,8111.1,1443.1,UPI,Express,152,3,Delivered,No Return,1
O02719,C0337,P0107,2025-07-09,8,3023,1209.2,22974.8,6810.8,Credit Card,Express,100,1,Delivered,No Return,4
O02720,C0370,P0060,2026-05-20,10,1681,840.5,15969.5,3202.5,Debit Card,Standard,77,5,Delivered,No Return,3
O02721,C0058,P0176,2025-11-22,4,7262,2033.36,27014.64,8316.64,Cash on Delivery,Standard,46,3,Delivered,No Return,1
O02722,C0356,P0202,2025-12-23,9,5174,2793.96,43772.04,15494.04,Debit Card,Standard,81,3,Returned,Returned,3
O02723,C0399,P0101,2025-07-07,9,464,459.36,3716.64,893.64,Debit Card,Express,168,1,Delivered,No Return,5
O02724,C0366,P0118,2026-02-10,4,280,224.0,896.0,45.0,Cash on Delivery,Express,131,1,Delivered,No Return,2
O02725,C0405,P0024,2025-11-13,8,7991,18539.12,45388.880000000005,7572.88,Net Banking,Express,176,2,Delivered,No Return,3
O02726,C0236,P0121,2025-05-23,2,591,141.84,1040.16,101.16,Credit Card,Standard,45,5,Delivered,No Return,3
O02727,C0211,P0150,2026-01-13,2,203,52.78,353.22,-28.78,UPI,Express,106,2,Cancelled,No Return,4
O02728,C0468,P0061,2025-11-07,2,6547,1047.52,12046.48,2958.48,Debit Card,Same Day,222,1,Delivered,No Return,4
O02729,C0097,P0052,2025-10-07,1,5224,470.16,4753.84,1384.84,Credit Card,Standard,85,4,Delivered,No Return,5
O02730,C0179,P0172,2026-02-21,3,3407,1022.1,9198.9,1134.9,Debit Card,Standard,81,5,Delivered,No Return,2
O02731,C0421,P0198,2025-08-09,10,1662,498.6,16121.4,5690.4,Credit Card,Standard,41,4,Delivered,No Return,3
O02732,C0453,P0180,2026-05-18,9,8100,9477.0,63423.0,21446.0,Credit Card,Standard,73,7,Delivered,No Return,2
O02733,C0371,P0101,2025-12-13,4,464,204.16,1651.84,269.84,Net Banking,Same Day,202,0,Delivered,No Return,5
O02734,C0249,P0157,2025-06-25,2,3666,513.24,6818.76,2236.76,UPI,Standard,70,6,Delivered,No Return,1
O02735,C0157,P0086,2026-04-07,1,426,25.56,400.44,71.44,UPI,Standard,52,5,Delivered,No Return,5
O02736,C0180,P0174,2025-07-25,8,6201,2480.4,47127.6,11361.6,Credit Card,Standard,62,5,Delivered,No Return,1
O02737,C0307,P0071,2025-06-26,9,1828,2467.8,13984.2,1954.2,UPI,Standard,42,6,Delivered,No Return,3
O02738,C0149,P0166,2025-11-01,5,1956,2738.4,7041.6,795.6,UPI,Standard,86,5,Returned,Returned,5
O02739,C0017,P0153,2026-04-22,4,1099,263.76,4132.24,1109.24,Debit Card,Standard,59,4,Delivered,No Return,1
O02740,C0353,P0091,2025-07-01,3,2647,0.0,7941.0,1470.0,Credit Card,Standard,75,6,Delivered,No Return,5
O02741,C0193,P0117,2026-01-30,7,1146,1042.86,6979.14,2082.14,Debit Card,Express,158,3,Delivered,No Return,5
O02742,C0278,P0197,2026-04-26,3,5094,458.46,14823.54,2578.54,Net Banking,Standard,59,5,Delivered,No Return,2
O02743,C0019,P0066,2026-03-20,8,2503,1802.16,18221.84,1536.84,Cash on Delivery,Express,165,2,Delivered,No Return,1
O02744,C0319,P0187,2025-11-25,10,7198,1439.6,70540.4,27439.4,Debit Card,Express,121,3,Delivered,No Return,2
O02745,C0009,P0101,2025-07-15,9,464,459.36,3716.64,972.64,Credit Card,Standard,89,7,Delivered,No Return,1
O02746,C0372,P0054,2026-02-09,9,4394,10281.96,29264.04,-3699.96,Debit Card,Standard,69,3,Delivered,No Return,4
O02747,C0151,P0087,2025-11-23,1,8418,505.08,7912.92,3070.92,Debit Card,Standard,50,7,Delivered,No Return,5
O02748,C0387,P0201,2025-06-17,2,2475,148.5,4801.5,1692.5,Cash on Delivery,Standard,51,4,Delivered,No Return,5
O02749,C0490,P0058,2025-06-24,3,4201,252.06,12350.94,4083.94,Debit Card,Express,170,3,Delivered,No Return,5
O02750,C0301,P0170,2025-07-09,5,2190,1204.5,9745.5,1693.5,Credit Card,Standard,42,5,Delivered,No Return,3
O02751,C0438,P0182,2025-09-21,6,3298,3561.84,16226.16,2124.16,Cash on Delivery,Same Day,290,0,Delivered,No Return,1
O02752,C0330,P0167,2026-03-20,4,869,243.32,3232.68,294.68,UPI,Standard,74,4,Delivered,No Return,5
O02753,C0106,P0144,2025-11-12,5,2605,911.75,12113.25,2578.25,Cash on Delivery,Standard,70,5,Delivered,No Return,2
O02754,C0167,P0194,2026-03-29,5,1650,907.5,7342.5,1434.5,Debit Card,Same Day,198,0,Delivered,No Return,2
O02755,C0364,P0014,2025-08-24,1,7602,380.1,7221.9,2435.9,Credit Card,Standard,40,5,Delivered,No Return,4
O02756,C0271,P0045,2026-01-04,4,3224,902.72,11993.28,2025.28,Debit Card,Standard,80,4,Delivered,No Return,5
O02757,C0259,P0067,2025-10-13,7,2552,893.2,16970.8,6347.8,UPI,Standard,46,3,Delivered,No Return,2
O02758,C0466,P0171,2026-02-10,7,3470,1700.3,22589.7,6700.7,UPI,Standard,55,5,Returned,Returned,1
O02759,C0050,P0196,2025-10-11,9,2968,1335.6,25376.4,6549.4,UPI,Standard,89,4,Delivered,No Return,3
O02760,C0096,P0075,2025-08-06,7,1199,1510.74,6882.26,121.26,Debit Card,Standard,83,7,Delivered,No Return,1
O02761,C0179,P0025,2026-02-01,6,5276,3165.6,28490.4,9739.4,Debit Card,Standard,49,4,Delivered,No Return,2
O02762,C0318,P0019,2025-06-25,6,7081,5948.04,36537.96,7926.96,UPI,Same Day,219,1,Delivered,No Return,5
O02763,C0351,P0040,2026-03-08,7,5107,2144.94,33604.06,9293.06,Net Banking,Express,140,2,Delivered,No Return,3
O02764,C0024,P0194,2026-03-13,3,1650,544.5,4405.5,924.5,Debit Card,Standard,55,7,Delivered,No Return,1
O02765,C0403,P0142,2025-12-19,9,4321,4666.68,34222.32,10276.32,Debit Card,Standard,78,3,Delivered,No Return,2
O02766,C0346,P0073,2026-01-15,4,5271,6746.88,14337.119999999999,776.12,Cash on Delivery,Same Day,265,1,Delivered,No Return,3
O02767,C0194,P0101,2026-03-03,1,464,51.04,412.96,54.96,Credit Card,Standard,63,3,Cancelled,No Return,2
O02768,C0013,P0102,2025-06-28,1,5734,802.76,4931.24,1177.24,Cash on Delivery,Express,132,2,Delivered,No Return,4
O02769,C0331,P0069,2026-05-21,10,732,951.6,6368.4,1422.4,UPI,Standard,76,7,Delivered,No Return,1
O02770,C0198,P0137,2025-07-20,7,3932,3027.64,24496.36,8850.36,UPI,Standard,50,3,Delivered,No Return,2
O02771,C0111,P0174,2025-12-27,2,6201,620.1,11781.9,2767.9,Debit Card,Standard,88,7,Returned,Returned,2
O02772,C0151,P0061,2025-11-04,3,6547,1571.28,18069.72,4719.72,Debit Card,Standard,51,4,Delivered,No Return,3
O02773,C0325,P0049,2025-08-07,5,2596,1817.2,11162.8,353.8,Debit Card,Same Day,264,1,Delivered,No Return,3
O02774,C0118,P0045,2025-07-31,1,3224,225.68,2998.32,282.32,Net Banking,Same Day,244,0,Delivered,No Return,5
O02775,C0159,P0134,2025-06-08,6,690,496.8,3643.2,937.2,Net Banking,Express,156,3,Delivered,No Return,2
O02776,C0356,P0066,2026-03-10,10,2503,2252.7,22777.3,2067.3,Debit Card,Standard,60,7,Delivered,No Return,3
O02777,C0331,P0217,2026-03-22,2,4041,646.56,7435.4400000000005,2584.44,UPI,Standard,47,7,Delivered,No Return,1
O02778,C0357,P0145,2026-04-27,7,6549,13752.9,32090.1,5308.1,Debit Card,Express,119,1,Delivered,No Return,4
O02779,C0198,P0144,2026-02-26,3,2605,547.05,7267.95,1469.95,UPI,Express,119,3,Delivered,No Return,4
O02780,C0301,P0185,2026-05-12,4,4506,1081.44,16942.56,2870.56,Credit Card,Standard,76,3,Delivered,No Return,1
O02781,C0250,P0099,2026-03-05,1,2876,57.52,2818.48,635.48,Cash on Delivery,Standard,45,4,Delivered,No Return,5
O02782,C0199,P0036,2025-09-05,9,7488,9434.88,57957.12,18542.12,Net Banking,Standard,40,7,Delivered,No Return,2
O02783,C0460,P0149,2026-05-15,8,4295,2748.8,31611.2,4931.2,Debit Card,Standard,80,3,Delivered,No Return,5
O02784,C0313,P0218,2026-02-05,7,626,657.3,3724.7,738.7,Debit Card,Standard,60,3,Returned,Returned,1
O02785,C0174,P0052,2025-07-31,7,5224,3291.12,33276.88,10018.88,Debit Card,Same Day,270,1,Delivered,No Return,3
O02786,C0302,P0133,2025-10-13,8,846,0.0,6768.0,2450.0,Net Banking,Standard,70,5,Delivered,No Return,1
O02787,C0240,P0105,2026-05-15,4,4619,369.52,18106.48,5380.48,Cash on Delivery,Express,178,3,Delivered,No Return,5
O02788,C0210,P0102,2025-08-27,9,5734,7224.84,44381.16,11486.16,Debit Card,Same Day,297,1,Delivered,No Return,5
O02789,C0088,P0221,2025-08-27,5,3062,918.6,14391.4,4191.4,Net Banking,Standard,60,4,Delivered,No Return,2
O02790,C0500,P0124,2026-02-14,6,7890,3787.2,43552.8,16677.8,Cash on Delivery,Express,121,2,Delivered,No Return,1
O02791,C0272,P0133,2026-05-19,8,846,0.0,6768.0,2467.0,Net Banking,Standard,53,7,Delivered,No Return,2
O02792,C0017,P0153,2025-08-26,3,1099,197.82,3099.18,816.18,Debit Card,Standard,60,3,Delivered,No Return,4
O02793,C0470,P0080,2026-04-24,9,7630,10300.5,58369.5,19833.5,Debit Card,Standard,43,6,Delivered,No Return,5
O02794,C0117,P0110,2026-01-23,6,6219,2611.98,34702.02,10855.02,Cash on Delivery,Express,117,2,Delivered,No Return,5
O02795,C0463,P0216,2025-06-19,10,3133,0.0,31330.0,10542.0,Credit Card,Standard,68,7,Delivered,No Return,5
O02796,C0210,P0034,2025-11-15,1,5437,652.44,4784.5599999999995,1023.56,Debit Card,Standard,61,4,Delivered,No Return,3
O02797,C0108,P0183,2025-05-24,6,1443,259.74,8398.26,2490.26,Debit Card,Standard,58,3,Delivered,No Return,5
O02798,C0170,P0117,2026-04-27,4,1146,595.92,3988.08,1215.08,Credit Card,Standard,65,3,Delivered,No Return,4
O02799,C0271,P0162,2026-03-22,2,5708,1255.76,10160.24,2675.24,Debit Card,Standard,55,6,Delivered,No Return,1
O02800,C0199,P0042,2025-07-18,2,3239,2267.3,4210.7,399.7,Net Banking,Standard,71,7,Delivered,No Return,3
O02801,C0444,P0010,2025-12-07,10,5781,5781.0,52029.0,11206.0,UPI,Standard,43,3,Delivered,No Return,4
O02802,C0181,P0044,2026-01-14,1,6666,599.94,6066.0599999999995,1923.06,Cash on Delivery,Standard,53,5,Delivered,No Return,4
O02803,C0456,P0196,2025-09-29,9,2968,1335.6,25376.4,6446.4,UPI,Same Day,192,1,Delivered,No Return,4
O02804,C0112,P0142,2026-05-22,6,4321,3111.12,22814.88,6657.88,Debit Card,Same Day,245,0,Delivered,No Return,3
O02805,C0246,P0218,2026-04-07,2,626,187.8,1064.2,172.2,Credit Card,Standard,56,6,Delivered,No Return,5
O02806,C0053,P0145,2025-12-16,4,6549,7858.8,18337.2,2952.2,Net Banking,Express,149,1,Delivered,No Return,4
O02807,C0119,P0061,2025-11-30,6,6547,3142.56,36139.44,9484.44,Debit Card,Standard,57,5,Delivered,No Return,3
O02808,C0071,P0060,2025-07-03,5,1681,420.25,7984.75,1575.75,Debit Card,Standard,64,7,Delivered,No Return,3
O02809,C0346,P0084,2025-08-19,8,6457,6715.28,44940.72,8564.72,Cash on Delivery,Standard,64,4,Delivered,No Return,2
O02810,C0473,P0128,2026-05-15,5,2737,684.25,13000.75,3708.75,Debit Card,Same Day,262,1,Delivered,No Return,3
O02811,C0497,P0067,2026-04-19,10,2552,1276.0,24244.0,9061.0,Debit Card,Standard,73,4,Cancelled,No Return,2
O02812,C0340,P0072,2026-03-29,5,7190,3235.5,32714.5,7903.5,Net Banking,Express,161,1,Delivered,No Return,3
O02813,C0261,P0157,2025-09-11,8,3666,2052.96,27275.04,9167.04,Credit Card,Standard,60,6,Delivered,No Return,5
O02814,C0236,P0164,2025-08-26,6,4179,1755.18,23318.82,7053.82,Credit Card,Standard,41,7,Delivered,No Return,3
O02815,C0077,P0090,2025-07-21,8,1252,400.64,9615.36,2903.36,UPI,Standard,40,6,Delivered,No Return,2
O02816,C0410,P0127,2025-09-05,6,6609,6741.18,32912.82,5997.82,Credit Card,Express,107,2,Delivered,No Return,1
O02817,C0172,P0216,2025-11-08,10,3133,0.0,31330.0,10380.0,Credit Card,Same Day,230,0,Delivered,No Return,5
O02818,C0131,P0178,2026-03-16,3,3881,1047.87,10595.130000000001,2862.13,Cash on Delivery,Same Day,218,1,Delivered,No Return,4
O02819,C0096,P0107,2026-03-18,3,3023,453.45,8615.55,2531.55,Debit Card,Standard,60,5,Delivered,No Return,5
O02820,C0143,P0077,2026-01-01,5,5552,4164.0,23596.0,5388.0,Debit Card,Express,138,2,Delivered,No Return,1
O02821,C0020,P0009,2026-03-21,10,965,193.0,9457.0,2336.0,Cash on Delivery,Standard,51,7,Delivered,No Return,5
O02822,C0383,P0009,2026-01-25,5,965,96.5,4728.5,1116.5,UPI,Standard,77,5,Delivered,No Return,1
O02823,C0019,P0025,2025-07-31,7,5276,3693.2,33238.8,11362.8,Cash on Delivery,Standard,57,5,Delivered,No Return,2
O02824,C0368,P0099,2026-01-15,2,2876,115.04,5636.96,1206.96,Credit Card,Express,154,1,Delivered,No Return,5
O02825,C0146,P0219,2025-07-27,8,914,804.32,6507.68,2338.68,Net Banking,Express,105,2,Delivered,No Return,4
O02826,C0492,P0181,2025-06-11,8,4500,3600.0,32400.0,5813.0,Debit Card,Standard,43,6,Delivered,No Return,2
O02827,C0111,P0098,2025-11-16,10,6571,9199.4,56510.6,14953.6,Debit Card,Express,157,3,Delivered,No Return,4
O02828,C0214,P0094,2025-08-10,9,2619,5185.62,18385.38,4242.38,Credit Card,Standard,58,3,Delivered,No Return,3
O02829,C0196,P0086,2025-11-14,3,426,76.68,1201.32,283.32,Cash on Delivery,Standard,87,3,Delivered,No Return,4
O02830,C0366,P0149,2025-10-08,7,4295,2405.2,27659.8,4326.8,Cash on Delivery,Standard,58,3,Delivered,No Return,3
O02831,C0117,P0047,2025-07-03,7,6767,5684.28,41684.72,7608.72,Cash on Delivery,Standard,42,4,Delivered,No Return,5
O02832,C0109,P0195,2025-09-20,3,6087,5660.91,12600.09,-747.91,Cash on Delivery,Standard,88,5,Delivered,No Return,1
O02833,C0330,P0060,2025-08-24,1,1681,84.05,1596.95,204.95,UPI,Express,123,2,Delivered,No Return,2
O02834,C0173,P0013,2025-11-15,10,6597,3958.2,62011.8,15104.8,Cash on Delivery,Express,107,3,Delivered,No Return,5
O02835,C0479,P0124,2025-08-18,2,7890,1262.4,14517.6,5463.6,Net Banking,Express,136,3,Cancelled,No Return,2
O02836,C0148,P0147,2025-06-04,9,2350,7191.0,13959.0,-82.0,Cash on Delivery,Express,145,3,Delivered,No Return,2
O02837,C0410,P0018,2025-11-10,2,1528,244.48,2811.52,674.52,Credit Card,Standard,41,7,Delivered,No Return,2
O02838,C0479,P0068,2025-08-27,1,4482,986.04,3495.96,-49.04,Net Banking,Standard,42,4,Delivered,No Return,1
O02839,C0449,P0040,2026-04-10,3,5107,919.26,14401.74,3871.74,Debit Card,Express,171,2,Delivered,No Return,2
O02840,C0059,P0084,2025-11-14,1,6457,839.41,5617.59,1012.59,Cash on Delivery,Standard,66,6,Cancelled,No Return,2
O02841,C0404,P0124,2025-10-11,10,7890,6312.0,72588.0,27953.0,UPI,Standard,45,5,Delivered,No Return,4
O02842,C0329,P0151,2026-02-27,2,3540,2053.2,5026.8,542.8,Credit Card,Standard,70,7,Delivered,No Return,2
O02843,C0432,P0071,2025-06-04,5,1828,1371.0,7769.0,979.0,Net Banking,Express,130,3,Delivered,No Return,4
O02844,C0250,P0171,2026-01-07,10,3470,2429.0,32271.0,9610.0,Cash on Delivery,Standard,41,4,Delivered,No Return,5
O02845,C0167,P0014,2025-08-07,7,7602,2660.7,50553.3,17285.3,Debit Card,Standard,46,7,Delivered,No Return,5
O02846,C0348,P0111,2025-11-17,2,4343,260.58,8425.42,2818.42,Net Banking,Standard,45,7,Delivered,No Return,5
O02847,C0096,P0201,2025-10-24,8,2475,594.0,19206.0,6706.0,Debit Card,Same Day,268,1,Delivered,No Return,2
O02848,C0261,P0099,2025-06-25,2,2876,115.04,5636.96,1229.96,Credit Card,Express,131,2,Delivered,No Return,3
O02849,C0351,P0142,2025-07-01,6,4321,3111.12,22814.88,6843.88,Net Banking,Standard,59,5,Delivered,No Return,2
O02850,C0257,P0167,2026-02-28,7,869,425.81,5657.19,582.19,Cash on Delivery,Standard,63,5,Delivered,No Return,5
O02851,C0360,P0073,2025-12-20,4,5271,6746.88,14337.119999999999,982.12,Net Banking,Standard,59,4,Delivered,No Return,4
O02852,C0157,P0148,2025-06-23,9,3494,0.0,31446.0,13001.0,UPI,Standard,40,6,Delivered,No Return,5
O02853,C0170,P0158,2026-02-16,5,4981,7471.5,17433.5,-3226.5,Credit Card,Standard,65,5,Delivered,No Return,3
O02854,C0431,P0038,2026-02-14,5,5758,3742.7,25047.3,1694.3,UPI,Standard,63,4,Delivered,No Return,4
O02855,C0217,P0209,2025-09-02,9,7780,1400.4,68619.6,26572.6,Debit Card,Standard,44,4,Returned,Returned,3
O02856,C0201,P0120,2026-05-15,7,3123,1093.05,20767.95,4752.95,UPI,Standard,83,3,Returned,Returned,5
O02857,C0040,P0050,2025-12-28,1,4133,1405.22,2727.7799999999997,-360.22,Cash on Delivery,Express,168,1,Delivered,No Return,3
O02858,C0033,P0220,2025-11-28,6,7303,4381.8,39436.2,10104.2,UPI,Same Day,250,1,Delivered,No Return,2
O02859,C0280,P0188,2026-05-07,7,899,2076.69,4216.3099999999995,540.31,Cash on Delivery,Express,127,1,Delivered,No Return,1
O02860,C0067,P0041,2025-10-06,8,6032,12064.0,36192.0,4037.0,Cash on Delivery,Standard,51,4,Cancelled,No Return,1
O02861,C0340,P0076,2026-02-07,4,194,31.04,744.96,-40.04,Net Banking,Same Day,269,0,Delivered,No Return,3
O02862,C0100,P0136,2026-02-15,4,6244,2747.36,22228.64,5575.64,Net Banking,Standard,81,4,Delivered,No Return,3
O02863,C0266,P0181,2025-07-05,3,4500,1350.0,12150.0,2138.0,Debit Card,Standard,58,4,Delivered,No Return,3
O02864,C0183,P0193,2026-01-06,2,6231,4237.08,8224.92,-1238.08,Net Banking,Express,119,2,Delivered,No Return,1
O02865,C0500,P0063,2026-01-12,8,1723,964.88,12819.12,4746.12,Cash on Delivery,Standard,57,3,Returned,Returned,2
O02866,C0036,P0036,2026-03-06,5,7488,5241.6,32198.4,10275.4,Credit Card,Standard,48,7,Delivered,No Return,5
O02867,C0253,P0189,2025-05-23,10,804,2572.8,5467.2,422.2,Credit Card,Express,155,3,Delivered,No Return,5
O02868,C0017,P0195,2026-02-03,9,6087,16982.73,37800.270000000004,-2038.73,Debit Card,Standard,59,5,Delivered,No Return,3
O02869,C0210,P0015,2026-01-07,10,4156,7065.2,34494.8,5677.8,Debit Card,Express,137,2,Delivered,No Return,4
O02870,C0135,P0090,2025-05-31,7,1252,350.56,8413.44,2492.44,Debit Card,Standard,83,7,Delivered,No Return,1
O02871,C0328,P0039,2025-07-02,9,4933,4883.67,39513.33,13642.33,Debit Card,Same Day,257,0,Delivered,No Return,4
O02872,C0192,P0121,2025-06-02,6,591,425.52,3120.48,258.48,Net Banking,Same Day,180,1,Delivered,No Return,4
O02873,C0404,P0204,2025-12-11,5,4692,1876.8,21583.2,6470.2,UPI,Express,148,2,Delivered,No Return,2
O02874,C0065,P0199,2026-02-04,5,3906,390.6,19139.4,5191.4,Net Banking,Standard,78,6,Delivered,No Return,5
O02875,C0179,P0092,2025-06-07,1,4115,41.15,4073.85,1466.85,Debit Card,Same Day,195,1,Delivered,No Return,4
O02876,C0284,P0200,2025-12-28,8,7049,7330.96,49061.04,16498.04,Credit Card,Express,171,3,Delivered,No Return,3
O02877,C0170,P0067,2025-12-02,10,2552,1276.0,24244.0,9050.0,Credit Card,Standard,84,5,Delivered,No Return,5
O02878,C0367,P0101,2026-05-01,5,464,255.2,2064.8,505.8,Net Banking,Standard,84,3,Cancelled,No Return,4
O02879,C0421,P0061,2026-05-11,9,6547,4713.84,54209.16,14272.16,Credit Card,Standard,40,4,Delivered,No Return,3
O02880,C0397,P0119,2026-02-11,2,2898,231.84,5564.16,1315.16,Net Banking,Standard,63,6,Delivered,No Return,2
O02881,C0461,P0188,2025-05-26,7,899,2076.69,4216.3099999999995,504.31,UPI,Express,163,3,Delivered,No Return,1
O02882,C0171,P0010,2025-07-10,3,5781,1734.3,15608.7,3286.7,Debit Card,Standard,88,3,Delivered,No Return,2
O02883,C0438,P0111,2025-09-01,7,4343,912.03,29488.97,9968.97,Cash on Delivery,Standard,53,5,Delivered,No Return,4
O02884,C0327,P0098,2025-07-29,6,6571,5519.64,33906.36,9025.36,UPI,Standard,41,4,Returned,Returned,5
O02885,C0307,P0081,2026-03-07,3,6621,1787.67,18075.33,5871.33,UPI,Express,174,1,Delivered,No Return,5
O02886,C0225,P0118,2026-03-25,8,280,448.0,1792.0,309.0,Net Banking,Standard,43,5,Delivered,No Return,5
O02887,C0049,P0092,2026-03-25,8,4115,329.2,32590.8,13234.8,Credit Card,Standard,60,7,Returned,Returned,5
O02888,C0233,P0176,2025-05-28,4,7262,2033.36,27014.64,8300.64,UPI,Standard,62,5,Delivered,No Return,2
O02889,C0337,P0053,2025-10-06,1,1082,119.02,962.98,89.98,Credit Card,Same Day,234,1,Delivered,No Return,2
O02890,C0173,P0068,2025-06-11,4,4482,3944.16,13983.84,-107.16,Cash on Delivery,Standard,79,3,Delivered,No Return,5
O02891,C0335,P0170,2025-10-31,2,2190,481.8,3898.2,641.2,Cash on Delivery,Standard,53,6,Delivered,No Return,2
O02892,C0438,P0062,2025-09-16,10,3173,317.3,31412.7,5429.7,Cash on Delivery,Standard,83,6,Delivered,No Return,1
O02893,C0396,P0068,2025-12-16,6,4482,5916.24,20975.760000000002,-164.24,Cash on Delivery,Express,122,2,Delivered,No Return,2
O02894,C0198,P0131,2025-10-01,2,2477,396.32,4557.68,737.68,UPI,Standard,56,3,Delivered,No Return,2
O02895,C0439,P0107,2025-06-25,1,3023,151.15,2871.85,817.85,Debit Card,Standard,46,4,Delivered,No Return,1
O02896,C0461,P0215,2025-12-01,2,3517,211.02,6822.98,1184.98,UPI,Express,132,2,Delivered,No Return,1
O02897,C0100,P0127,2025-09-20,7,6609,7864.71,38398.29,7032.29,Net Banking,Standard,90,3,Delivered,No Return,2
O02898,C0256,P0101,2025-06-13,1,464,51.04,412.96,77.96,Net Banking,Standard,40,4,Delivered,No Return,3
O02899,C0421,P0036,2025-06-13,1,7488,1048.32,6439.68,2017.68,Credit Card,Standard,47,5,Delivered,No Return,3
O02900,C0121,P0024,2025-09-12,4,7991,9269.56,22694.440000000002,3705.44,Debit Card,Express,169,3,Delivered,No Return,3
O02901,C0267,P0042,2026-03-09,8,3239,9069.2,16842.8,1828.8,Credit Card,Standard,54,4,Returned,Returned,3
O02902,C0294,P0011,2026-05-09,5,2292,343.8,11116.2,1895.2,Debit Card,Standard,66,7,Delivered,No Return,5
O02903,C0445,P0149,2025-12-02,9,4295,3092.4,35562.6,5574.6,Net Banking,Standard,63,4,Returned,Returned,4
O02904,C0389,P0221,2025-05-31,4,3062,734.88,11513.12,3277.12,Debit Card,Express,124,3,Delivered,No Return,4
O02905,C0111,P0025,2026-02-08,7,5276,3693.2,33238.8,11372.8,Debit Card,Standard,47,4,Delivered,No Return,3
O02906,C0115,P0047,2025-11-16,9,6767,7308.36,53594.64,9763.64,Debit Card,Standard,73,4,Delivered,No Return,1
O02907,C0275,P0155,2025-07-16,1,5188,570.68,4617.32,1616.32,Credit Card,Standard,56,4,Delivered,No Return,4
O02908,C0495,P0152,2025-08-02,6,4983,2690.82,27207.18,6258.18,Net Banking,Express,171,3,Delivered,No Return,2
O02909,C0460,P0091,2026-03-16,7,2647,0.0,18529.0,3564.0,Debit Card,Standard,41,6,Delivered,No Return,2
O02910,C0159,P0192,2025-10-02,8,1872,1347.84,13628.16,2589.16,Net Banking,Standard,63,6,Delivered,No Return,3
O02911,C0194,P0130,2025-10-26,7,487,443.17,2965.83,247.83,Credit Card,Standard,51,4,Cancelled,No Return,2
O02912,C0149,P0065,2025-09-19,3,4692,3659.76,10416.24,521.24,UPI,Express,166,2,Delivered,No Return,3
O02913,C0236,P0100,2026-05-14,6,7859,5186.94,41967.06,12094.06,Credit Card,Standard,41,4,Delivered,No Return,2
O02914,C0063,P0028,2026-04-17,1,6457,451.99,6005.01,1110.01,Net Banking,Standard,77,5,Delivered,No Return,3
O02915,C0125,P0043,2025-08-26,7,4925,1723.75,32751.25,5983.25,Cash on Delivery,Standard,63,4,Returned,Returned,3
O02916,C0023,P0008,2025-08-21,5,5727,2290.8,26344.2,7796.2,Net Banking,Standard,53,4,Delivered,No Return,5
O02917,C0346,P0016,2025-12-18,9,459,1032.75,3098.25,693.25,Cash on Delivery,Express,101,3,Delivered,No Return,5
O02918,C0331,P0160,2026-02-17,3,2859,1286.55,7290.45,261.45,UPI,Standard,60,7,Delivered,No Return,4
O02919,C0199,P0216,2025-10-05,5,3133,0.0,15665.0,5235.0,Net Banking,Standard,70,6,Delivered,No Return,3
O02920,C0151,P0012,2025-10-02,8,328,341.12,2282.88,228.88,Debit Card,Standard,78,6,Delivered,No Return,3
O02921,C0231,P0068,2025-09-04,7,4482,6902.28,24471.72,-107.28,Net Banking,Standard,58,7,Delivered,No Return,2
O02922,C0492,P0139,2026-05-06,8,7335,3520.8,55159.2,15884.2,Debit Card,Standard,59,6,Delivered,No Return,1
O02923,C0272,P0198,2026-05-10,8,1662,398.88,12897.12,4507.12,Net Banking,Standard,78,5,Delivered,No Return,3
O02924,C0125,P0212,2026-02-22,5,3787,757.4,18177.6,6846.6,Cash on Delivery,Standard,56,5,Delivered,No Return,4
O02925,C0495,P0048,2025-06-04,6,7838,3762.24,43265.76,16256.76,Net Banking,Standard,51,3,Delivered,No Return,3
O02926,C0300,P0006,2026-01-07,10,2734,1913.8,25426.2,6142.2,UPI,Standard,44,5,Delivered,No Return,2
O02927,C0143,P0196,2025-12-01,9,2968,1335.6,25376.4,6575.4,Debit Card,Standard,63,6,Delivered,No Return,5
O02928,C0357,P0062,2025-07-03,4,3173,126.92,12565.08,2157.08,Debit Card,Standard,48,5,Delivered,No Return,4
O02929,C0386,P0204,2026-03-17,6,4692,2252.16,25899.84,7854.84,UPI,Standard,87,7,Delivered,No Return,2
O02930,C0249,P0159,2025-08-22,3,1877,732.03,4898.97,100.97,UPI,Same Day,259,0,Delivered,No Return,1
O02931,C0200,P0048,2026-03-10,7,7838,4389.28,50476.72,18888.72,Cash on Delivery,Express,137,3,Returned,Returned,3
O02932,C0239,P0077,2026-04-21,8,5552,6662.4,37753.6,8775.6,UPI,Standard,66,5,Delivered,No Return,4
O02933,C0410,P0061,2025-06-06,6,6547,3142.56,36139.44,9461.44,Credit Card,Standard,80,5,Delivered,No Return,2
O02934,C0267,P0012,2026-01-10,6,328,255.84,1712.16,160.16,Credit Card,Standard,70,4,Delivered,No Return,3
O02935,C0026,P0150,2026-03-17,5,203,131.95,883.05,151.05,Credit Card,Standard,42,6,Delivered,No Return,2
O02936,C0376,P0070,2025-06-25,7,3336,4203.36,19148.64,4330.64,Cash on Delivery,Standard,48,3,Cancelled,No Return,1
O02937,C0198,P0006,2026-03-07,8,2734,1531.04,20340.96,4895.96,UPI,Standard,53,6,Delivered,No Return,5
O02938,C0236,P0032,2026-01-23,7,4088,2575.44,26040.56,7580.56,Credit Card,Standard,57,6,Delivered,No Return,1
O02939,C0083,P0094,2025-07-22,3,2619,1728.54,6128.46,1344.46,Net Banking,Standard,89,5,Delivered,No Return,3
O02940,C0446,P0101,2025-12-30,7,464,357.28,2890.7200000000003,742.72,UPI,Standard,83,4,Delivered,No Return,5
O02941,C0021,P0134,2025-08-15,1,690,82.8,607.2,110.2,Net Banking,Standard,72,3,Delivered,No Return,2
O02942,C0291,P0085,2025-09-20,4,1052,210.4,3997.6,1369.6,Debit Card,Express,108,1,Delivered,No Return,3
O02943,C0109,P0162,2025-12-17,7,5708,4395.16,35560.84,9494.84,Cash on Delivery,Standard,61,4,Cancelled,No Return,4
O02944,C0257,P0045,2026-03-30,10,3224,2256.8,29983.2,5209.2,Cash on Delivery,Standard,54,6,Delivered,No Return,2
O02945,C0484,P0112,2025-12-10,10,4468,2234.0,42446.0,14929.0,Credit Card,Standard,77,6,Returned,Returned,4
O02946,C0090,P0021,2026-01-01,6,4876,2340.48,26915.52,4148.52,Debit Card,Standard,87,5,Delivered,No Return,1
O02947,C0118,P0086,2025-09-25,5,426,127.8,2002.2,541.2,Net Banking,Standard,76,5,Delivered,No Return,1
O02948,C0033,P0152,2026-03-24,5,4983,2242.35,22672.65,5276.65,UPI,Standard,81,7,Delivered,No Return,1
O02949,C0220,P0075,2026-04-01,2,1199,431.64,1966.3600000000001,-9.64,Net Banking,Standard,68,3,Delivered,No Return,4
O02950,C0294,P0074,2026-05-11,2,3946,631.36,7260.64,1617.64,Debit Card,Same Day,247,0,Delivered,No Return,3
O02951,C0233,P0005,2025-12-19,9,676,0.0,6084.0,1356.0,UPI,Same Day,183,1,Delivered,No Return,5
O02952,C0182,P0204,2025-07-14,9,4692,3378.24,38849.76,11829.76,Credit Card,Standard,83,3,Delivered,No Return,3
O02953,C0476,P0198,2026-03-12,2,1662,99.72,3224.28,1044.28,UPI,Express,102,3,Delivered,No Return,2
O02954,C0460,P0036,2025-11-18,10,7488,10483.2,64396.8,20570.8,Debit Card,Standard,76,5,Delivered,No Return,1
O02955,C0291,P0037,2026-01-15,5,4335,4335.0,17340.0,4800.0,Debit Card,Express,135,2,Delivered,No Return,2
O02956,C0438,P0026,2026-05-15,2,1204,192.64,2215.36,391.36,Cash on Delivery,Express,180,3,Returned,Returned,3
O02957,C0266,P0186,2026-02-07,9,2500,2700.0,19800.0,2350.0,Debit Card,Standard,80,3,Delivered,No Return,3
O02958,C0209,P0163,2026-01-17,4,743,29.72,2942.28,762.28,UPI,Standard,52,4,Delivered,No Return,4
O02959,C0138,P0036,2026-03-18,5,7488,5241.6,32198.4,10258.4,UPI,Standard,65,4,Delivered,No Return,2
O02960,C0056,P0005,2026-02-12,8,676,0.0,5408.0,1216.0,Cash on Delivery,Express,152,1,Delivered,No Return,3
O02961,C0321,P0080,2026-01-26,2,7630,2289.0,12971.0,4362.0,UPI,Standard,55,6,Delivered,No Return,3
O02962,C0443,P0039,2025-08-21,7,4933,3798.41,30732.59,10749.59,Credit Card,Standard,61,4,Delivered,No Return,5
O02963,C0323,P0103,2025-06-23,7,7245,9128.7,41586.3,11670.3,Debit Card,Standard,47,5,Delivered,No Return,3
O02964,C0174,P0054,2025-05-22,1,4394,1142.44,3251.56,-516.44,Debit Card,Express,113,3,Delivered,No Return,3
O02965,C0017,P0108,2025-10-06,10,738,1254.6,6125.4,1829.4,Debit Card,Standard,56,7,Delivered,No Return,1
O02966,C0163,P0085,2025-06-05,6,1052,315.6,5996.4,2153.4,Net Banking,Standard,63,7,Returned,Returned,5
O02967,C0017,P0029,2026-02-23,10,6069,6069.0,54621.0,20778.0,Debit Card,Standard,53,7,Delivered,No Return,2
O02968,C0083,P0118,2025-10-25,9,280,504.0,2016.0,222.0,Net Banking,Express,174,2,Delivered,No Return,5
O02969,C0360,P0029,2026-03-29,5,6069,3034.5,27310.5,10268.5,Net Banking,Express,147,2,Delivered,No Return,2
O02970,C0320,P0215,2025-07-01,1,3517,105.51,3411.49,460.49,Cash on Delivery,Same Day,198,0,Delivered,No Return,4
O02971,C0435,P0179,2026-05-19,5,7966,2788.1,37041.9,14379.9,Debit Card,Standard,82,3,Delivered,No Return,4
O02972,C0461,P0197,2026-03-05,1,5094,152.82,4941.18,814.18,UPI,Standard,65,7,Delivered,No Return,1
O02973,C0132,P0193,2026-05-18,10,6231,21185.4,41124.6,-5890.4,Net Banking,Same Day,295,0,Delivered,No Return,3
O02974,C0470,P0129,2025-11-08,2,750,120.0,1380.0,407.0,Debit Card,Express,105,2,Delivered,No Return,5
O02975,C0209,P0003,2025-07-25,5,1423,355.75,6759.25,1257.25,UPI,Standard,72,7,Delivered,No Return,3
O02976,C0468,P0118,2026-04-18,2,280,112.0,448.0,37.0,Debit Card,Standard,51,3,Delivered,No Return,4
O02977,C0360,P0024,2025-11-16,5,7991,11586.95,28368.05,4731.05,Net Banking,Express,112,2,Delivered,No Return,4
O02978,C0027,P0139,2025-06-21,3,7335,1320.3,20684.7,5865.7,Cash on Delivery,Express,113,3,Delivered,No Return,5
O02979,C0276,P0111,2026-02-14,9,4343,1172.61,37914.39,12772.39,Cash on Delivery,Express,113,3,Delivered,No Return,3
O02980,C0162,P0067,2026-04-16,3,2552,382.8,7273.2,2670.2,UPI,Standard,70,3,Delivered,No Return,3
O02981,C0210,P0073,2025-10-29,2,5271,3373.44,7168.5599999999995,432.56,Debit Card,Standard,88,7,Delivered,No Return,4
O02982,C0233,P0023,2025-05-31,10,7317,8780.4,64389.6,20718.6,UPI,Standard,41,4,Delivered,No Return,2
O02983,C0250,P0065,2025-08-30,3,4692,3659.76,10416.24,528.24,Cash on Delivery,Express,159,3,Delivered,No Return,2
O02984,C0131,P0104,2025-12-09,6,3932,2359.2,21232.8,7830.8,Cash on Delivery,Standard,40,6,Delivered,No Return,5
O02985,C0284,P0163,2025-12-24,5,743,37.15,3677.85,863.85,Credit Card,Express,154,3,Delivered,No Return,3
O02986,C0104,P0046,2025-12-11,6,1689,1216.08,8917.92,2169.92,Cash on Delivery,Standard,88,7,Delivered,No Return,3
O02987,C0497,P0170,2025-08-08,5,2190,1204.5,9745.5,1669.5,Debit Card,Standard,66,4,Delivered,No Return,5
O02988,C0437,P0023,2025-11-29,1,7317,878.04,6438.96,1847.96,Net Banking,Same Day,228,0,Delivered,No Return,2
O02989,C0109,P0111,2025-09-29,2,4343,260.58,8425.42,2813.42,Cash on Delivery,Standard,50,5,Cancelled,No Return,2
O02990,C0361,P0073,2025-07-07,4,5271,6746.88,14337.119999999999,823.12,Credit Card,Same Day,218,1,Delivered,No Return,5
O02991,C0271,P0180,2025-07-23,9,8100,9477.0,63423.0,21339.0,Debit Card,Express,180,1,Delivered,No Return,4
O02992,C0055,P0068,2025-10-17,6,4482,5916.24,20975.760000000002,-108.24,Cash on Delivery,Standard,66,5,Delivered,No Return,5
O02993,C0439,P0189,2025-09-04,9,804,2315.52,4920.48,447.48,Debit Card,Standard,72,5,Delivered,No Return,4
O02994,C0097,P0205,2026-01-31,4,3938,1260.16,14491.84,4781.84,Credit Card,Standard,46,7,Delivered,No Return,3
O02995,C0280,P0076,2025-08-09,5,194,38.8,931.2,238.2,Cash on Delivery,Standard,48,7,Delivered,No Return,5
O02996,C0275,P0031,2025-06-15,9,5801,4698.81,47510.19,11923.19,Credit Card,Same Day,181,1,Delivered,No Return,1
O02997,C0387,P0195,2025-06-16,6,6087,11321.82,25200.18,-1371.82,Cash on Delivery,Standard,52,4,Delivered,No Return,2
O02998,C0208,P0130,2025-06-24,4,487,253.24,1694.76,101.76,Debit Card,Standard,69,3,Delivered,No Return,2
O02999,C0160,P0168,2025-07-24,3,3397,2547.75,7643.25,483.25,Debit Card,Express,158,3,Delivered,No Return,3
O03000,C0357,P0146,2026-05-05,8,6308,0.0,50464.0,17585.0,Debit Card,Standard,55,4,Delivered,No Return,1
O03001,C0079,P0052,2025-10-18,7,5224,3291.12,33276.88,10165.88,UPI,Express,123,1,Delivered,No Return,3
O03002,C0495,P0216,2026-04-27,9,3133,0.0,28197.0,9380.0,Net Banking,Express,169,2,Delivered,No Return,3
O03003,C0042,P0004,2026-03-12,9,2253,2027.7,18249.3,1771.3,Credit Card,Standard,89,6,Delivered,No Return,5
O03004,C0026,P0171,2026-05-15,6,3470,1457.4,19362.6,5531.6,Credit Card,Same Day,259,1,Delivered,No Return,3
O03005,C0263,P0177,2026-05-13,1,3681,368.1,3312.9,715.9,Net Banking,Express,159,1,Delivered,No Return,1
O03006,C0410,P0220,2026-03-03,7,7303,5112.1,46008.9,11954.9,Credit Card,Express,125,2,Delivered,No Return,5
O03007,C0163,P0004,2025-05-22,4,2253,901.2,8110.8,736.8,Net Banking,Standard,90,6,Delivered,No Return,4
O03008,C0117,P0143,2025-12-23,3,3320,597.6,9362.4,1961.4,Cash on Delivery,Standard,54,4,Delivered,No Return,4
O03009,C0009,P0020,2026-05-19,7,3746,3408.86,22813.14,1794.14,Credit Card,Express,152,3,Delivered,No Return,2
O03010,C0288,P0084,2025-11-20,5,6457,4197.05,28087.95,5147.95,Credit Card,Same Day,245,0,Delivered,No Return,1
O03011,C0484,P0084,2025-12-15,3,6457,2518.23,16852.77,3154.77,Credit Card,Standard,81,7,Returned,Returned,1
O03012,C0214,P0177,2025-10-23,3,3681,1104.3,9938.7,2547.7,Credit Card,Standard,77,6,Delivered,No Return,2
O03013,C0034,P0092,2025-08-10,1,4115,41.15,4073.85,1375.85,Credit Card,Same Day,286,0,Returned,Returned,3
O03014,C0197,P0097,2025-11-06,10,5139,6166.8,45223.2,13011.2,Debit Card,Standard,42,4,Delivered,No Return,1
O03015,C0010,P0210,2025-06-23,1,3846,384.6,3461.4,810.4,Cash on Delivery,Standard,62,7,Returned,Returned,1
O03016,C0383,P0051,2025-09-07,9,4297,2320.38,36352.62,14107.62,UPI,Standard,69,3,Delivered,No Return,5
O03017,C0363,P0096,2025-11-21,4,170,61.2,618.8,99.8,Net Banking,Standard,59,5,Delivered,No Return,5
O03018,C0214,P0157,2026-02-06,8,3666,2052.96,27275.04,9179.04,Credit Card,Standard,48,6,Delivered,No Return,5
O03019,C0362,P0030,2026-01-15,7,2656,2416.96,16175.04,5078.04,UPI,Standard,51,4,Delivered,No Return,2
O03020,C0269,P0021,2025-06-18,10,4876,3900.8,44859.2,6853.2,UPI,Same Day,206,0,Delivered,No Return,1
O03021,C0348,P0076,2026-05-10,4,194,31.04,744.96,182.96,Net Banking,Standard,46,4,Delivered,No Return,2
O03022,C0259,P0147,2025-10-01,1,2350,799.0,1551.0,-159.0,UPI,Express,166,1,Delivered,No Return,1
O03023,C0057,P0179,2025-12-03,7,7966,3903.34,51858.66,20188.66,Credit Card,Standard,58,4,Delivered,No Return,5
O03024,C0007,P0216,2025-08-09,8,3133,0.0,25064.0,8405.0,Credit Card,Standard,83,4,Delivered,No Return,4
O03025,C0495,P0065,2025-10-23,6,4692,7319.52,20832.48,1308.48,Net Banking,Standard,66,3,Delivered,No Return,3
O03026,C0245,P0050,2025-11-19,8,4133,11241.76,21822.239999999998,-1830.76,Debit Card,Same Day,293,1,Delivered,No Return,4
O03027,C0368,P0217,2026-01-27,2,4041,646.56,7435.4400000000005,2585.44,Credit Card,Standard,46,3,Cancelled,No Return,5
O03028,C0352,P0036,2025-07-22,10,7488,10483.2,64396.8,20571.8,Debit Card,Standard,75,7,Delivered,No Return,2
O03029,C0119,P0183,2025-10-14,10,1443,432.9,13997.1,4163.1,Debit Card,Standard,84,7,Delivered,No Return,1
O03030,C0357,P0030,2026-02-14,9,2656,3107.52,20796.48,6522.48,Debit Card,Standard,72,6,Delivered,No Return,5
O03031,C0429,P0049,2026-04-23,5,2596,1817.2,11162.8,554.8,Debit Card,Standard,63,3,Delivered,No Return,1
O03032,C0060,P0213,2026-01-08,2,6781,3661.74,9900.26,1518.26,Credit Card,Standard,74,7,Delivered,No Return,1
O03033,C0217,P0040,2025-12-16,7,5107,2144.94,33604.06,9392.06,Debit Card,Standard,41,5,Delivered,No Return,2
O03034,C0057,P0062,2025-10-12,5,3173,158.65,15706.35,2681.35,Credit Card,Standard,75,3,Delivered,No Return,3
O03035,C0314,P0041,2026-01-30,8,6032,12064.0,36192.0,4008.0,Credit Card,Standard,80,7,Delivered,No Return,2
O03036,C0438,P0168,2026-05-03,5,3397,4246.25,12738.75,994.75,Cash on Delivery,Standard,74,3,Delivered,No Return,3
O03037,C0301,P0148,2026-05-19,7,3494,0.0,24458.0,10103.0,Credit Card,Standard,40,5,Delivered,No Return,2
O03038,C0022,P0220,2025-07-22,2,7303,1460.6,13145.4,3300.4,Net Banking,Express,151,1,Delivered,No Return,2
O03039,C0163,P0099,2025-09-27,8,2876,460.16,22547.84,5285.84,Net Banking,Express,158,2,Delivered,No Return,1
O03040,C0436,P0170,2026-03-23,2,2190,481.8,3898.2,629.2,Cash on Delivery,Standard,65,3,Delivered,No Return,5
O03041,C0330,P0121,2026-02-14,2,591,141.84,1040.16,-17.84,UPI,Express,164,1,Returned,Returned,5
O03042,C0391,P0118,2026-05-10,7,280,392.0,1568.0,254.0,Cash on Delivery,Standard,54,5,Delivered,No Return,4
O03043,C0492,P0029,2025-06-22,2,6069,1213.8,10924.2,4088.2,Debit Card,Standard,78,6,Delivered,No Return,2
O03044,C0050,P0171,2026-01-31,8,3470,1943.2,25816.8,7648.8,UPI,Standard,72,3,Delivered,No Return,2
O03045,C0259,P0116,2025-07-20,2,3102,1488.96,4715.04,848.04,UPI,Standard,67,7,Delivered,No Return,4
O03046,C0344,P0207,2025-12-24,4,944,302.08,3473.92,794.92,Credit Card,Standard,51,3,Delivered,No Return,5
O03047,C0500,P0161,2025-11-05,9,5000,2700.0,42300.0,16379.0,Cash on Delivery,Standard,46,5,Delivered,No Return,4
O03048,C0181,P0099,2025-11-22,2,2876,115.04,5636.96,1159.96,Cash on Delivery,Same Day,201,0,Returned,Returned,5
O03049,C0463,P0157,2025-12-12,8,3666,2052.96,27275.04,9149.04,Credit Card,Standard,78,4,Delivered,No Return,1
O03050,C0386,P0089,2025-10-20,5,6139,6445.95,24249.05,1985.05,UPI,Standard,69,3,Delivered,No Return,2
O03051,C0349,P0081,2025-12-03,7,6621,4171.23,42175.770000000004,14016.77,Cash on Delivery,Standard,89,7,Delivered,No Return,5
O03052,C0191,P0072,2026-04-01,9,7190,5823.9,58886.1,14428.1,Cash on Delivery,Standard,88,7,Delivered,No Return,4
O03053,C0443,P0213,2025-08-10,2,6781,3661.74,9900.26,1511.26,Credit Card,Standard,81,3,Delivered,No Return,1
O03054,C0461,P0018,2025-07-09,10,1528,1222.4,14057.6,3505.6,UPI,Standard,72,3,Delivered,No Return,4
O03055,C0086,P0006,2026-03-23,2,2734,382.76,5085.24,1190.24,Credit Card,Standard,47,4,Delivered,No Return,4
O03056,C0263,P0204,2025-06-23,2,4692,750.72,8633.28,2569.28,Net Banking,Standard,78,3,Cancelled,No Return,1
O03057,C0405,P0111,2026-04-04,8,4343,1042.32,33701.68,11399.68,Net Banking,Standard,54,7,Delivered,No Return,1
O03058,C0324,P0097,2026-01-09,6,5139,3700.08,27133.92,7756.92,Net Banking,Standard,75,7,Delivered,No Return,1
O03059,C0104,P0055,2025-09-12,1,2592,155.52,2436.48,811.48,Cash on Delivery,Standard,56,5,Delivered,No Return,5
O03060,C0009,P0092,2026-02-05,6,4115,246.9,24443.1,9881.1,Credit Card,Standard,90,6,Delivered,No Return,3
O03061,C0042,P0011,2025-05-28,8,2292,550.08,17785.92,3007.92,Credit Card,Express,130,1,Delivered,No Return,4
O03062,C0199,P0079,2026-05-18,2,5618,449.44,10786.56,2001.56,Net Banking,Express,169,1,Delivered,No Return,4
O03063,C0465,P0082,2025-11-24,9,1777,1439.37,14553.630000000001,4948.63,UPI,Express,173,2,Delivered,No Return,4
O03064,C0275,P0165,2025-07-03,6,2842,5286.12,11765.880000000001,-360.12,Credit Card,Standard,72,6,Delivered,No Return,3
O03065,C0400,P0206,2025-08-17,5,3236,1941.6,14238.4,4450.4,UPI,Standard,63,6,Delivered,No Return,2
O03066,C0474,P0179,2025-09-17,2,7966,1115.24,14816.76,5632.76,Net Banking,Express,152,1,Returned,Returned,4
O03067,C0066,P0092,2026-02-28,5,4115,205.75,20369.25,8062.25,Net Banking,Same Day,247,0,Delivered,No Return,1
O03068,C0291,P0153,2025-11-04,5,1099,329.7,5165.3,1272.3,Debit Card,Same Day,188,1,Delivered,No Return,2
O03069,C0260,P0185,2026-02-17,1,4506,270.36,4235.64,646.64,Credit Card,Standard,90,3,Delivered,No Return,3
O03070,C0049,P0200,2026-01-14,2,7049,1832.74,12265.26,4104.26,Credit Card,Standard,63,5,Delivered,No Return,2
O03071,C0445,P0169,2025-09-03,1,2170,260.4,1909.6,599.6,Net Banking,Standard,70,4,Delivered,No Return,3
O03072,C0175,P0220,2025-12-16,1,7303,730.3,6572.7,1623.7,Cash on Delivery,Express,102,2,Delivered,No Return,1
O03073,C0043,P0103,2025-08-13,7,7245,9128.7,41586.3,11673.3,UPI,Standard,44,4,Delivered,No Return,5
O03074,C0353,P0050,2026-01-11,1,4133,1405.22,2727.7799999999997,-232.22,Credit Card,Standard,40,4,Delivered,No Return,2
O03075,C0277,P0193,2026-01-03,7,6231,14829.78,28787.22,-3992.78,Credit Card,Standard,76,5,Delivered,No Return,3
O03076,C0053,P0029,2026-02-17,8,6069,4855.2,43696.8,16372.8,Net Banking,Same Day,292,0,Delivered,No Return,3
O03077,C0308,P0020,2025-06-20,6,3746,2921.88,19554.12,1384.12,Debit Card,Same Day,284,0,Delivered,No Return,2
O03078,C0134,P0086,2026-02-11,9,426,230.04,3603.96,1049.96,Credit Card,Standard,61,4,Delivered,No Return,3
O03079,C0400,P0071,2025-06-16,8,1828,2193.6,12430.4,1704.4,UPI,Standard,70,5,Delivered,No Return,2
O03080,C0236,P0190,2026-01-19,4,5515,882.4,21177.6,5663.6,Credit Card,Standard,86,5,Delivered,No Return,5
O03081,C0310,P0096,2026-05-16,6,170,91.8,928.2,198.2,Net Banking,Standard,40,3,Returned,Returned,1
O03082,C0346,P0163,2025-06-22,4,743,29.72,2942.28,771.28,Cash on Delivery,Standard,43,4,Delivered,No Return,3
O03083,C0291,P0124,2026-04-14,2,7890,1262.4,14517.6,5553.6,Debit Card,Standard,46,3,Delivered,No Return,3
O03084,C0142,P0031,2025-12-03,7,5801,3654.63,36952.37,9327.37,UPI,Standard,87,4,Delivered,No Return,4
O03085,C0011,P0039,2026-04-05,6,4933,3255.78,26342.22,9178.22,Net Banking,Standard,88,5,Delivered,No Return,3
O03086,C0463,P0106,2025-08-18,7,3913,2191.28,25199.72,2647.72,Credit Card,Standard,40,7,Delivered,No Return,4
O03087,C0487,P0189,2025-06-12,8,804,2058.24,4373.76,385.76,Credit Card,Standard,76,7,Delivered,No Return,3
O03088,C0465,P0186,2025-06-09,3,2500,900.0,6600.0,755.0,UPI,Standard,55,3,Delivered,No Return,4
O03089,C0026,P0171,2026-01-21,8,3470,1943.2,25816.8,7657.8,Credit Card,Standard,63,5,Delivered,No Return,1
O03090,C0218,P0016,2025-10-25,7,459,803.25,2409.75,562.75,Debit Card,Standard,55,7,Delivered,No Return,4
O03091,C0043,P0142,2026-03-30,8,4321,4148.16,30419.84,9050.84,UPI,Express,153,3,Delivered,No Return,4
O03092,C0097,P0160,2025-07-06,1,2859,428.85,2430.15,-29.85,Credit Card,Express,137,1,Delivered,No Return,4
O03093,C0329,P0057,2025-09-07,3,1654,645.06,4316.9400000000005,144.94,Credit Card,Same Day,269,0,Cancelled,No Return,2
O03094,C0264,P0118,2025-06-07,5,280,280.0,1120.0,154.0,Cash on Delivery,Standard,66,5,Delivered,No Return,1
O03095,C0280,P0194,2025-12-29,1,1650,181.5,1468.5,281.5,Cash on Delivery,Standard,45,6,Delivered,No Return,5
O03096,C0204,P0165,2025-07-09,7,2842,6167.14,13726.86,-384.14,UPI,Standard,48,6,Delivered,No Return,4
O03097,C0050,P0082,2025-06-09,9,1777,1439.37,14553.630000000001,4948.63,UPI,Express,173,2,Delivered,No Return,4
O03098,C0195,P0026,2026-04-12,7,1204,674.24,7753.76,1932.76,Credit Card,Standard,67,3,Delivered,No Return,3
O03099,C0423,P0172,2026-03-24,1,3407,340.7,3066.3,321.3,Credit Card,Standard,84,7,Delivered,No Return,1
O03100,C0353,P0039,2025-12-23,1,4933,542.63,4390.37,1482.37,Credit Card,Standard,62,5,Delivered,No Return,2
O03101,C0359,P0110,2026-04-18,3,6219,1305.99,17351.01,5419.01,Debit Card,Standard,67,6,Delivered,No Return,5
O03102,C0140,P0129,2025-06-18,5,750,300.0,3450.0,1207.0,Net Banking,Standard,73,7,Delivered,No Return,4
O03103,C0301,P0127,2026-01-19,10,6609,11235.3,54854.7,10132.7,Credit Card,Standard,42,5,Delivered,No Return,4
O03104,C0325,P0198,2026-05-16,7,1662,349.02,11284.98,3951.98,Debit Card,Standard,60,4,Delivered,No Return,4
O03105,C0031,P0029,2025-10-27,3,6069,1820.7,16386.3,6183.3,Credit Card,Standard,66,3,Delivered,No Return,1
O03106,C0475,P0210,2026-03-31,4,3846,1538.4,13845.6,3418.6,Credit Card,Standard,71,5,Cancelled,No Return,2
O03107,C0334,P0217,2025-07-09,2,4041,646.56,7435.4400000000005,2576.44,Credit Card,Standard,55,3,Delivered,No Return,4
O03108,C0063,P0073,2025-10-05,8,5271,13493.76,28674.239999999998,1974.24,Net Banking,Express,108,2,Delivered,No Return,3
O03109,C0132,P0091,2025-10-13,5,2647,0.0,13235.0,2491.0,Net Banking,Standard,84,6,Delivered,No Return,1
O03110,C0106,P0058,2025-05-31,6,4201,504.12,24701.88,8466.88,Cash on Delivery,Standard,41,6,Delivered,No Return,4
O03111,C0149,P0142,2026-01-23,5,4321,2592.6,19012.4,5689.4,UPI,Standard,63,3,Delivered,No Return,4
O03112,C0083,P0218,2025-09-08,9,626,845.1,4788.9,971.9,Net Banking,Standard,55,6,Delivered,No Return,3
O03113,C0417,P0187,2026-02-27,10,7198,1439.6,70540.4,27497.4,Net Banking,Standard,63,6,Returned,Returned,4
O03114,C0127,P0147,2025-07-03,3,2350,2397.0,4653.0,-66.0,Cash on Delivery,Standard,87,4,Delivered,No Return,2
O03115,C0255,P0092,2025-10-26,7,4115,288.05,28516.95,11586.95,Net Banking,Standard,46,3,Delivered,No Return,1
O03116,C0110,P0100,2025-09-23,3,7859,2593.47,20983.53,6016.53,Cash on Delivery,Standard,51,6,Returned,Returned,4
O03117,C0404,P0002,2026-02-15,1,7498,749.8,6748.2,2410.2,UPI,Standard,79,3,Returned,Returned,3
O03118,C0381,P0027,2026-02-13,1,831,16.62,814.38,257.38,Credit Card,Standard,88,3,Cancelled,No Return,1
O03119,C0231,P0047,2026-03-31,8,6767,6496.32,47639.68,8664.68,Net Banking,Standard,79,7,Returned,Returned,4
O03120,C0265,P0080,2025-08-11,8,7630,9156.0,51884.0,17626.0,UPI,Standard,42,6,Delivered,No Return,1
O03121,C0209,P0169,2025-07-15,9,2170,2343.6,17186.4,5966.4,UPI,Standard,60,4,Delivered,No Return,3
O03122,C0195,P0044,2025-05-24,10,6666,5999.4,60660.6,19690.6,Credit Card,Standard,70,3,Delivered,No Return,1
O03123,C0040,P0064,2026-05-11,6,6488,4282.08,34645.92,10246.92,Cash on Delivery,Standard,69,7,Delivered,No Return,1
O03124,C0236,P0067,2025-12-30,3,2552,382.8,7273.2,2691.2,Credit Card,Standard,49,7,Delivered,No Return,2
O03125,C0364,P0089,2025-09-25,10,6139,12891.9,48498.1,4063.1,Credit Card,Standard,45,5,Delivered,No Return,3
O03126,C0477,P0027,2025-09-13,5,831,83.1,4071.9,1542.9,UPI,Same Day,184,0,Delivered,No Return,1
O03127,C0346,P0045,2026-01-13,8,3224,1805.44,23986.56,4156.56,Cash on Delivery,Standard,54,4,Delivered,No Return,5
O03128,C0313,P0131,2026-04-14,6,2477,1188.96,13673.04,2330.04,Debit Card,Standard,51,6,Delivered,No Return,5
O03129,C0232,P0141,2025-07-22,2,7462,298.48,14625.52,4601.52,Debit Card,Express,168,2,Returned,Returned,1
O03130,C0257,P0149,2025-07-29,2,4295,687.2,7902.8,1205.8,Cash on Delivery,Standard,47,4,Delivered,No Return,1
O03131,C0239,P0207,2025-05-25,1,944,75.52,868.48,167.48,UPI,Standard,44,4,Delivered,No Return,3
O03132,C0148,P0077,2025-06-24,3,5552,2498.4,14157.6,3122.6,Cash on Delivery,Same Day,193,1,Delivered,No Return,1
O03133,C0236,P0156,2025-08-07,6,6933,1663.92,39934.08,12621.08,Credit Card,Standard,67,7,Delivered,No Return,5
O03134,C0439,P0069,2026-02-05,6,732,570.96,3821.04,773.04,Debit Card,Express,126,2,Delivered,No Return,4
O03135,C0194,P0092,2026-02-06,8,4115,329.2,32590.8,13215.8,Credit Card,Standard,79,3,Delivered,No Return,4
O03136,C0044,P0175,2026-05-09,7,1304,1277.92,7850.08,1507.08,Cash on Delivery,Standard,64,7,Delivered,No Return,2
O03137,C0191,P0136,2025-09-08,3,6244,2060.52,16671.48,4199.48,Cash on Delivery,Standard,43,6,Delivered,No Return,2
O03138,C0259,P0142,2026-05-01,2,4321,1037.04,7604.96,2242.96,UPI,Standard,58,5,Delivered,No Return,1
O03139,C0412,P0022,2026-05-02,9,828,670.68,6781.32,607.32,Debit Card,Standard,81,3,Delivered,No Return,2
O03140,C0278,P0033,2026-04-28,1,3673,293.84,3379.16,437.16,Net Banking,Standard,53,4,Delivered,No Return,3
O03141,C0057,P0120,2026-02-22,9,3123,1405.35,26701.65,6134.65,Credit Card,Standard,83,5,Delivered,No Return,1
O03142,C0005,P0119,2026-01-03,9,2898,1043.28,25038.72,6120.72,Net Banking,Standard,81,4,Delivered,No Return,4
O03143,C0356,P0091,2025-09-20,2,2647,0.0,5294.0,986.0,Debit Card,Standard,44,4,Delivered,No Return,5
O03144,C0471,P0205,2025-05-22,9,3938,2835.36,32606.64,10794.64,Credit Card,Standard,68,4,Delivered,No Return,1
O03145,C0168,P0079,2026-03-27,2,5618,449.44,10786.56,2030.56,Cash on Delivery,Express,140,2,Delivered,No Return,5
O03146,C0034,P0066,2026-03-12,6,2503,1351.62,13666.380000000001,1211.38,Credit Card,Standard,65,4,Delivered,No Return,2
O03147,C0132,P0214,2026-04-11,7,3317,5572.56,17646.44,-1278.56,Net Banking,Standard,53,3,Delivered,No Return,2
O03148,C0476,P0173,2026-02-23,8,3487,4184.4,23711.6,3795.6,UPI,Standard,84,3,Delivered,No Return,5
O03149,C0223,P0072,2026-01-29,7,7190,4529.7,45800.3,11218.3,Cash on Delivery,Standard,72,7,Delivered,No Return,1
O03150,C0465,P0183,2025-12-27,4,1443,173.16,5598.84,1617.84,UPI,Standard,81,3,Returned,Returned,2
O03151,C0191,P0199,2025-11-16,5,3906,390.6,19139.4,5151.4,Cash on Delivery,Express,118,1,Cancelled,No Return,5
O03152,C0229,P0147,2025-07-09,8,2350,6392.0,12408.0,-118.0,Credit Card,Express,174,3,Delivered,No Return,5
O03153,C0022,P0215,2025-12-08,7,3517,738.57,23880.43,4340.43,Net Banking,Same Day,269,0,Delivered,No Return,4
O03154,C0026,P0192,2025-09-18,5,1872,842.4,8517.6,1599.6,Credit Card,Standard,58,5,Delivered,No Return,3
O03155,C0281,P0154,2025-11-23,6,6972,1673.28,40158.72,14546.72,Net Banking,Standard,58,3,Delivered,No Return,3
O03156,C0323,P0033,2026-03-22,5,3673,1469.2,16895.8,2323.8,Debit Card,Express,127,2,Delivered,No Return,3
O03157,C0397,P0126,2026-02-13,3,6229,4298.01,14388.99,485.99,Net Banking,Same Day,241,1,Returned,Returned,3
O03158,C0113,P0076,2026-05-01,7,194,54.32,1303.68,325.68,Cash on Delivery,Standard,75,4,Delivered,No Return,5
O03159,C0434,P0144,2025-08-22,5,2605,911.75,12113.25,2559.25,UPI,Standard,89,4,Delivered,No Return,4
O03160,C0057,P0053,2025-05-31,1,1082,119.02,962.98,263.98,Credit Card,Standard,60,6,Delivered,No Return,2
O03161,C0060,P0136,2026-03-30,8,6244,5494.72,44457.28,11230.28,Credit Card,Standard,83,4,Delivered,No Return,3
O03162,C0128,P0121,2025-11-29,4,591,283.68,2080.32,60.32,Net Banking,Same Day,232,1,Delivered,No Return,2
O03163,C0394,P0005,2025-12-10,7,676,0.0,4732.0,1050.0,Cash on Delivery,Express,147,3,Returned,Returned,2
O03164,C0144,P0032,2025-11-07,8,4088,2943.36,29760.64,8656.64,Cash on Delivery,Standard,72,5,Delivered,No Return,5
O03165,C0304,P0193,2025-09-13,10,6231,21185.4,41124.6,-5825.4,Debit Card,Same Day,230,1,Delivered,No Return,1
O03166,C0002,P0085,2026-04-07,7,1052,368.2,6995.8,2496.8,Cash on Delivery,Standard,89,4,Delivered,No Return,5
O03167,C0033,P0128,2025-06-11,5,2737,684.25,13000.75,3918.75,UPI,Standard,52,5,Delivered,No Return,5
O03168,C0143,P0108,2025-09-20,2,738,250.92,1225.08,319.08,Debit Card,Standard,58,5,Delivered,No Return,3
O03169,C0195,P0184,2025-12-21,3,953,514.62,2344.38,13.38,Credit Card,Standard,69,6,Delivered,No Return,4
O03170,C0018,P0085,2025-09-13,7,1052,368.2,6995.8,2545.8,Net Banking,Standard,40,5,Returned,Returned,4
O03171,C0379,P0099,2025-09-30,5,2876,287.6,14092.4,3352.4,UPI,Standard,50,5,Delivered,No Return,3
O03172,C0412,P0200,2025-06-01,9,7049,8247.33,55193.67,18667.67,Debit Card,Standard,85,3,Delivered,No Return,1
O03173,C0055,P0051,2025-11-16,5,4297,1289.1,20195.9,7793.9,Cash on Delivery,Standard,82,7,Delivered,No Return,2
O03174,C0395,P0037,2025-06-19,5,4335,4335.0,17340.0,4874.0,Debit Card,Standard,61,4,Cancelled,No Return,3
O03175,C0328,P0173,2026-01-04,3,3487,1569.15,8891.85,1391.85,Debit Card,Standard,63,7,Delivered,No Return,1
O03176,C0228,P0218,2025-12-13,8,626,751.2,4256.8,852.8,Net Banking,Standard,60,6,Returned,Returned,4
O03177,C0057,P0005,2025-08-02,10,676,0.0,6760.0,1657.0,Credit Card,Standard,53,3,Delivered,No Return,1
O03178,C0012,P0201,2026-01-14,6,2475,445.5,14404.5,5006.5,Debit Card,Same Day,224,0,Delivered,No Return,3
O03179,C0236,P0019,2025-10-28,4,7081,3965.36,24358.64,5347.64,Credit Card,Standard,83,5,Delivered,No Return,1
O03180,C0323,P0005,2025-08-31,2,676,0.0,1352.0,265.0,Debit Card,Standard,77,6,Delivered,No Return,3
O03181,C0026,P0185,2025-08-21,3,4506,811.08,12706.92,2157.92,Credit Card,Standard,52,6,Delivered,No Return,5
O03182,C0500,P0149,2026-05-05,6,4295,2061.6,23708.4,3714.4,Cash on Delivery,Standard,44,6,Delivered,No Return,5
O03183,C0096,P0087,2025-11-20,4,8418,2020.32,31651.68,12440.68,Debit Card,Standard,43,6,Delivered,No Return,4
O03184,C0279,P0173,2025-10-03,7,3487,3661.35,20747.65,3333.65,Debit Card,Standard,61,6,Delivered,No Return,2
O03185,C0250,P0077,2026-01-27,10,5552,8328.0,47192.0,10993.0,Cash on Delivery,Standard,59,7,Delivered,No Return,1
O03186,C0272,P0117,2026-02-17,5,1146,744.9,4985.1,1510.1,Net Banking,Standard,90,7,Delivered,No Return,1
O03187,C0369,P0052,2025-12-05,10,5224,4701.6,47538.4,14658.4,Cash on Delivery,Standard,40,7,Delivered,No Return,5
O03188,C0170,P0049,2026-04-24,8,2596,2907.52,17860.48,916.48,Credit Card,Standard,72,6,Delivered,No Return,4
O03189,C0472,P0178,2026-05-11,3,3881,1047.87,10595.130000000001,2990.13,Credit Card,Standard,90,6,Delivered,No Return,1
O03190,C0135,P0067,2025-09-18,7,2552,893.2,16970.8,6241.8,Debit Card,Express,152,1,Delivered,No Return,1
O03191,C0334,P0089,2026-04-16,2,6139,2578.38,9699.619999999999,746.62,Credit Card,Standard,75,3,Delivered,No Return,3
O03192,C0239,P0050,2026-01-29,10,4133,14052.2,27277.8,-1984.2,UPI,Standard,62,5,Delivered,No Return,2
O03193,C0178,P0159,2025-09-18,6,1877,1464.06,9797.94,658.94,Net Banking,Standard,61,7,Delivered,No Return,4
O03194,C0359,P0124,2025-05-31,6,7890,3787.2,43552.8,16714.8,Debit Card,Standard,84,7,Delivered,No Return,4
O03195,C0500,P0172,2025-09-13,2,3407,681.4,6132.6,722.6,Cash on Delivery,Standard,88,4,Delivered,No Return,1
O03196,C0096,P0161,2025-06-06,4,5000,1200.0,18800.0,7251.0,Debit Card,Standard,49,5,Delivered,No Return,3
O03197,C0238,P0032,2026-05-13,3,4088,1103.76,11160.24,3053.24,UPI,Same Day,220,1,Delivered,No Return,2
O03198,C0356,P0057,2025-05-27,1,1654,215.02,1438.98,-45.02,Debit Card,Same Day,183,1,Delivered,No Return,5
O03199,C0376,P0105,2025-09-04,2,4619,184.76,9053.24,2660.24,Cash on Delivery,Express,119,2,Delivered,No Return,1
O03200,C0302,P0128,2025-07-10,1,2737,136.85,2600.15,733.15,Net Banking,Standard,61,3,Delivered,No Return,5
O03201,C0440,P0186,2025-09-01,7,2500,2100.0,15400.0,1801.0,Debit Card,Standard,89,7,Delivered,No Return,4
O03202,C0164,P0159,2026-02-24,9,1877,2196.09,14696.91,1001.91,Net Banking,Standard,78,5,Delivered,No Return,2
O03203,C0342,P0115,2025-11-04,2,1708,717.36,2698.64,-293.36,Cash on Delivery,Same Day,198,0,Returned,Returned,1
O03204,C0269,P0153,2025-06-04,10,1099,659.4,10330.6,2755.6,UPI,Express,165,1,Returned,Returned,3
O03205,C0218,P0206,2026-05-21,3,3236,1164.96,8543.04,2662.04,Debit Card,Standard,46,3,Delivered,No Return,5
O03206,C0182,P0161,2026-03-03,5,5000,1500.0,23500.0,9045.0,Credit Card,Standard,80,4,Cancelled,No Return,1
O03207,C0318,P0218,2025-08-26,2,626,187.8,1064.2,168.2,UPI,Standard,60,3,Delivered,No Return,3
O03208,C0307,P0129,2025-08-23,3,750,180.0,2070.0,657.0,UPI,Express,111,2,Cancelled,No Return,4
O03209,C0090,P0188,2026-01-07,3,899,890.01,1806.99,232.99,Debit Card,Standard,53,7,Cancelled,No Return,2
O03210,C0407,P0016,2026-04-20,6,459,688.5,2065.5,446.5,Credit Card,Standard,83,3,Delivered,No Return,2
O03211,C0425,P0081,2026-03-28,4,6621,2383.56,24100.44,7974.44,UPI,Standard,86,5,Returned,Returned,2
O03212,C0454,P0115,2025-12-11,8,1708,2869.44,10794.56,-636.44,Credit Card,Same Day,255,0,Delivered,No Return,3
O03213,C0093,P0164,2026-04-14,6,4179,1755.18,23318.82,7035.82,Debit Card,Standard,59,7,Delivered,No Return,2
O03214,C0043,P0088,2025-07-04,5,599,419.3,2575.7,212.7,UPI,Standard,78,5,Delivered,No Return,2
O03215,C0181,P0080,2026-01-03,1,7630,1144.5,6485.5,2146.5,Cash on Delivery,Standard,62,7,Cancelled,No Return,1
O03216,C0493,P0115,2026-01-20,8,1708,2869.44,10794.56,-434.44,Credit Card,Standard,53,7,Delivered,No Return,2
O03217,C0255,P0106,2025-10-19,10,3913,3130.4,35999.6,3760.6,Net Banking,Standard,79,3,Delivered,No Return,5
O03218,C0487,P0189,2025-12-22,10,804,2572.8,5467.2,491.2,Credit Card,Standard,86,4,Returned,Returned,2
O03219,C0356,P0010,2025-06-15,5,5781,2890.5,26014.5,5568.5,Debit Card,Standard,56,3,Delivered,No Return,5
O03220,C0195,P0204,2025-12-30,7,4692,2627.52,30216.48,9181.48,Credit Card,Standard,84,6,Delivered,No Return,2
O03221,C0443,P0218,2026-04-06,6,626,563.4,3192.6,601.6,Credit Card,Standard,83,5,Delivered,No Return,4
O03222,C0479,P0111,2025-07-24,1,4343,130.29,4212.71,1300.71,Net Banking,Express,131,3,Delivered,No Return,2
O03223,C0183,P0041,2025-05-22,7,6032,10556.0,31668.0,3515.0,Net Banking,Standard,62,7,Delivered,No Return,1
O03224,C0191,P0044,2025-11-14,1,6666,599.94,6066.0599999999995,1910.06,Cash on Delivery,Standard,66,7,Delivered,No Return,4
O03225,C0143,P0154,2025-11-14,10,6972,2788.8,66931.2,24193.2,Debit Card,Express,148,3,Delivered,No Return,5
O03226,C0386,P0059,2025-08-30,7,7395,3105.9,48659.1,13899.1,UPI,Standard,89,5,Delivered,No Return,5
O03227,C0325,P0124,2026-01-27,2,7890,1262.4,14517.6,5521.6,Debit Card,Standard,78,5,Delivered,No Return,1
O03228,C0334,P0077,2025-11-22,2,5552,1665.6,9438.4,2135.4,Credit Card,Standard,75,5,Delivered,No Return,3
O03229,C0094,P0193,2025-08-25,2,6231,4237.08,8224.92,-1189.08,UPI,Standard,70,5,Delivered,No Return,5
O03230,C0166,P0174,2026-05-02,6,6201,1860.3,35345.7,8519.7,Cash on Delivery,Standard,48,5,Delivered,No Return,5
O03231,C0397,P0187,2026-04-19,7,7198,1007.72,49378.28,19187.28,Net Banking,Express,105,3,Delivered,No Return,1
O03232,C0271,P0099,2025-12-20,8,2876,460.16,22547.84,5368.84,Debit Card,Standard,75,3,Delivered,No Return,4
O03233,C0362,P0094,2025-09-06,10,2619,5761.8,20428.2,4678.2,UPI,Express,100,2,Delivered,No Return,5
O03234,C0044,P0147,2025-10-20,9,2350,7191.0,13959.0,-4.0,Cash on Delivery,Standard,67,7,Delivered,No Return,2
O03235,C0272,P0079,2025-07-10,2,5618,449.44,10786.56,2130.56,Net Banking,Standard,40,5,Delivered,No Return,4
O03236,C0188,P0037,2025-06-01,1,4335,867.0,3468.0,944.0,Credit Card,Standard,43,3,Delivered,No Return,2
O03237,C0199,P0026,2026-01-23,3,1204,288.96,3323.04,806.04,Net Banking,Standard,51,5,Delivered,No Return,5
O03238,C0125,P0179,2026-02-01,9,7966,5018.58,66675.42,25944.42,Cash on Delivery,Standard,87,6,Cancelled,No Return,4
O03239,C0500,P0083,2025-11-21,7,2213,1858.92,13632.08,4955.08,Cash on Delivery,Standard,67,4,Delivered,No Return,2
O03240,C0080,P0150,2025-11-05,2,203,52.78,353.22,16.22,UPI,Standard,61,7,Cancelled,No Return,5
O03241,C0182,P0117,2026-03-05,6,1146,893.88,5982.12,1847.12,Credit Card,Standard,73,5,Delivered,No Return,5
O03242,C0357,P0044,2025-12-14,6,6666,3599.64,36396.36,11782.36,Debit Card,Standard,74,6,Delivered,No Return,2
O03243,C0460,P0059,2025-08-03,4,7395,1774.8,27805.2,7856.2,Debit Card,Express,137,1,Delivered,No Return,3
O03244,C0164,P0019,2025-11-10,6,7081,5948.04,36537.96,8085.96,Net Banking,Standard,60,4,Delivered,No Return,1
O03245,C0034,P0182,2026-01-07,9,3298,5342.76,24339.239999999998,3478.24,Credit Card,Express,143,2,Delivered,No Return,2
O03246,C0214,P0208,2025-12-03,3,6054,1271.34,16890.66,6427.66,Credit Card,Standard,86,3,Delivered,No Return,2
O03247,C0210,P0219,2025-05-23,9,914,904.86,7321.14,2694.14,Debit Card,Standard,55,3,Delivered,No Return,5
O03248,C0150,P0105,2026-05-12,5,4619,461.9,22633.1,6906.1,Debit Card,Standard,42,3,Delivered,No Return,3
O03249,C0166,P0211,2026-01-11,7,3969,2500.47,25282.53,6702.53,Cash on Delivery,Standard,72,7,Returned,Returned,2
O03250,C0467,P0072,2025-10-22,7,7190,4529.7,45800.3,11237.3,UPI,Standard,53,4,Delivered,No Return,1
O03251,C0344,P0124,2026-03-07,9,7890,5680.8,65329.2,24956.2,Credit Card,Same Day,242,0,Delivered,No Return,5
O03252,C0060,P0033,2026-01-04,2,3673,587.68,6758.32,920.32,Credit Card,Standard,60,6,Returned,Returned,2
O03253,C0088,P0119,2026-01-30,4,2898,463.68,11128.32,2673.32,Net Banking,Standard,83,3,Delivered,No Return,2
O03254,C0045,P0071,2026-05-07,8,1828,2193.6,12430.4,1709.4,Net Banking,Standard,65,6,Delivered,No Return,3
O03255,C0325,P0122,2025-08-15,4,1327,796.2,4511.8,407.8,Debit Card,Standard,68,7,Delivered,No Return,4
O03256,C0413,P0141,2025-08-10,1,7462,149.24,7312.76,2319.76,Debit Card,Standard,65,7,Delivered,No Return,2
O03257,C0414,P0109,2025-11-28,1,819,114.66,704.34,-40.66,UPI,Standard,86,6,Delivered,No Return,2
O03258,C0380,P0207,2025-08-27,6,944,453.12,5210.88,1184.88,Cash on Delivery,Standard,84,6,Delivered,No Return,2
O03259,C0379,P0068,2026-01-15,2,4482,1972.08,6991.92,-89.08,UPI,Standard,75,5,Delivered,No Return,5
O03260,C0312,P0109,2025-12-30,2,819,229.32,1408.68,7.68,UPI,Standard,83,6,Delivered,No Return,2
O03261,C0078,P0121,2025-05-26,5,591,354.6,2600.4,275.4,Debit Card,Standard,90,5,Returned,Returned,2
O03262,C0275,P0134,2025-12-02,8,690,662.4,4857.6,1309.6,Credit Card,Express,148,3,Cancelled,No Return,4
O03263,C0132,P0196,2025-07-15,10,2968,1484.0,28196.0,7331.0,Net Banking,Standard,45,6,Delivered,No Return,1
O03264,C0460,P0027,2026-02-04,10,831,166.2,8143.8,3398.8,Debit Card,Standard,55,7,Delivered,No Return,3
O03265,C0195,P0140,2025-05-29,1,2972,148.6,2823.4,754.4,Credit Card,Standard,51,3,Delivered,No Return,4
O03266,C0434,P0034,2025-09-15,2,5437,1304.88,9569.119999999999,2108.12,UPI,Standard,61,4,Delivered,No Return,2
O03267,C0194,P0074,2025-09-23,6,3946,1894.08,21781.92,5358.92,Credit Card,Same Day,235,1,Delivered,No Return,2
O03268,C0042,P0058,2026-01-01,8,4201,672.16,32935.84,11269.84,Credit Card,Standard,74,5,Delivered,No Return,5
O03269,C0002,P0187,2025-10-08,9,7198,1295.64,63486.36,24726.36,Cash on Delivery,Standard,78,5,Returned,Returned,3
O03270,C0128,P0211,2026-03-12,2,3969,714.42,7223.58,1846.58,Net Banking,Standard,89,5,Delivered,No Return,5
O03271,C0249,P0157,2026-04-18,6,3666,1539.72,20456.28,6861.28,UPI,Standard,59,3,Delivered,No Return,3
O03272,C0353,P0044,2026-02-02,5,6666,2999.7,30330.3,9798.3,Credit Card,Standard,82,3,Delivered,No Return,5
O03273,C0358,P0060,2026-03-01,5,1681,420.25,7984.75,1520.75,Debit Card,Express,119,3,Returned,Returned,3
O03274,C0414,P0194,2026-03-17,2,1650,363.0,2937.0,504.0,UPI,Express,149,2,Delivered,No Return,1
O03275,C0188,P0115,2025-11-29,10,1708,3586.8,13493.2,-518.8,Credit Card,Standard,42,4,Delivered,No Return,5
O03276,C0411,P0152,2025-11-27,2,4983,896.94,9069.06,1982.06,Debit Card,Express,161,2,Delivered,No Return,1
O03277,C0190,P0144,2025-09-22,1,2605,182.35,2422.65,447.65,Cash on Delivery,Standard,82,7,Returned,Returned,2
O03278,C0476,P0089,2026-04-02,10,6139,12891.9,48498.1,3943.1,UPI,Express,165,1,Cancelled,No Return,2
O03279,C0398,P0111,2026-02-16,7,4343,912.03,29488.97,9959.97,Net Banking,Standard,62,3,Returned,Returned,3
O03280,C0477,P0055,2025-11-16,8,2592,1244.16,19491.84,6775.84,UPI,Express,164,3,Delivered,No Return,4
O03281,C0477,P0071,2026-01-27,6,1828,1645.2,9322.8,1158.8,UPI,Express,172,2,Delivered,No Return,5
O03282,C0389,P0043,2025-08-11,7,4925,1723.75,32751.25,5975.25,Debit Card,Standard,71,5,Delivered,No Return,5
O03283,C0195,P0210,2025-07-11,2,3846,769.2,6922.8,1654.8,Credit Card,Standard,90,7,Delivered,No Return,1
O03284,C0212,P0082,2025-12-14,8,1777,1279.44,12936.56,4476.56,Credit Card,Standard,76,7,Cancelled,No Return,4
O03285,C0166,P0215,2025-11-14,9,3517,949.59,30703.41,5849.41,Cash on Delivery,Standard,77,5,Delivered,No Return,2
O03286,C0346,P0198,2025-11-27,10,1662,498.6,16121.4,5669.4,Cash on Delivery,Standard,62,6,Delivered,No Return,2
O03287,C0116,P0098,2026-02-03,8,6571,7359.52,45208.479999999996,12011.48,Debit Card,Standard,77,4,Delivered,No Return,3
O03288,C0326,P0156,2026-04-20,8,6933,2218.56,53245.44,16747.44,Debit Card,Express,170,2,Delivered,No Return,4
O03289,C0174,P0035,2026-02-28,6,1231,517.02,6868.98,908.98,Debit Card,Standard,86,3,Delivered,No Return,3
O03290,C0213,P0191,2025-10-26,6,6416,3849.6,34646.4,8832.4,Net Banking,Express,164,1,Delivered,No Return,2
O03291,C0401,P0196,2025-10-17,8,2968,1187.2,22556.8,5832.8,Net Banking,Standard,68,3,Delivered,No Return,3
O03292,C0164,P0036,2025-07-08,10,7488,10483.2,64396.8,20571.8,Net Banking,Standard,75,3,Delivered,No Return,2
O03293,C0258,P0071,2026-02-21,9,1828,2467.8,13984.2,1933.2,Cash on Delivery,Standard,63,4,Delivered,No Return,5
O03294,C0326,P0145,2025-12-11,1,6549,1964.7,4584.3,716.3,Debit Card,Standard,59,7,Returned,Returned,3
O03295,C0127,P0086,2026-02-21,10,426,255.6,4004.4,1008.4,Cash on Delivery,Same Day,226,0,Delivered,No Return,4
O03296,C0488,P0213,2026-05-13,5,6781,9154.35,24750.65,3932.65,Cash on Delivery,Standard,48,3,Delivered,No Return,5
O03297,C0132,P0155,2025-12-06,4,5188,2282.72,18469.28,6637.28,Net Banking,Standard,52,3,Delivered,No Return,2
O03298,C0455,P0211,2025-06-30,2,3969,714.42,7223.58,1868.58,Credit Card,Standard,67,6,Delivered,No Return,1
O03299,C0143,P0079,2026-04-17,9,5618,2022.48,48539.52,9702.52,Debit Card,Standard,65,5,Delivered,No Return,5
O03300,C0083,P0154,2025-05-30,1,6972,278.88,6693.12,2385.12,Net Banking,Standard,49,6,Delivered,No Return,1
